# Blender 5.1.2
# www.blender.org
mtllib hl_c1a0.mtl
o Object_2
v 17.382725 -1.889427 -11.415286
v 17.382725 -1.070675 -11.415286
v 17.382725 -1.070675 -11.887643
v 17.382725 -1.070675 -12.454471
v 17.382725 -1.070675 -12.926827
v 17.382725 -1.889427 -12.926827
vn -1.0000 -0.0000 -0.0000
vt 7.656250 1.752604
vt 7.343750 1.301215
vt 7.656250 1.301215
vt 6.968750 1.301215
vt 6.656250 1.301215
vt 6.656250 1.752604
s 0
usemtl material_37
f 6/1/1 4/2/1 5/3/1
f 4/2/1 6/1/1 3/4/1
f 3/4/1 6/1/1 2/5/1
f 2/5/1 6/1/1 1/6/1
o Object_3
v 16.847387 -0.551083 -7.730904
v 17.193783 -0.724280 -7.730904
v 17.193783 -0.740025 -7.730904
v 16.831642 -0.566828 -7.730904
v 17.193783 -0.724280 -7.825376
v 17.193783 -0.740025 -7.825376
v 17.193783 -0.740025 -8.187515
v 17.193783 -0.724280 -8.187515
v 16.847387 -0.551083 -8.187515
v 17.193783 -0.724280 -8.187515
v 17.193783 -0.740025 -8.187515
v 16.831642 -0.566828 -8.187515
v 16.831642 -0.566828 -7.825376
v 17.193783 -0.740025 -7.825376
v 17.193783 -0.724280 -7.825376
v 16.847387 -0.551083 -7.825376
v 17.193783 -0.724280 -8.187515
v 16.847387 -0.551083 -8.187515
v 16.847387 -0.551083 -7.825376
v 17.193783 -0.724280 -7.825376
v 16.847387 -0.551083 -8.187515
v 16.831642 -0.566828 -8.187515
v 16.831642 -0.566828 -7.825376
v 16.847387 -0.551083 -7.825376
v 17.193783 -0.724280 -7.368764
v 17.193783 -0.740025 -7.368764
v 17.193783 -0.740025 -7.730904
v 17.193783 -0.724280 -7.730904
v 16.831642 -0.566828 -7.368764
v 17.193783 -0.740025 -7.368764
v 17.193783 -0.724280 -7.368764
v 16.847387 -0.551083 -7.368764
v 16.847387 -0.551083 -7.730904
v 16.831642 -0.566828 -7.730904
v 16.831642 -0.566828 -7.368764
v 16.847387 -0.551083 -7.368764
v 17.193783 -0.724280 -7.730904
v 16.847387 -0.551083 -7.730904
v 16.847387 -0.551083 -7.368764
v 17.193783 -0.724280 -7.368764
vn -0.0000 -0.0000 -1.0000
vn 1.0000 -0.0000 -0.0000
vn -0.0000 -0.0000 1.0000
vn 0.4472 0.8944 -0.0000
vn -0.7071 0.7071 -0.0000
vt 22.270834 2.208333
vt 22.729168 2.437500
vt 22.729168 2.458333
vt 22.250000 2.229167
vt 10.333334 2.458333
vt 10.333334 2.479167
vt 10.812500 2.479167
vt 10.812500 2.458333
vt 22.750000 -9.854167
vt 22.291668 -9.854167
vt 22.291668 -9.375000
vt 22.750000 -9.375000
vt 22.270834 -9.354167
vt 22.250000 -9.354167
vt 22.250000 -8.875000
vt 22.270834 -8.875000
s 0
usemtl material_37_0
f 7/7/2 8/8/2 9/9/2
f 7/7/2 9/9/2 10/10/2
f 11/11/3 12/12/3 13/13/3
f 11/11/3 13/13/3 14/14/3
f 15/7/2 16/8/2 17/9/2
f 15/7/2 17/9/2 18/10/2
f 19/10/4 20/9/4 21/8/4
f 19/10/4 21/8/4 22/7/4
s 1
f 23/15/5 24/16/5 25/17/5
f 23/15/5 25/17/5 26/18/5
s 0
f 27/19/6 28/20/6 29/21/6
f 27/19/6 29/21/6 30/22/6
f 31/11/3 32/12/3 33/13/3
f 31/11/3 33/13/3 34/14/3
f 35/10/4 36/9/4 37/8/4
f 35/10/4 37/8/4 38/7/4
f 39/19/6 40/20/6 41/21/6
f 39/19/6 41/21/6 42/22/6
s 1
f 43/15/5 44/16/5 45/17/5
f 43/15/5 45/17/5 46/18/5
o Object_4
v 17.193783 -0.740025 -7.825376
v 16.831642 -0.566828 -7.825376
v 16.831642 -0.566828 -8.187515
v 17.193783 -0.740025 -8.187515
v 17.193783 -0.740025 -7.368764
v 16.831642 -0.566828 -7.368764
v 16.831642 -0.566828 -7.730904
v 17.193783 -0.740025 -7.730904
vn -0.4315 -0.9021 -0.0000
vt 20.000000 46.000000
vt 20.000000 45.041668
vt 20.958334 45.041668
vt 20.958334 46.000000
s 1
usemtl material_37_1
f 47/23/7 48/24/7 49/25/7
f 47/23/7 49/25/7 50/26/7
f 51/23/7 52/24/7 53/25/7
f 51/23/7 53/25/7 54/26/7
o Object_5
v 26.924330 -7.305783 -10.013962
v 26.184305 -7.305783 -10.580790
v 26.184305 -5.794242 -9.746293
v 25.444279 -7.305783 -10.013962
v 26.924330 -7.305783 -10.013962
v 26.184305 -5.794242 -9.746293
v 26.656662 -7.305783 -9.069248
v 25.711948 -7.305783 -9.069248
v 25.444279 -7.305783 -10.013962
v 26.656662 -7.305783 -9.069248
v 25.711948 -7.305783 -9.069248
v 26.924330 -7.305783 -10.013962
v 26.656662 -7.305783 -9.069248
v 25.711948 -7.305783 -9.069248
v 25.444279 -7.305783 -10.013962
v 26.184305 -7.305783 -10.580790
v 26.184305 -7.305783 -10.580790
v 26.184305 -5.794242 -9.746293
v 26.184305 -5.794242 -9.746293
v 26.184305 -5.794242 -9.746293
vn 0.5569 0.4014 -0.7271
vn -0.5569 0.4014 -0.7271
vn 0.8862 0.3894 0.2511
vn -0.8862 0.3894 0.2511
vn -0.0000 0.4088 0.9126
vn -0.0000 -1.0000 -0.0000
vt 21.375000 6.010417
vt 20.787500 6.010417
vt 20.787500 5.010417
vt 20.200001 6.010417
vt 7.950000 6.010417
vt 7.737500 5.010417
vt 7.200000 6.010417
vt 21.162500 6.010417
vt 20.412500 6.010417
vt 20.200001 -5.447917
vt 21.162500 -4.822917
vt 20.412500 -4.822917
vt 21.375000 -5.447917
vt 20.787500 -5.822917
s 0
usemtl material_37_2
f 55/27/8 56/28/8 57/29/8
f 71/28/9 58/30/9 72/29/9
s 1
f 59/31/10 60/32/10 61/33/10
f 62/33/11 73/32/11 63/31/11
f 64/34/12 74/29/12 65/35/12
s 0
f 69/36/13 67/37/13 68/38/13
s 1
f 67/37/13 69/36/13 66/39/13
s 0
f 66/39/13 69/36/13 70/40/13
o Object_6
v 34.403313 2.991592 -11.131872
v 34.419056 2.991592 -11.131872
v 34.419056 2.991592 -11.635719
v 34.403313 2.991592 -11.635719
v 34.403313 -0.535338 -11.635719
v 34.403313 2.991592 -11.635719
v 34.419056 2.991592 -11.635719
v 34.419056 -0.535338 -11.635719
v 34.403313 -4.062267 -11.635719
v 34.419056 -4.062267 -11.635719
v 34.419056 -4.755057 -11.635719
v 34.403313 -4.755057 -11.635719
v 34.403313 2.991592 -11.131872
v 34.403313 -0.535338 -11.131872
v 34.419056 -0.535338 -11.131872
v 34.419056 2.991592 -11.131872
v 34.403313 -4.062267 -11.131872
v 34.419056 -4.062267 -11.131872
v 34.403313 -4.755057 -11.131872
v 34.419056 -4.755057 -11.131872
v 34.403313 -0.535338 -11.131872
v 34.403313 2.991592 -11.131872
v 34.403313 2.991592 -11.635719
v 34.403313 -0.535338 -11.635719
v 34.403313 -4.062267 -11.131872
v 34.403313 -4.062267 -11.635719
v 34.403313 -4.755057 -11.635719
v 34.403313 -4.755057 -11.131872
v 34.419056 -0.535338 -11.635719
v 34.419056 2.991592 -11.635719
v 34.419056 2.991592 -11.131872
v 34.419056 -0.535338 -11.131872
v 34.419056 -4.062267 -11.635719
v 34.419056 -4.062267 -11.131872
v 34.419056 -4.755057 -11.131872
v 34.419056 -4.755057 -11.635719
vn -0.0000 1.0000 -0.0000
vn -0.0000 -0.0000 -1.0000
vn -0.0000 -0.0000 1.0000
vn -1.0000 -0.0000 -0.0000
vn 1.0000 -0.0000 -0.0000
vt 22.000000 68.718750
vt 22.000000 68.750000
vt 23.000000 68.750000
vt 23.000000 68.718750
vt 68.031250 1.562500
vt 68.031250 -5.437500
vt 68.062500 -5.437500
vt 68.062500 1.562500
vt 68.031250 8.562500
vt 68.062500 8.562500
vt 68.062500 9.937500
vt 68.031250 9.937500
vt 22.000000 1.562500
vt 22.000000 -5.437500
vt 23.000000 -5.437500
vt 23.000000 1.562500
vt 22.000000 8.562500
vt 23.000000 8.562500
vt 23.000000 9.937500
vt 22.000000 9.937500
vt 22.687500 2.062500
vt 22.687500 -4.937500
vt 21.687500 -4.937500
vt 21.687500 2.062500
vt 22.687500 9.062500
vt 21.687500 9.062500
vt 21.687500 10.437500
vt 22.687500 10.437500
s 0
usemtl material_37_3
f 75/41/14 76/42/14 77/43/14
f 75/41/14 77/43/14 78/44/14
f 79/45/15 80/46/15 81/47/15
f 79/45/15 81/47/15 82/48/15
f 83/49/15 79/45/15 82/48/15
f 83/49/15 82/48/15 84/50/15
f 83/49/15 84/50/15 85/51/15
f 83/49/15 85/51/15 86/52/15
f 87/46/16 88/45/16 89/48/16
f 87/46/16 89/48/16 90/47/16
f 88/45/16 91/49/16 92/50/16
f 88/45/16 92/50/16 89/48/16
f 91/49/16 93/52/16 94/51/16
f 91/49/16 94/51/16 92/50/16
f 95/53/17 96/54/17 97/55/17
f 95/53/17 97/55/17 98/56/17
f 99/57/17 95/53/17 98/56/17
f 99/57/17 98/56/17 100/58/17
f 99/57/17 100/58/17 101/59/17
f 99/57/17 101/59/17 102/60/17
f 103/61/18 104/62/18 105/63/18
f 103/61/18 105/63/18 106/64/18
f 107/65/18 103/61/18 106/64/18
f 107/65/18 106/64/18 108/66/18
f 107/65/18 108/66/18 109/67/18
f 107/65/18 109/67/18 110/68/18
o Object_7
v 28.750776 4.660586 -8.817325
v 28.971210 4.660586 -8.817325
v 28.971210 4.660586 -8.439440
v 28.750776 4.660586 -8.219007
v 27.459667 4.660586 -12.470217
v 28.971210 4.660586 -10.958675
v 23.428890 4.660586 -8.817325
v 23.428890 4.660586 -10.958675
v 24.940434 4.660586 -12.470217
v 27.207745 4.015032 -9.825019
v 26.908585 4.015032 -10.486319
v 26.200050 4.015032 -10.769732
v 25.491516 4.015032 -10.486319
v 25.192356 4.015032 -9.825019
v 25.491516 4.015032 -9.163719
v 26.200050 4.015032 -8.880305
v 26.908585 4.015032 -9.163719
v 26.908585 1.826446 -10.486319
v 27.207745 1.826446 -9.825019
v 26.908585 1.826446 -9.163719
v 26.200050 1.826446 -8.880305
v 25.491516 1.826446 -9.163719
v 25.192356 1.826446 -9.825019
v 25.491516 1.826446 -10.486319
v 26.200050 1.826446 -10.769732
v 27.459667 4.660586 -6.927898
v 24.940434 4.660586 -6.927898
v 23.428890 4.660586 -8.439440
vn -0.0000 -1.0000 -0.0000
vn -0.0000 1.0000 -0.0000
vt 3.835417 -0.391667
vt 3.864584 -0.391667
vt 3.864584 -0.341667
vt 3.835417 -0.312500
vt 3.131250 -0.675000
vt 3.131250 -0.391667
vt 3.864584 -0.675000
vt 3.331250 -0.875000
vt 3.664584 -0.875000
vt 10.768750 -2.243750
vt 10.206250 -2.243750
vt 10.487500 -2.131250
vt 10.887500 -2.506250
vt 10.087501 -2.506250
vt 10.768750 -2.768750
vt 10.206250 -2.768750
vt 10.487500 -2.881250
vt 3.131250 -0.341667
vt 3.664584 -0.141667
vt 3.331250 -0.141667
s 0
usemtl material_37_4
f 111/69/19 112/70/19 113/71/19
f 111/69/19 113/71/19 114/72/19
f 118/73/19 111/69/19 117/74/19
f 111/69/19 118/73/19 112/70/19
f 112/70/19 118/73/19 116/75/19
f 116/75/19 118/73/19 119/76/19
f 116/75/19 119/76/19 115/77/19
f 127/78/20 125/79/20 126/80/20
f 125/79/20 127/78/20 120/81/20
f 125/79/20 120/81/20 124/82/20
f 124/82/20 120/81/20 121/83/20
f 124/82/20 121/83/20 123/84/20
f 123/84/20 121/83/20 122/85/20
f 132/79/19 130/78/19 131/80/19
f 130/78/19 132/79/19 133/82/19
f 130/78/19 133/82/19 129/81/19
f 129/81/19 133/82/19 134/84/19
f 129/81/19 134/84/19 128/83/19
f 128/83/19 134/84/19 135/85/19
f 138/86/19 136/87/19 137/88/19
f 136/87/19 138/86/19 114/72/19
f 114/72/19 138/86/19 111/69/19
f 111/69/19 138/86/19 117/74/19
o Object_8
v 28.793446 -5.668280 -15.997147
v 27.207745 -5.668280 -15.997147
v 27.207745 -5.668280 -13.981758
v 27.963516 -5.668280 -13.981758
v 30.482750 -5.668280 -10.958675
v 27.207745 -5.668280 -10.958675
v 27.207745 -5.668280 -9.825019
v 30.482750 -5.668280 -9.825019
v 27.176254 -5.668280 -13.981758
v 26.326012 -5.668280 -13.981758
v 26.326012 -5.668280 -10.958675
v 27.176254 -5.668280 -10.958675
v 30.482750 -5.668280 -11.462523
v 32.498138 -5.668280 -12.292453
v 30.482750 -5.668280 -9.825019
v 32.498138 -5.668280 -9.825019
v 30.482750 -5.668280 -10.958675
v 30.482750 -5.668280 -11.462523
v 27.963516 -5.668280 -13.981758
vn -0.0000 1.0000 -0.0000
vt 4.428932 -1.020833
vt 4.166667 -1.020833
vt 4.166667 -0.687500
vt 4.291667 -0.687500
vt 4.708333 -0.187500
vt 4.166667 -0.187500
vt 4.166667 0.000000
vt 4.708333 0.000000
vt 4.161458 -0.687500
vt 4.020833 -0.687500
vt 4.020833 -0.187500
vt 4.161458 -0.187500
vt 4.708333 -0.270833
vt 5.026042 -0.408099
vt 4.692708 0.000000
vt 5.026042 0.000000
vt 4.692708 -0.187500
vt 4.692708 -0.270833
s 0
usemtl material_37_5
f 139/89/21 140/90/21 141/91/21
f 139/89/21 141/91/21 142/92/21
f 143/93/21 144/94/21 145/95/21
f 143/93/21 145/95/21 146/96/21
f 147/97/21 148/98/21 149/99/21
f 147/97/21 149/99/21 150/100/21
f 151/101/21 144/94/21 143/93/21
f 144/94/21 151/101/21 150/100/21
f 150/100/21 151/101/21 147/97/21
f 147/97/21 151/101/21 157/92/21
f 152/102/21 153/103/21 154/104/21
f 153/103/21 152/102/21 155/105/21
f 155/105/21 152/102/21 156/106/21
o Object_9
v 30.482750 -5.668280 -8.817325
v 27.207745 -5.668280 -8.817325
v 27.207745 -5.668280 -8.565401
v 30.482750 -5.668280 -8.565401
v 26.703897 -5.668280 -3.778853
v 28.637724 -5.668280 -3.778853
v 27.963516 -5.668280 -5.416357
v 26.703897 -5.668280 -5.416357
v 32.498138 -5.668280 -9.825019
v 32.498138 -5.668280 -8.817325
v 27.207745 -5.668280 -9.825019
v 30.482750 -5.668280 -7.935592
v 32.498138 -5.668280 -7.105661
v 26.703897 -5.668280 -8.565401
v 26.326012 -5.668280 -3.778853
v 26.326012 -5.668280 -5.416357
v 26.326012 -5.668280 -8.565401
vn -0.0000 1.0000 -0.0000
vt 4.692708 0.166667
vt 4.151042 0.166667
vt 4.151042 0.208333
vt 4.692708 0.208333
vt 4.067708 1.000000
vt 4.387552 1.000000
vt 4.276042 0.729167
vt 4.067708 0.729167
vt 5.026042 0.000000
vt 5.026042 0.166667
vt 4.151042 0.000000
vt 4.692708 0.312500
vt 5.026042 0.449766
vt 4.067708 0.208333
vt 4.005208 1.000000
vt 4.005208 0.729167
vt 4.005208 0.208333
s 0
usemtl material_37_6
f 158/107/22 159/108/22 160/109/22
f 158/107/22 160/109/22 161/110/22
f 162/111/22 163/112/22 164/113/22
f 162/111/22 164/113/22 165/114/22
f 166/115/22 158/107/22 167/116/22
f 158/107/22 166/115/22 159/108/22
f 159/108/22 166/115/22 168/117/22
f 167/116/22 169/118/22 170/119/22
f 169/118/22 167/116/22 161/110/22
f 161/110/22 167/116/22 158/107/22
f 169/118/22 165/114/22 164/113/22
f 165/114/22 169/118/22 171/120/22
f 171/120/22 169/118/22 161/110/22
f 165/114/22 172/121/22 162/111/22
f 172/121/22 165/114/22 173/122/22
f 173/122/22 165/114/22 171/120/22
f 173/122/22 171/120/22 174/123/22
o Object_10
v 27.176254 -5.652535 -11.224139
v 27.176254 -5.164433 -11.224139
v 27.443922 -5.164433 -11.068892
v 27.443922 -5.652535 -11.068892
v 27.566229 -5.652535 -8.817325
v 27.900534 -5.652535 -9.462879
v 27.900534 -5.164433 -9.462879
v 27.566229 -5.164433 -8.817325
v 27.443922 -5.652535 -11.068892
v 27.443922 -5.164433 -11.068892
v 27.900534 -5.164433 -10.187159
v 27.900534 -5.652535 -10.187159
v 26.908585 -5.652535 -10.533554
v 26.908585 -5.164433 -10.533554
v 26.467720 -5.164433 -10.801223
v 26.467720 -5.652535 -10.801223
v 27.176254 -5.652535 -10.092688
v 27.176254 -5.164433 -10.092688
v 26.908585 -5.164433 -10.533554
v 26.908585 -5.652535 -10.533554
v 26.656662 -5.652535 -11.525503
v 26.656662 -5.164433 -11.525503
v 25.932381 -5.652535 -10.801223
v 25.932381 -5.164433 -10.801223
v 25.491516 -5.164433 -10.533554
v 25.491516 -5.652535 -10.533554
v 24.961216 -5.652535 -11.071568
v 24.961216 -5.164433 -11.071568
v 25.759184 -5.164433 -11.494013
v 25.759184 -5.652535 -11.494013
v 26.467720 -5.652535 -8.848815
v 26.467720 -5.164433 -8.848815
v 26.908585 -5.164433 -9.116484
v 26.908585 -5.652535 -9.116484
v 26.908585 -5.652535 -9.116484
v 26.908585 -5.164433 -9.116484
v 27.176254 -5.164433 -9.557350
v 27.176254 -5.652535 -9.557350
v 25.491516 -5.652535 -9.116484
v 25.491516 -5.164433 -9.116484
v 25.932381 -5.164433 -8.848815
v 25.932381 -5.652535 -8.848815
v 17.729120 -1.637503 -9.950981
v 17.729120 -1.637503 -11.210598
v 17.634649 -1.637503 -11.210598
v 17.634649 -1.637503 -9.950981
v 17.792101 -1.637503 -9.950981
v 17.886574 -1.637503 -9.950981
v 17.886574 -1.637503 -11.210598
v 17.792101 -1.637503 -11.210598
v 17.792101 -1.637503 -8.817325
v 17.886574 -1.637503 -8.817325
v 17.886574 -1.637503 -9.447134
v 17.792101 -1.637503 -9.447134
v 17.729120 -1.637503 -8.817325
v 17.729120 -1.637503 -9.447134
v 17.634649 -1.637503 -9.447134
v 17.634649 -1.637503 -8.817325
v 17.886574 -1.007694 -11.210598
v 17.792101 -1.007694 -11.210598
v 17.792101 -1.637503 -11.210598
v 17.886574 -1.637503 -11.210598
v 17.729120 -1.007694 -11.210598
v 17.634649 -1.007694 -11.210598
v 17.634649 -1.637503 -11.210598
v 17.729120 -1.637503 -11.210598
v 17.729120 -1.007694 -11.210598
v 17.729120 -1.007694 -9.950981
v 17.634649 -1.007694 -9.950981
v 17.634649 -1.007694 -11.210598
v 17.792101 -1.007694 -11.210598
v 17.886574 -1.007694 -11.210598
v 17.886574 -1.007694 -9.950981
v 17.792101 -1.007694 -9.950981
v 17.792101 -1.007694 -8.817325
v 17.792101 -1.007694 -9.447134
v 17.886574 -1.007694 -9.447134
v 17.886574 -1.007694 -8.817325
v 17.729120 -1.007694 -9.447134
v 17.729120 -1.007694 -8.817325
v 17.634649 -1.007694 -8.817325
v 17.634649 -1.007694 -9.447134
v 17.729120 -1.007694 -9.447134
v 17.792101 -1.007694 -9.447134
v 17.792101 -1.637503 -9.447134
v 17.729120 -1.637503 -9.447134
v 27.443922 -5.164433 -8.581146
v 27.443922 -5.652535 -8.581146
v 26.703897 -5.652535 -8.189368
v 27.443922 -5.652535 -8.581146
v 27.443922 -5.164433 -8.581146
v 26.703897 -5.164433 -8.189368
v 17.792101 -1.637503 -8.187515
v 17.886574 -1.637503 -8.187515
v 17.886574 -1.007694 -8.187515
v 17.792101 -1.007694 -8.187515
v 17.792101 -1.007694 -8.187515
v 17.886574 -1.007694 -8.187515
v 17.886574 -1.637503 -8.187515
v 17.792101 -1.637503 -8.187515
v 17.729120 -1.637503 -8.187515
v 17.634649 -1.637503 -8.187515
v 17.729120 -1.007694 -8.187515
v 17.634649 -1.007694 -8.187515
v 25.743439 -5.652535 -8.124535
v 25.743439 -5.164433 -8.124535
v 24.956179 -5.164433 -8.581146
v 24.956179 -5.652535 -8.581146
v 26.640917 -5.164433 -8.156025
v 26.640917 -5.652535 -8.156025
v 15.115414 -0.566828 -13.100025
v 13.918777 -0.566828 -13.100025
v 13.918777 -0.566828 -13.351949
v 15.115414 -0.566828 -13.351949
v 13.918777 -2.267312 -13.351949
v 13.918777 -0.566828 -13.351949
v 13.918777 -0.566828 -13.100025
v 13.918777 -2.267312 -13.100025
v 15.115414 -2.267312 -13.100025
v 15.115414 -0.566828 -13.100025
v 15.115414 -0.566828 -13.351949
v 15.115414 -2.267312 -13.351949
v 15.115414 -2.267312 -5.668280
v 15.115414 -0.566828 -5.668280
v 15.115414 -0.566828 -5.920204
v 15.115414 -2.267312 -5.920204
v 15.115414 -0.566828 -5.668280
v 13.918777 -0.566828 -5.668280
v 13.918777 -0.566828 -5.920204
v 15.115414 -0.566828 -5.920204
v 13.918777 -2.267312 -5.920204
v 13.918777 -0.566828 -5.920204
v 13.918777 -0.566828 -5.668280
v 13.918777 -2.267312 -5.668280
v 17.729120 -1.007694 -8.187515
v 17.634649 -1.259618 -8.187515
v 17.634649 -1.007694 -8.187515
v 17.634649 -1.637503 -8.187515
v 17.729120 -1.637503 -8.187515
v 17.886574 -1.637503 -9.950981
v 17.634649 -1.637503 -9.950981
v 17.886574 -1.007694 -9.950981
v 17.634649 -1.007694 -9.950981
vn 0.5017 -0.0000 -0.8650
vn 0.7687 -0.0000 -0.6397
vn 0.8516 -0.0000 -0.5242
vn 0.8880 -0.0000 0.4599
vn 0.8516 -0.0000 -0.5241
vn 0.7688 -0.0000 -0.6395
vn 0.8880 -0.0000 -0.4599
vn -0.6473 -0.0000 0.7623
vn -0.7621 -0.0000 0.6474
vn -0.5190 -0.0000 0.8548
vn -0.8548 -0.0000 0.5190
vn -0.7623 -0.0000 0.6473
vn -0.6474 -0.0000 0.7621
vn 0.5190 -0.0000 0.8548
vn -0.4679 -0.0000 -0.8838
vn -0.5190 -0.0000 -0.8548
vn -0.6473 -0.0000 -0.7623
vn -0.7621 -0.0000 -0.6474
vn -0.7623 -0.0000 -0.6473
vn -0.6474 -0.0000 -0.7621
vn -0.8548 -0.0000 -0.5190
vn 0.5190 -0.0000 -0.8548
vn -0.0000 1.0000 -0.0000
vn -0.0000 -0.0000 1.0000
vn -0.0000 -1.0000 -0.0000
vn -0.0000 -0.0000 -1.0000
vn 0.8880 -0.0000 0.4598
vn 0.5887 -0.0000 0.8084
vn 0.4679 -0.0000 0.8838
vn 0.5886 -0.0000 0.8084
vn -0.5017 -0.0000 0.8650
vn 1.0000 -0.0000 -0.0000
vn -1.0000 -0.0000 -0.0000
vt 21.337500 22.937500
vt 21.337500 21.000000
vt 21.550001 21.000000
vt 21.550001 22.937500
vt 7.737500 22.937500
vt 8.250000 22.937500
vt 8.250000 21.000000
vt 7.737500 21.000000
vt 8.325000 22.937500
vt 8.325000 21.000000
vt 7.625000 21.000000
vt 7.625000 22.937500
vt 21.125000 22.937500
vt 21.125000 21.000000
vt 20.775000 21.000000
vt 20.775000 22.937500
vt 7.550000 22.937500
vt 7.550000 21.000000
vt 7.900000 21.000000
vt 7.900000 22.937500
vt 20.925001 22.937500
vt 20.925001 21.000000
vt 20.350000 22.937500
vt 20.350000 21.000000
vt 20.000000 21.000000
vt 20.000000 22.937500
vt 19.579000 22.937500
vt 19.579000 21.000000
vt 20.212500 21.000000
vt 20.212500 22.937500
vt 7.975000 22.937500
vt 7.975000 21.000000
vt 7.750000 71.250000
vt 8.750000 71.250000
vt 8.750000 70.875000
vt 7.750000 70.875000
vt 7.750000 71.500000
vt 7.750000 71.875000
vt 8.750000 71.875000
vt 8.750000 71.500000
vt 6.850000 71.500000
vt 6.850000 71.875000
vt 7.350000 71.875000
vt 7.350000 71.500000
vt 6.850000 71.250000
vt 7.350000 71.250000
vt 7.350000 70.875000
vt 6.850000 70.875000
vt -0.950000 71.875000
vt -0.950000 71.500000
vt -1.450000 71.500000
vt -1.450000 71.875000
vt -0.950000 71.250000
vt -0.950000 70.875000
vt -1.450000 70.875000
vt -1.450000 71.250000
vt 0.050000 71.250000
vt 0.050000 71.500000
vt -0.450000 71.500000
vt -0.450000 71.250000
vt 20.962500 22.937500
vt 20.962500 21.000000
vt 6.350000 71.500000
vt 6.350000 71.875000
vt 6.350000 71.250000
vt 6.350000 70.875000
vt 20.200001 22.937500
vt 20.200001 21.000000
vt 19.575001 21.000000
vt 19.575001 22.937500
vt 20.912500 21.000000
vt 20.912500 22.937500
vt 11.725000 -50.062500
vt 10.775001 -50.062500
vt 10.775001 -51.062500
vt 11.725000 -51.062500
vt -2.075000 53.937500
vt -0.725000 53.937500
vt -0.725000 52.937500
vt -2.075000 52.937500
vt -2.050000 22.937500
vt -0.700000 22.937500
vt -0.700000 23.937500
vt -2.050000 23.937500
vt 11.750000 -21.062500
vt 10.800000 -21.062500
vt 10.800000 -22.062500
vt 11.750000 -22.062500
vt -1.150000 70.875000
s 1
usemtl material_37_7
f 175/124/23 176/125/23 177/126/24
f 175/124/23 177/126/24 178/127/25
s 0
f 179/128/26 180/129/26 181/130/26
f 179/128/26 181/130/26 182/131/26
s 1
f 183/132/27 184/133/28 185/134/29
f 183/132/27 185/134/29 186/135/29
f 187/136/30 188/137/31 189/138/32
f 187/136/30 189/138/32 190/139/32
f 191/140/33 192/141/33 193/142/34
f 191/140/33 193/142/34 194/143/35
f 175/124/23 195/144/23 196/145/23
s 0
f 175/124/23 196/145/23 176/125/23
f 197/146/36 198/147/36 199/148/36
f 197/146/36 199/148/36 200/149/36
s 1
f 201/150/37 202/151/37 203/152/37
s 0
f 201/150/37 203/152/37 204/153/37
s 1
f 205/139/38 206/138/38 207/137/39
f 205/139/38 207/137/39 208/136/40
f 209/154/41 210/155/42 211/133/43
f 209/154/41 211/133/43 212/132/43
s 0
f 213/149/44 214/148/44 215/147/44
f 213/149/44 215/147/44 216/146/44
f 217/156/45 218/157/45 219/158/45
f 217/156/45 219/158/45 220/159/45
f 221/160/45 222/161/45 223/162/45
f 221/160/45 223/162/45 224/163/45
f 225/164/45 226/165/45 227/166/45
f 225/164/45 227/166/45 228/167/45
f 229/168/45 230/169/45 231/170/45
f 229/168/45 231/170/45 232/171/45
f 233/172/46 234/173/46 235/174/46
f 233/172/46 235/174/46 236/175/46
f 237/176/46 238/177/46 239/178/46
f 237/176/46 239/178/46 240/179/46
f 241/157/47 242/156/47 243/159/47
f 241/157/47 243/159/47 244/158/47
f 245/163/47 246/162/47 247/161/47
f 245/163/47 247/161/47 248/160/47
f 249/164/47 250/167/47 251/166/47
f 249/164/47 251/166/47 252/165/47
f 253/169/47 254/168/47 255/171/47
f 253/169/47 255/171/47 256/170/47
f 257/180/48 258/181/48 259/182/48
f 257/180/48 259/182/48 260/183/48
s 1
f 179/128/26 182/131/49 261/141/50
f 179/128/26 261/141/50 262/140/50
f 263/184/51 264/127/52 265/126/52
f 263/184/51 265/126/52 266/185/51
s 0
f 225/164/45 267/186/45 268/187/45
f 225/164/45 268/187/45 226/165/45
f 249/164/47 252/165/47 269/187/47
f 249/164/47 269/187/47 270/186/47
f 271/173/48 272/172/48 273/175/48
f 271/173/48 273/175/48 274/174/48
f 275/188/45 229/168/45 232/171/45
f 275/188/45 232/171/45 276/189/45
f 254/168/47 277/188/47 278/189/47
f 254/168/47 278/189/47 255/171/47
f 279/190/53 280/191/53 281/192/53
f 279/190/53 281/192/53 282/193/53
f 263/184/51 266/185/51 283/194/51
f 263/184/51 283/194/51 284/195/51
f 285/196/47 286/197/47 287/198/47
f 285/196/47 287/198/47 288/199/47
f 289/200/54 290/201/54 291/202/54
f 289/200/54 291/202/54 292/203/54
f 293/203/55 294/202/55 295/201/55
f 293/203/55 295/201/55 296/200/55
f 297/204/55 298/205/55 299/206/55
f 297/204/55 299/206/55 300/207/55
f 301/208/47 302/209/47 303/210/47
f 301/208/47 303/210/47 304/211/47
f 305/207/54 306/206/54 307/205/54
f 305/207/54 307/205/54 308/204/54
f 314/161/45 228/167/45 227/166/45
f 228/167/45 314/161/45 230/169/45
f 230/169/45 314/161/45 231/170/45
f 231/170/45 314/161/45 315/159/45
f 317/159/47 253/169/47 256/170/47
f 253/169/47 317/159/47 250/167/47
f 250/167/47 317/159/47 251/166/47
f 251/166/47 317/159/47 316/161/47
f 309/176/48 310/212/48 311/177/48
f 310/212/48 309/176/48 312/178/48
f 312/178/48 309/176/48 313/179/48
o Object_11
v 33.442852 -4.770802 -14.154955
v 32.529629 -4.770802 -14.154955
v 30.640203 -4.770802 -16.044382
v 30.640203 -4.770802 -16.957605
v 32.529629 -3.149045 -14.154955
v 32.529629 -4.770802 -14.154955
v 33.442852 -4.770802 -14.154955
v 33.442852 -3.149045 -14.154955
v 30.640203 -3.149045 -16.957605
v 30.640203 -4.770802 -16.957605
v 30.640203 -4.770802 -16.044382
v 30.640203 -3.149045 -16.044382
v 33.442852 -3.149045 -14.154955
v 33.442852 -4.770802 -14.154955
v 30.640203 -4.770802 -16.957605
v 30.640203 -3.149045 -16.957605
v 30.640203 -3.149045 -16.044382
v 30.640203 -4.770802 -16.044382
v 32.529629 -4.770802 -14.154955
v 32.529629 -3.149045 -14.154955
v 20.673477 -3.149045 -4.424407
v 20.673477 -5.400611 -4.424407
v 19.760254 -5.400611 -4.424407
v 19.760254 -3.149045 -4.424407
v 22.405451 -3.149045 -1.779210
v 22.405451 -5.400611 -1.779210
v 22.405451 -5.400611 -2.692433
v 22.405451 -3.149045 -2.692433
v 22.405451 -5.400611 -2.692433
v 22.405451 -5.400611 -1.779210
v 19.760254 -5.400611 -4.424407
v 20.673477 -5.400611 -4.424407
v 19.760254 -3.149045 -4.424407
v 19.760254 -5.400611 -4.424407
v 22.405451 -5.400611 -1.779210
v 22.405451 -3.149045 -1.779210
v 22.405451 -3.149045 -2.692433
v 22.405451 -5.400611 -2.692433
v 20.673477 -5.400611 -4.424407
v 20.673477 -3.149045 -4.424407
vn -0.0000 -1.0000 -0.0000
vn -0.4532 -0.0000 0.8914
vn -0.6273 -0.0000 0.7788
vn -0.0000 -0.0000 1.0000
vn -1.0000 -0.0000 -0.0000
vn -0.8914 -0.0000 0.4532
vn -0.7788 -0.0000 0.6273
vn 0.7071 -0.0000 -0.7071
vn -0.7788 -0.0000 0.6272
vn -0.8914 -0.0000 0.4533
vn -0.6272 -0.0000 0.7788
vn -0.4533 -0.0000 0.8914
vn 0.4376 -0.0000 -0.8992
vn 0.6206 -0.0000 -0.7841
vn -0.0000 -0.0000 -1.0000
vn 1.0000 -0.0000 -0.0000
vn 0.8992 -0.0000 -0.4376
vn 0.7841 -0.0000 -0.6206
vn -0.7071 -0.0000 0.7071
vn 0.8991 -0.0000 -0.4377
vn 0.4377 -0.0000 -0.8991
vt 15.914063 -5.750000
vt 15.460938 -5.750000
vt 14.523438 -6.583333
vt 14.523438 -6.986111
vt 15.460938 1.888889
vt 15.460938 2.604167
vt 15.914063 2.604167
vt 15.914063 1.888889
vt 7.742188 1.888889
vt 7.742188 2.604167
vt 7.289063 2.604167
vt 7.289063 1.888889
vt 6.343750 1.888889
vt 6.343750 2.604167
vt 7.734375 2.604167
vt 7.734375 1.888889
vt 7.281250 1.888889
vt 7.281250 2.604167
vt 10.382813 1.888889
vt 10.382813 2.881944
vt 9.929688 2.881944
vt 9.929688 1.888889
vt 0.906250 1.888889
vt 0.906250 2.881944
vt 1.359375 2.881944
vt 1.359375 1.888889
vt 11.109375 -0.680556
vt 11.109375 -0.277778
vt 9.796875 -1.444444
vt 10.250000 -1.444444
vt 2.187500 1.888889
vt 2.187500 2.881944
vt 0.875000 2.881944
vt 0.875000 1.888889
vt 1.070313 1.888889
vt 1.070313 2.881944
vt 1.929688 2.881944
vt 1.929688 1.888889
s 0
usemtl material_37_8
f 318/213/56 319/214/56 320/215/56
f 318/213/56 320/215/56 321/216/56
s 1
f 322/217/57 323/218/58 324/219/59
f 322/217/57 324/219/59 325/220/59
f 326/221/60 327/222/60 328/223/61
f 326/221/60 328/223/61 329/224/62
s 0
f 330/225/63 331/226/63 332/227/63
f 330/225/63 332/227/63 333/228/63
s 1
f 334/229/64 335/230/65 336/226/66
f 334/229/64 336/226/66 337/225/67
f 338/231/68 339/232/69 340/233/70
f 338/231/68 340/233/70 341/234/70
f 342/235/71 343/236/71 344/237/72
f 342/235/71 344/237/72 345/238/73
s 0
f 346/239/56 347/240/56 348/241/56
f 346/239/56 348/241/56 349/242/56
f 350/243/74 351/244/74 352/245/74
f 350/243/74 352/245/74 353/246/74
s 1
f 354/247/73 355/248/75 356/249/69
f 354/247/73 356/249/69 357/250/76
o Object_12
v 30.640203 -3.149045 -16.957605
v 30.640203 -3.149045 -16.044382
v 32.529629 -3.149045 -14.154955
v 33.442852 -3.149045 -14.154955
v 34.513527 -4.786548 -13.100025
v 29.601019 -4.786548 -18.012535
v 28.798012 -4.786548 -15.997147
v 32.498138 -4.786548 -12.297019
v 27.176254 -4.786548 -18.012535
v 27.176254 -4.786548 -15.997147
v 27.207745 -4.786548 -15.997147
v 28.793446 -4.786548 -15.997147
v 34.513527 -4.786548 -8.817325
v 32.498138 -4.786548 -12.292453
v 32.498138 -4.786548 -8.817325
v 22.767591 -4.786548 -18.012535
v 23.602089 -4.786548 -15.997147
v 23.606655 -4.786548 -15.997147
v 25.192356 -4.786548 -15.997147
v 34.513527 -4.786548 -6.266599
v 32.498138 -4.786548 -7.105661
v 32.498138 -4.786548 -7.101095
vn -0.0000 1.0000 -0.0000
vt 14.343750 -5.976563
vt 14.343750 -5.523438
vt 15.281250 -4.585938
vt 15.734375 -4.585938
vt 16.265625 -4.062500
vt 13.828125 -6.500000
vt 13.429688 -5.500000
vt 15.265625 -3.664063
vt 13.427422 -5.500000
vt 12.640625 -5.500000
vt 12.625000 -5.500000
vt 12.625000 -6.500000
vt 15.265625 -1.937500
vt 16.265625 -1.937500
vt 15.265625 -3.661797
vt 11.640625 -5.500000
vt 10.853828 -5.500000
vt 10.851563 -5.500000
vt 10.437500 -6.500000
vt 15.265625 -1.085938
vt 16.265625 -0.671875
vt 15.265625 -1.088203
s 0
usemtl material_37_9
f 358/251/77 359/252/77 360/253/77
f 358/251/77 360/253/77 361/254/77
f 362/255/77 363/256/77 364/257/77
f 362/255/77 364/257/77 365/258/77
f 363/256/77 369/259/77 364/257/77
f 369/259/77 363/256/77 368/260/77
f 368/260/77 363/256/77 367/261/77
f 367/261/77 363/256/77 366/262/77
f 362/255/77 372/263/77 370/264/77
f 372/263/77 362/255/77 371/265/77
f 371/265/77 362/255/77 365/258/77
f 366/262/77 376/266/77 367/261/77
f 376/266/77 366/262/77 375/267/77
f 375/267/77 366/262/77 374/268/77
f 374/268/77 366/262/77 373/269/77
f 370/264/77 379/270/77 377/271/77
f 379/270/77 370/264/77 378/272/77
f 378/272/77 370/264/77 372/263/77
o Object_13
v 34.245857 -2.897121 -10.706751
v 34.434803 -3.621401 -10.706751
v 34.434803 -3.621401 -9.950981
v 34.245857 -2.897121 -9.950981
vn -0.9676 -0.2524 -0.0000
vt 13.979167 5.041667
vt 13.979167 6.000000
vt 12.979167 6.000000
vt 12.979167 5.041667
s 1
usemtl material_37_10
f 380/273/78 381/274/78 382/275/78
f 380/273/78 382/275/78 383/276/78
o Object_14
v 34.497784 -3.794599 -10.706751
v 33.978191 -4.109503 -10.706751
v 33.978191 -4.109503 -9.699057
v 34.497784 -3.794599 -9.699057
v 29.728554 2.015388 -4.044948
v 29.506548 2.204331 -4.266955
v 28.798012 2.204331 -3.558420
v 29.015297 2.015388 -3.331689
v 29.876560 1.889427 -3.896943
v 29.160152 1.889427 -3.180535
v 17.256763 -1.637503 -8.187515
v 16.878880 -1.763465 -8.187515
v 16.878880 -1.763465 -7.179821
v 17.256763 -1.637503 -7.179821
vn -0.5183 0.8552 -0.0000
vn 0.3646 0.8568 0.3646
vn -0.3162 0.9487 -0.0000
vt 11.000000 -67.031250
vt 11.000000 -66.000000
vt 10.000000 -66.000000
vt 10.000000 -67.031250
vt 24.011625 37.576015
vt 24.011625 36.952881
vt 23.017256 36.952881
vt 23.010628 37.576019
vt 24.011625 37.991444
vt 23.006208 37.991444
vt 8.000000 -40.968750
vt 8.000000 -40.031250
vt 7.000000 -40.031250
vt 7.000000 -40.968750
s 0
usemtl material_37_11
f 384/277/79 385/278/79 386/279/79
f 384/277/79 386/279/79 387/280/79
f 388/281/80 389/282/80 390/283/80
f 388/281/80 390/283/80 391/284/80
f 392/285/80 388/281/80 391/284/80
f 392/285/80 391/284/80 393/286/80
f 394/287/81 395/288/81 396/289/81
f 394/287/81 396/289/81 397/290/81
o Object_15
v 27.176254 -4.786548 -15.745222
v 27.207745 -4.786548 -15.745222
v 27.207745 -4.786548 -15.997147
v 27.176254 -4.786548 -15.997147
v 25.192356 -4.786548 -15.997147
v 25.192356 -4.786548 -15.745222
vn -0.0000 1.0000 -0.0000
vt 26.750000 -64.437500
vt 26.781250 -64.437500
vt 26.781250 -65.437500
vt 26.750000 -65.437500
vt 24.781250 -65.437500
vt 24.781250 -64.437500
s 0
usemtl material_37_12
f 398/291/82 399/292/82 400/293/82
f 398/291/82 400/293/82 401/294/82
f 398/291/82 401/294/82 402/295/82
f 398/291/82 402/295/82 403/296/82
o Object_16
v 20.752203 -5.416357 -15.997147
v 23.602089 -5.416357 -15.997147
v 22.767591 -5.416357 -18.012535
v 32.498138 -5.416357 -7.101095
v 32.498138 -5.416357 -4.251210
v 34.513527 -5.416357 -6.266599
v 32.498138 -5.416357 -12.292453
v 27.963516 -5.416357 -13.981758
v 30.482750 -5.416357 -11.462523
v 32.498138 -5.416357 -12.297019
v 28.798012 -5.416357 -15.997147
v 28.794706 -5.416357 -16.000452
v 24.436584 -5.416357 -13.981758
v 17.890509 -5.416357 -13.135452
v 21.917351 -5.416357 -11.462523
v 23.606655 -5.416357 -15.997147
v 29.623220 -5.416357 -1.385580
v 29.632509 -5.416357 -1.385580
v 27.963516 -5.416357 -5.416357
v 30.482750 -5.416357 -7.935592
v 32.498138 -5.416357 -7.105661
v 24.436584 -5.416357 -5.416357
v 22.767591 -5.416357 -1.385580
v 22.774206 -5.416357 -1.378967
v 17.900902 -5.416357 -6.252270
v 21.917351 -5.416357 -7.935592
v 20.752203 -5.416357 -15.997147
vn -0.0000 1.0000 -0.0000
vn 0.0001 1.0000 -0.0000
vt 3.782480 4.208949
vt 3.871771 4.715342
vt 4.203737 4.503916
vt -1.910023 -4.761468
vt -1.402149 -4.841908
vt -1.818194 -5.144182
vt 5.887667 -1.244258
vt 5.031877 -1.417315
vt 5.551933 -1.039472
vt 5.887539 -1.245072
vt 5.123706 -1.800029
vt 5.123024 -1.800524
vt 3.539805 4.926767
vt 3.184328 3.790119
vt 3.013234 4.558059
vt 3.871914 4.716153
vt -0.810324 -4.410456
vt -0.810586 -4.412112
vt -1.481797 -4.000912
vt -2.001853 -4.378755
vt -1.910837 -4.761340
vt -0.463007 5.967915
vt 0.208204 5.556715
vt 0.209569 5.557707
vt -0.796447 4.826794
vt -0.983063 5.590072
s 0
usemtl material_37_13
f 404/297/83 405/298/83 406/299/83
f 407/300/83 408/301/83 409/302/83
f 410/303/83 411/304/83 412/305/83
f 411/304/83 410/303/83 413/306/83
f 411/304/83 413/306/83 414/307/83
f 411/304/84 414/307/84 415/308/84
s 1
f 416/309/83 417/310/83 418/311/83
s 0
f 417/310/83 416/309/83 430/297/83
f 430/297/83 416/309/83 419/312/83
f 408/301/83 420/313/83 421/314/83
f 420/313/83 408/301/83 422/315/83
f 422/315/83 408/301/83 407/300/83
f 422/315/83 407/300/83 423/316/83
f 423/316/83 407/300/83 424/317/83
f 425/318/83 426/319/83 427/320/83
s 1
f 426/319/83 425/318/83 428/321/83
s 0
f 428/321/83 425/318/83 429/322/83
o Object_17
v 27.176254 -5.668280 -13.981758
v 27.207745 -5.668280 -13.981758
v 27.207745 -4.786548 -15.745222
v 27.176254 -4.786548 -15.745222
v 25.192356 -4.786548 -15.745222
v 25.192356 -5.668280 -13.981758
v 26.326012 -5.668280 -13.981758
vn -0.0000 0.8944 0.4472
vt 26.968750 -56.875000
vt 27.000000 -56.875000
vt 27.000000 -63.875000
vt 26.968750 -63.875000
vt 26.125000 -56.875000
vt 25.000000 -56.875000
vt 25.000000 -63.875000
s 0
usemtl material_37_14
f 431/323/85 432/324/85 433/325/85
f 431/323/85 433/325/85 434/326/85
f 434/326/85 437/327/85 431/323/85
f 437/327/85 434/326/85 436/328/85
f 436/328/85 434/326/85 435/329/85
o Object_18
v 27.176254 -7.305783 -8.817325
v 27.207745 -7.305783 -8.817325
v 27.207745 -7.305783 -10.958675
v 27.176254 -7.305783 -10.958675
v 27.207745 -5.668280 -10.958675
v 27.176254 -5.668280 -10.958675
v 27.176254 -7.305783 -10.958675
v 27.207745 -7.305783 -10.958675
v 26.326012 -5.668280 -10.958675
v 26.326012 -7.305783 -10.958675
v 27.207745 -5.668280 -8.817325
v 27.207745 -7.305783 -8.817325
v 27.207745 -7.305783 -8.565401
v 27.207745 -5.668280 -8.565401
v 26.703897 -5.668280 -8.565401
v 27.207745 -5.668280 -8.565401
v 27.207745 -7.305783 -8.565401
v 26.703897 -7.305783 -8.565401
v 26.703897 -7.305783 -8.817325
v 25.192356 -7.305783 -8.817325
v 25.192356 -7.305783 -8.565401
v 26.703897 -7.305783 -8.565401
v 27.207745 -7.305783 -10.958675
v 27.207745 -5.668280 -9.825019
v 27.207745 -5.668280 -10.958675
v 25.192356 -7.305783 -8.817325
v 25.192356 -6.046165 -9.447134
v 25.192356 -6.046165 -8.817325
v 25.192356 -6.046165 -10.076942
v 25.192356 -6.046165 -10.706751
v 25.192356 -7.305783 -10.706751
v 25.192356 -7.305783 -10.706751
v 25.192356 -7.305783 -10.958675
v 27.207745 -7.305783 -8.565401
v 26.326012 -5.668280 -8.565401
v 25.192356 -7.305783 -8.565401
v 25.192356 -5.668280 -8.565401
v 27.207745 -7.305783 -8.817325
vn -0.0000 1.0000 -0.0000
vn -0.0000 -0.0000 1.0000
vn -1.0000 -0.0000 -0.0000
vn -0.0000 -0.0000 -1.0000
vn 1.0000 -0.0000 -0.0000
vt 35.220833 -30.505682
vt 35.262501 -30.505682
vt 35.262501 -38.232956
vt 35.220833 -38.232956
vt 21.600000 23.500000
vt 21.575001 23.500000
vt 21.575001 30.000000
vt 21.600000 30.000000
vt 20.900000 23.500000
vt 20.900000 30.000000
vt 7.000000 23.500000
vt 7.000000 30.000000
vt 6.800000 30.000000
vt 6.800000 23.500000
vt 21.200001 23.500000
vt 21.200001 30.000000
vt 34.595833 -30.505682
vt 32.595833 -30.505682
vt 32.595833 -29.596592
vt 34.595833 -29.596592
vt 8.700000 30.000000
vt 7.800000 23.500000
vt 8.700000 23.500000
vt 7.500000 25.000000
vt 7.000000 25.000000
vt 8.000000 25.000000
vt 8.500000 25.000000
vt 8.500000 30.000000
vt 32.595833 -37.323864
vt 32.595833 -38.232956
vt 35.262501 -29.596592
vt 20.000000 30.000000
vt 20.000000 23.500000
s 0
usemtl material_37_15
f 438/330/86 439/331/86 440/332/86
f 438/330/86 440/332/86 441/333/86
f 442/334/87 443/335/87 444/336/87
f 442/334/87 444/336/87 445/337/87
f 443/335/87 446/338/87 447/339/87
f 443/335/87 447/339/87 444/336/87
f 448/340/88 449/341/88 450/342/88
f 448/340/88 450/342/88 451/343/88
f 452/344/89 453/334/89 454/337/89
f 452/344/89 454/337/89 455/345/89
f 456/346/86 457/347/86 458/348/86
f 456/346/86 458/348/86 459/349/86
f 460/350/88 461/351/88 462/352/88
f 461/351/88 460/350/88 448/340/88
f 448/340/88 460/350/88 449/341/88
f 463/341/90 464/353/90 465/354/90
f 464/353/90 463/341/90 466/355/90
f 466/355/90 463/341/90 467/356/90
f 467/356/90 463/341/90 468/357/90
f 441/333/86 456/346/86 438/330/86
f 456/346/86 441/333/86 457/347/86
f 457/347/86 441/333/86 469/358/86
f 469/358/86 441/333/86 470/359/86
f 475/331/86 459/349/86 471/360/86
f 459/349/86 475/331/86 456/346/86
f 472/338/89 473/361/89 474/362/89
f 473/361/89 472/338/89 455/345/89
f 455/345/89 472/338/89 452/344/89
o Object_19
v 25.192356 -5.668280 -10.706751
v 23.554853 -5.668280 -10.706751
v 25.192356 -5.668280 -10.076942
v 25.192356 -5.668280 -9.447134
v 23.554853 -5.668280 -8.817325
v 25.192356 -5.668280 -8.817325
vn -0.0000 1.0000 -0.0000
vt 5.515625 -1.656250
vt 5.109375 -1.656250
vt 5.515625 -1.500000
vt 25.000000 -7.625000
vt 23.375000 -7.000000
vt 25.000000 -7.000000
s 0
usemtl material_37_16
f 476/363/91 477/364/91 478/365/91
f 479/366/91 480/367/91 481/368/91
o Object_20
v 25.192356 -5.668280 -15.997147
v 23.606655 -5.668280 -15.997147
v 24.436584 -5.668280 -13.981758
v 25.192356 -5.668280 -13.981758
v 25.192356 -5.668280 -10.958675
v 25.192356 -7.305783 -10.958675
v 26.326012 -7.305783 -10.958675
v 26.326012 -5.668280 -10.958675
v 21.917351 -5.668280 -11.462523
v 21.791388 -5.668280 -10.958675
v 21.917351 -5.668280 -10.958675
v 20.783693 -5.668280 -10.958675
v 20.783693 -5.668280 -11.933461
v 26.326012 -5.668280 -13.981758
v 25.192356 -5.668280 -10.958675
v 26.326012 -5.668280 -10.958675
v 24.436584 -5.668280 -13.981758
vn -0.0000 1.0000 -0.0000
vn -0.0000 -0.0000 1.0000
vt 3.812500 -1.020833
vt 3.550235 -1.020833
vt 3.687500 -0.687500
vt 3.812500 -0.687500
vt 3.812500 1.562500
vt 3.812500 1.833333
vt 4.000000 1.833333
vt 4.000000 1.562500
vt 3.270833 -0.270833
vt 3.250000 -0.187500
vt 3.270833 -0.187500
vt 3.083333 -0.187500
vt 3.083333 -0.348724
vt 4.000000 -0.687500
vt 3.812500 -0.187500
vt 4.000000 -0.187500
s 0
usemtl material_37_17
f 482/369/92 483/370/92 484/371/92
f 482/369/92 484/371/92 485/372/92
f 486/373/93 487/374/93 488/375/93
f 486/373/93 488/375/93 489/376/93
f 490/377/92 491/378/92 492/379/92
f 491/378/92 490/377/92 493/380/92
f 493/380/92 490/377/92 494/381/92
f 495/382/92 496/383/92 497/384/92
f 496/383/92 495/382/92 492/379/92
f 492/379/92 495/382/92 490/377/92
f 490/377/92 495/382/92 498/371/92
o Object_21
v 20.783693 -5.668280 -11.933461
v 20.279846 -5.668280 -12.142874
v 20.279846 -5.668280 -10.958675
v 20.783693 -5.668280 -10.958675
v 23.762377 -5.668280 -3.778853
v 26.326012 -5.668280 -3.778853
v 26.326012 -5.668280 -5.416357
v 24.436584 -5.668280 -5.416357
v 21.917351 -5.668280 -7.935592
v 20.279846 -5.668280 -8.565401
v 20.279846 -5.668280 -7.249258
v 21.917351 -5.668280 -8.565401
v 26.326012 -5.668280 -8.565401
vn -0.0000 1.0000 -0.0000
vt 3.083333 -0.348724
vt 3.000000 -0.383359
vt 3.000000 -0.187500
vt 3.083333 -0.187500
vt 3.575990 1.000000
vt 4.000000 1.000000
vt 4.000000 0.729167
vt 3.687500 0.729167
vt 3.270833 0.312500
vt 3.000000 0.208333
vt 3.000000 0.426016
vt 3.270833 0.208333
vt 4.000000 0.208333
s 0
usemtl material_37_18
f 499/385/94 500/386/94 501/387/94
f 499/385/94 501/387/94 502/388/94
f 503/389/94 504/390/94 505/391/94
f 503/389/94 505/391/94 506/392/94
f 507/393/94 508/394/94 509/395/94
f 508/394/94 507/393/94 510/396/94
f 511/397/94 506/392/94 505/391/94
f 506/392/94 511/397/94 507/393/94
f 507/393/94 511/397/94 510/396/94
o Object_22
v 17.792101 -1.007694 -11.210598
v 17.792101 -1.007694 -9.950981
v 17.792101 -1.637503 -9.950981
v 17.792101 -1.637503 -11.210598
v 17.729120 -1.007694 -11.210598
v 17.729120 -1.637503 -11.210598
v 17.729120 -1.637503 -9.950981
v 17.729120 -1.007694 -9.950981
v 17.729120 -1.007694 -8.817325
v 17.729120 -1.007694 -9.447134
v 17.729120 -1.637503 -9.447134
v 17.729120 -1.637503 -8.817325
v 17.792101 -1.007694 -8.817325
v 17.792101 -1.637503 -8.817325
v 17.792101 -1.637503 -9.447134
v 17.792101 -1.007694 -9.447134
v 17.792101 -1.007694 -8.187515
v 17.792101 -1.637503 -8.187515
v 17.729120 -1.637503 -8.187515
v 17.729120 -1.007694 -8.187515
vn 1.0000 -0.0000 -0.0000
vn -1.0000 -0.0000 -0.0000
vt -7.975000 2.166667
vt -6.975000 2.166667
vt -6.975000 3.000000
vt -7.975000 3.000000
vt 6.525000 2.166667
vt 7.025000 2.166667
vt 7.025000 3.000000
vt 6.525000 3.000000
vt 6.025000 2.166667
vt 6.025000 3.000000
s 0
usemtl material_37_19
f 512/398/95 513/399/95 514/400/95
f 512/398/95 514/400/95 515/401/95
f 516/398/96 517/401/96 518/400/96
f 516/398/96 518/400/96 519/399/96
f 520/402/96 521/403/96 522/404/96
f 520/402/96 522/404/96 523/405/96
f 524/402/95 525/405/95 526/404/95
f 524/402/95 526/404/95 527/403/95
f 524/402/95 528/406/95 529/407/95
f 524/402/95 529/407/95 525/405/95
f 520/402/96 523/405/96 530/407/96
f 520/402/96 530/407/96 531/406/96
o Object_23
v 24.326368 -6.046165 -9.114061
v 25.192356 -6.046165 -9.447134
v 25.192356 -6.046165 -10.076942
v 24.326368 -6.046165 -10.410015
v 23.554853 -6.046165 -10.706751
v 20.799438 -6.046165 -10.706751
v 20.799438 -6.046165 -8.817325
v 23.554853 -6.046165 -8.817325
vn -0.0000 1.0000 -0.0000
vt 4.178485 25.031250
vt 4.343750 25.890625
vt 4.656250 25.890625
vt 4.821515 25.031250
vt 4.031250 21.531250
vt 4.031250 24.265625
vt 4.968750 21.531250
vt 4.968750 24.265625
s 0
usemtl material_37_20
f 532/408/97 533/409/97 534/410/97
f 532/408/97 534/410/97 535/411/97
f 532/408/97 538/412/97 539/413/97
f 538/412/97 532/408/97 537/414/97
f 537/414/97 532/408/97 535/411/97
f 537/414/97 535/411/97 536/415/97
o Object_24
v 17.382725 -0.944713 -11.352305
v 17.634649 -0.944713 -11.352305
v 17.634649 -0.944713 -11.887643
v 17.382725 -0.944713 -11.887643
v 17.382725 -0.944713 -12.454471
v 17.634649 -0.944713 -12.454471
v 17.634649 -0.944713 -12.989809
v 17.382725 -0.944713 -12.989809
v 17.382725 -1.070675 -12.989809
v 17.382725 -0.944713 -12.989809
v 17.634649 -0.944713 -12.989809
v 17.634649 -1.070675 -12.989809
v 17.382725 -2.267312 -12.989809
v 17.382725 -1.070675 -12.989809
v 17.634649 -1.070675 -12.989809
v 17.634649 -2.267312 -12.989809
v 17.319744 -0.944713 -12.989809
v 17.319744 -0.944713 -12.454471
v 17.319744 -0.944713 -11.887643
v 17.319744 -0.944713 -11.352305
v 17.382725 -0.944713 -11.887643
v 17.382725 -0.944713 -12.454471
v 17.319744 -0.944713 -12.454471
v 17.319744 -0.944713 -11.887643
v 17.319744 -1.070675 -12.989809
v 17.319744 -0.944713 -12.989809
v 17.319744 -2.267312 -12.989809
v 17.319744 -1.070675 -12.989809
v 17.382725 -1.070675 -12.926827
v 17.382725 -1.070675 -12.454471
v 17.319744 -1.070675 -12.454471
v 17.319744 -1.070675 -12.926827
v 17.382725 -1.070675 -11.887643
v 17.382725 -1.070675 -11.415286
v 17.319744 -1.070675 -11.415286
v 17.319744 -1.070675 -11.887643
v 17.382725 -1.889427 -12.926827
v 17.382725 -1.070675 -12.926827
v 17.319744 -1.070675 -12.926827
v 17.319744 -1.889427 -12.926827
v 17.382725 -1.889427 -11.415286
v 17.319744 -1.889427 -11.415286
v 17.319744 -1.070675 -11.415286
v 17.382725 -1.070675 -11.415286
v 17.382725 -1.889427 -11.415286
v 17.382725 -1.889427 -12.926827
v 17.319744 -1.889427 -12.926827
v 17.319744 -1.889427 -11.415286
v 17.634649 -0.944713 -12.344254
v 17.634649 -0.944713 -11.887643
v 17.634649 -0.944713 -12.454471
v 17.634649 -2.267312 -11.352305
v 17.382725 -0.944713 -11.352305
v 17.382725 -2.267312 -11.352305
v 17.634649 -0.944713 -11.352305
v 17.319744 -1.070675 -11.352305
v 17.319744 -2.267312 -11.352305
v 17.319744 -0.944713 -11.352305
v 17.319744 -1.070675 -12.989809
v 17.319744 -0.944713 -12.454471
v 17.319744 -0.944713 -12.989809
v 17.319744 -0.944713 -11.887643
v 17.319744 -0.944713 -11.352305
v 17.319744 -1.070675 -11.352305
v 17.319744 -2.267312 -12.989809
v 17.319744 -1.070675 -12.926827
v 17.319744 -1.889427 -12.926827
v 17.319744 -2.267312 -12.926827
v 17.319744 -1.889427 -11.415286
v 17.319744 -2.267312 -11.415286
v 17.319744 -1.070675 -11.415286
v 17.319744 -2.267312 -11.352305
v 17.319744 -1.070675 -11.352305
v 17.319744 -1.070675 -12.989809
vn -0.0000 1.0000 -0.0000
vn -0.0000 -0.0000 -1.0000
vn -0.0000 -1.0000 -0.0000
vn -0.0000 -0.0000 1.0000
vn -1.0000 -0.0000 -0.0000
vt 15.000000 9.671875
vt 15.000000 9.796875
vt 15.708334 9.796875
vt 15.708334 9.671875
vt 16.270834 9.671875
vt 16.270834 9.796875
vt 16.979168 9.796875
vt 16.979168 9.671875
vt 22.958334 1.406250
vt 22.958334 1.343750
vt 23.291668 1.343750
vt 23.291668 1.406250
vt 22.270834 2.000000
vt 22.270834 1.406250
vt 22.604168 1.406250
vt 22.604168 2.000000
vt 16.979168 9.640625
vt 16.270834 9.640625
vt 15.708334 9.640625
vt 15.000000 9.640625
vt 15.625000 9.671875
vt 16.375000 9.671875
vt 16.375000 9.640625
vt 15.625000 9.640625
vt 22.875000 1.406250
vt 22.875000 1.343750
vt 22.187500 2.000000
vt 22.187500 1.406250
vt 17.000000 9.671875
vt 17.000000 9.640625
vt 22.083334 -4.640625
vt 22.083334 -4.406250
vt 22.000000 -4.406250
vt 22.000000 -4.640625
vt 22.270834 1.812500
vt 22.187500 1.812500
vt 16.229168 9.796875
vt 15.625000 9.796875
vt 16.375000 9.796875
vt 22.270834 1.343750
vt 22.604168 1.343750
vt 22.187500 1.343750
vt 17.083334 1.406250
vt 16.375000 1.343750
vt 17.083334 1.343750
vt 15.625000 1.343750
vt 14.916667 1.343750
vt 14.916667 1.406250
vt 17.083334 2.000000
vt 17.000000 1.406250
vt 17.000000 1.812500
vt 17.000000 2.000000
vt 15.000000 1.812500
vt 15.000000 2.000000
vt 15.000000 1.406250
vt 14.916667 2.000000
s 0
usemtl material_37_21
f 540/416/98 541/417/98 542/418/98
f 540/416/98 542/418/98 543/419/98
f 544/420/98 545/421/98 546/422/98
f 544/420/98 546/422/98 547/423/98
f 548/424/99 549/425/99 550/426/99
f 548/424/99 550/426/99 551/427/99
f 552/428/99 553/429/99 554/430/99
f 552/428/99 554/430/99 555/431/99
f 544/420/98 547/423/98 556/432/98
f 544/420/98 556/432/98 557/433/98
f 540/416/98 543/419/98 558/434/98
f 540/416/98 558/434/98 559/435/98
f 560/436/98 561/437/98 562/438/98
f 560/436/98 562/438/98 563/439/98
f 548/424/99 564/440/99 565/441/99
f 548/424/99 565/441/99 549/425/99
f 552/428/99 566/442/99 567/443/99
f 552/428/99 567/443/99 553/429/99
f 568/444/100 569/437/100 570/438/100
f 568/444/100 570/438/100 571/445/100
f 572/446/100 573/447/100 574/448/100
f 572/446/100 574/448/100 575/449/100
f 576/450/101 577/429/101 578/443/101
f 576/450/101 578/443/101 579/451/101
f 580/450/99 581/451/99 582/443/99
f 580/450/99 582/443/99 583/429/99
f 584/416/98 585/444/98 586/445/98
f 584/416/98 586/445/98 587/435/98
f 588/452/98 560/436/98 589/453/98
f 560/436/98 588/452/98 561/437/98
f 561/437/98 588/452/98 590/454/98
f 591/431/101 592/455/101 593/428/101
f 592/455/101 591/431/101 594/456/101
f 593/428/101 595/443/101 596/442/101
f 595/443/101 593/428/101 597/457/101
f 597/457/101 593/428/101 592/455/101
f 598/458/102 599/459/102 600/460/102
f 599/459/102 598/458/102 601/461/102
f 601/461/102 598/458/102 602/462/102
f 602/462/102 598/458/102 603/463/102
f 604/464/102 605/465/102 613/458/102
f 605/465/102 604/464/102 606/466/102
f 606/466/102 604/464/102 607/467/102
f 607/467/102 608/468/102 606/466/102
f 608/468/102 607/467/102 609/469/102
f 608/468/102 612/463/102 610/470/102
f 612/463/102 608/468/102 611/471/102
f 611/471/102 608/468/102 609/469/102
o Object_25
v 17.382725 -2.267312 -12.989809
v 17.634649 -2.267312 -12.989809
v 17.634649 -2.267312 -13.100025
v 17.382725 -2.267312 -13.100025
v 17.382725 -2.267312 -8.817325
v 17.634649 -2.267312 -8.817325
v 17.634649 -2.267312 -11.352305
v 17.382725 -2.267312 -11.352305
v 17.319744 -2.267312 -13.100025
v 17.319744 -2.267312 -12.989809
v 17.634649 -2.267312 -6.140637
v 17.382725 -2.267312 -5.920204
v 17.634649 -2.267312 -5.920204
v 17.382725 -2.267312 -6.298089
v 17.634649 -2.267312 -7.179821
v 17.382725 -2.267312 -7.179821
v 17.382725 -2.267312 -8.187515
v 17.634649 -2.267312 -8.187515
v 17.382725 -2.267312 -8.691362
v 17.319744 -2.267312 -8.691362
v 17.319744 -2.267312 -9.195210
v 17.319744 -2.267312 -11.352305
v 17.256763 -2.267312 -8.691362
v 13.981758 -2.267312 -8.691362
v 13.981758 -2.267312 -9.195210
v 13.981758 -2.267312 -9.573095
v 13.981758 -2.267312 -12.722139
v 17.319744 -2.267312 -11.415286
v 17.319744 -2.267312 -12.722139
v 13.603872 -2.267312 -8.691362
v 13.603872 -2.267312 -9.573095
v 13.603872 -2.267312 -12.218292
v 13.603872 -2.267312 -13.100025
v 17.319744 -2.267312 -12.926827
v 15.808204 -2.267312 -5.920204
v 15.115414 -2.267312 -5.920204
v 13.918777 -2.267312 -5.920204
v 13.603872 -2.267312 -5.920204
v 13.981758 -2.267312 -6.298089
v 13.603872 -2.267312 -6.298089
v 13.981758 -2.267312 -7.179821
v 17.256763 -2.267312 -8.187515
v 17.256763 -2.267312 -7.179821
vn -0.0000 1.0000 -0.0000
vt 8.625000 -5.445313
vt 8.750000 -5.445313
vt 8.750000 -5.500000
vt 8.625000 -5.500000
vt 8.625000 -3.375000
vt 8.750000 -3.375000
vt 8.750000 -4.632813
vt 8.625000 -4.632813
vt 8.593750 -5.500000
vt 8.593750 -5.445313
vt 8.750000 -2.046875
vt 8.625000 -1.937500
vt 8.750000 -1.937500
vt 8.625000 -2.125000
vt 8.750000 -2.562500
vt 8.625000 -2.562500
vt 8.625000 -3.062500
vt 8.750000 -3.062500
vt 8.625000 -3.312500
vt 8.593750 -3.312500
vt 8.593750 -3.562500
vt 8.593750 -4.632813
vt 8.562500 -3.312500
vt 6.937500 -3.312500
vt 6.937500 -3.562500
vt 6.937500 -3.750000
vt 6.937500 -5.312500
vt 8.593750 -4.664063
vt 8.593750 -5.312500
vt 6.750000 -3.312500
vt 6.750000 -3.750000
vt 6.750000 -5.062500
vt 6.750000 -5.500000
vt 8.593750 -5.414063
vt 7.843750 -1.937500
vt 7.500000 -1.937500
vt 6.906250 -1.937500
vt 6.750000 -1.937500
vt 6.937500 -2.125000
vt 6.750000 -2.125000
vt 6.937500 -2.562500
vt 8.562500 -3.062500
vt 8.562500 -2.562500
s 0
usemtl material_37_22
f 614/472/103 615/473/103 616/474/103
f 614/472/103 616/474/103 617/475/103
f 618/476/103 619/477/103 620/478/103
f 618/476/103 620/478/103 621/479/103
f 614/472/103 617/475/103 622/480/103
f 614/472/103 622/480/103 623/481/103
f 624/482/103 625/483/103 626/484/103
f 625/483/103 624/482/103 627/485/103
f 627/485/103 624/482/103 628/486/103
f 627/485/103 628/486/103 629/487/103
f 619/477/103 630/488/103 631/489/103
f 630/488/103 619/477/103 632/490/103
f 632/490/103 619/477/103 618/476/103
f 618/476/103 633/491/103 632/490/103
f 633/491/103 618/476/103 634/492/103
f 634/492/103 618/476/103 621/479/103
f 634/492/103 621/479/103 635/493/103
f 634/492/103 636/494/103 633/491/103
f 636/494/103 634/492/103 637/495/103
f 637/495/103 634/492/103 638/496/103
f 635/493/103 638/496/103 634/492/103
f 638/496/103 635/493/103 639/497/103
f 639/497/103 635/493/103 640/498/103
f 640/498/103 635/493/103 641/499/103
f 640/498/103 641/499/103 642/500/103
f 638/496/103 643/501/103 637/495/103
f 643/501/103 638/496/103 644/502/103
f 644/502/103 638/496/103 639/497/103
f 640/498/103 644/502/103 639/497/103
f 644/502/103 640/498/103 645/503/103
f 645/503/103 640/498/103 646/504/103
f 647/505/103 640/498/103 642/500/103
f 640/498/103 647/505/103 646/504/103
f 646/504/103 647/505/103 623/481/103
f 646/504/103 623/481/103 622/480/103
f 627/485/103 648/506/103 625/483/103
f 648/506/103 627/485/103 649/507/103
f 649/507/103 627/485/103 650/508/103
f 650/508/103 627/485/103 651/509/103
f 651/509/103 627/485/103 652/510/103
f 652/510/103 653/511/103 651/509/103
f 653/511/103 652/510/103 654/512/103
f 653/511/103 654/512/103 643/501/103
f 643/501/103 654/512/103 637/495/103
f 629/487/103 652/510/103 627/485/103
f 652/510/103 629/487/103 654/512/103
f 655/513/103 654/512/103 656/514/103
f 654/512/103 655/513/103 637/495/103
f 637/495/103 655/513/103 636/494/103
f 632/490/103 655/513/103 630/488/103
f 655/513/103 632/490/103 636/494/103
o Object_26
v 28.813757 2.314548 -3.180535
v 29.002701 3.038828 -3.936306
v 29.002701 3.038828 -3.180535
v 28.813757 2.314548 -3.936306
vn 0.9676 -0.2524 -0.0000
vt 4.979167 -2.000000
vt 5.979167 -2.958333
vt 4.979167 -2.958333
vt 5.979167 -2.000000
s 1
usemtl material_37_23
f 657/515/104 658/516/104 659/517/104
f 658/516/104 657/515/104 660/518/104
o Object_27
o Object_28
o Object_29
v 27.711592 -5.668280 -1.385580
v 27.711592 -3.400968 -1.385580
v 28.215439 -3.400968 -1.385580
v 28.215439 -5.668280 -1.385580
v 26.703897 -3.400968 -1.385580
v 27.711592 -3.400968 -1.385580
v 27.711592 -3.400968 -1.133656
v 26.703897 -3.400968 -1.133656
v 27.711592 -5.668280 -1.133656
v 27.711592 -3.400968 -1.133656
v 27.711592 -3.400968 -1.385580
v 27.711592 -5.668280 -1.385580
v 24.184662 -5.668280 -1.385580
v 24.184662 -3.400968 -1.385580
v 24.688509 -3.400968 -1.385580
v 24.688509 -5.668280 -1.385580
v 24.688509 -3.400968 -1.385580
v 24.688509 -3.400968 -1.133656
v 24.688509 -3.400968 -1.133656
v 24.688509 -5.668280 -1.133656
v 24.688509 -5.668280 -1.385580
v 24.688509 -3.400968 -1.385580
v 26.703897 -3.400968 -1.385580
v 26.703897 -3.149045 -1.385580
v 28.215439 -3.149045 -1.385580
v 24.184662 -3.149045 -1.385580
vn -0.0000 -0.0000 -1.0000
vn -0.0000 -1.0000 -0.0000
vn -1.0000 -0.0000 -0.0000
vn 1.0000 -0.0000 -0.0000
vt 12.875000 3.437500
vt 12.875000 2.312500
vt 13.125000 2.312500
vt 13.125000 3.437500
vt 12.375000 -0.062500
vt 12.875000 -0.062500
vt 12.875000 0.062500
vt 12.375000 0.062500
vt -0.312500 3.437500
vt -0.312500 2.312500
vt -0.187500 2.312500
vt -0.187500 3.437500
vt 11.125000 3.437500
vt 11.125000 2.312500
vt 11.375000 2.312500
vt 11.375000 3.437500
vt 11.375000 -0.062500
vt 11.375000 0.062500
vt 13.125000 2.187500
vt 12.375000 2.312500
vt 12.375000 2.187500
vt 11.125000 2.187500
s 0
usemtl material_37_26
f 661/519/105 662/520/105 663/521/105
f 661/519/105 663/521/105 664/522/105
f 665/523/106 666/524/106 667/525/106
f 665/523/106 667/525/106 668/526/106
f 669/527/107 670/528/107 671/529/107
f 669/527/107 671/529/107 672/530/107
f 673/531/105 674/532/105 675/533/105
f 673/531/105 675/533/105 676/534/105
f 677/535/106 665/523/106 668/526/106
f 677/535/106 668/526/106 678/536/106
f 679/528/108 680/527/108 681/530/108
f 679/528/108 681/530/108 682/529/108
f 685/537/105 683/538/105 684/539/105
f 683/538/105 685/537/105 662/520/105
f 662/520/105 685/537/105 663/521/105
f 684/539/105 674/532/105 686/540/105
f 674/532/105 684/539/105 675/533/105
f 675/533/105 684/539/105 683/538/105
o Object_30
v 28.971210 12.202547 -9.447134
v 28.971210 12.202547 -8.817325
v 30.482750 12.202547 -8.817325
v 30.482750 12.202547 -9.447134
v 25.444279 12.202547 -8.817325
v 25.444279 12.202547 -10.454828
v 21.917351 12.202547 -10.454828
v 21.917351 12.202547 -8.817325
v 30.482750 6.172127 -8.817325
v 28.971210 4.660586 -8.817325
v 28.971210 4.660586 -10.958675
v 30.482750 6.172127 -11.462523
v 21.917351 6.172127 -11.462523
v 21.917351 12.202547 -11.462523
v 24.436584 12.202547 -13.981758
v 24.436584 6.172127 -13.981758
v 30.482750 6.172127 -11.462523
v 28.971210 4.660586 -10.958675
v 27.459667 4.660586 -12.470217
v 27.963516 6.172127 -13.981758
v 21.917351 6.172127 -8.817325
v 21.917351 6.172127 -11.462523
v 23.428890 4.660586 -10.958675
v 23.428890 4.660586 -8.817325
v 27.963516 6.172127 -13.981758
v 27.459667 4.660586 -12.470217
v 24.940434 4.660586 -12.470217
v 24.436584 6.172127 -13.981758
v 24.436584 6.172127 -13.981758
v 24.940434 4.660586 -12.470217
v 23.428890 4.660586 -10.958675
v 21.917351 6.172127 -11.462523
v 30.482750 6.172127 -8.817325
v 30.482750 12.202547 -8.817325
v 30.482750 12.202547 -7.935592
v 30.482750 6.172127 -7.935592
v 28.750776 6.172127 -6.203618
v 28.750776 12.202547 -6.203618
v 28.750776 6.172127 -6.203618
v 28.750776 4.660586 -8.219007
v 28.971210 4.660586 -8.439440
v 30.482750 6.172127 -7.935592
v 30.482750 6.172127 -7.935592
v 28.971210 4.660586 -8.439440
v 21.917351 6.172127 -8.817325
v 21.917351 6.172127 -7.935592
v 21.917351 12.202547 -7.935592
v 21.917351 12.202547 -8.817325
v 27.963516 12.202547 -5.416357
v 27.963516 6.172127 -5.416357
v 24.436584 6.172127 -5.416357
v 24.436584 12.202547 -5.416357
v 21.917351 12.202547 -7.935592
v 21.917351 6.172127 -7.935592
v 23.428890 4.660586 -8.439440
v 21.917351 6.172127 -7.935592
v 27.963516 6.172127 -5.416357
v 27.459667 4.660586 -6.927898
v 21.917351 6.172127 -7.935592
v 23.428890 4.660586 -8.439440
v 24.940434 4.660586 -6.927898
v 24.436584 6.172127 -5.416357
v 24.436584 6.172127 -5.416357
v 24.940434 4.660586 -6.927898
v 27.459667 4.660586 -6.927898
v 27.963516 6.172127 -5.416357
v 22.405451 -3.149045 -1.779210
v 22.405451 -3.149045 -2.692433
v 20.673477 -3.149045 -4.424407
v 19.760254 -3.149045 -4.424407
v 30.482750 12.202547 -9.447134
v 30.482750 12.202547 -11.462523
v 30.482750 6.172127 -11.462523
v 28.971210 12.202547 -12.974064
v 27.963516 12.202547 -13.981758
v 27.963516 6.172127 -13.981758
v 21.917351 6.172127 -11.462523
v 21.917351 12.202547 -10.454828
v 21.917351 12.202547 -11.462523
v 25.444279 12.202547 -13.981758
v 24.436584 6.172127 -13.981758
v 24.436584 12.202547 -13.981758
v 27.963516 6.172127 -13.981758
v 27.963516 12.202547 -13.981758
v 30.482750 12.202547 -11.462523
v 28.971210 12.202547 -10.454828
v 28.971210 12.202547 -12.974064
v 28.750776 12.202547 -8.817325
v 25.444279 12.202547 -13.981758
v 27.963516 12.202547 -13.981758
v 21.917351 12.202547 -11.462523
v 24.436584 12.202547 -13.981758
v 30.482750 12.202547 -7.935592
v 28.750776 12.202547 -6.203618
v 27.963516 6.172127 -5.416357
v 24.436584 12.202547 -5.416357
v 24.436584 6.172127 -5.416357
v 25.444279 12.202547 -5.416357
v 27.963516 12.202547 -5.416357
v 25.444279 12.202547 -5.416357
v 27.963516 12.202547 -5.416357
v 24.436584 12.202547 -5.416357
v 21.917351 12.202547 -7.935592
v 30.482750 12.202547 -8.817325
vn -0.0000 1.0000 -0.0000
vn 0.9847 -0.1741 -0.0000
vn 0.7071 -0.7071 -0.0000
vn 0.6706 -0.7242 -0.1609
vn 0.8265 -0.1775 -0.5342
vn -0.8927 -0.1156 -0.4355
vn -0.8137 -0.0000 -0.5813
vn -0.6402 -0.0000 -0.7682
vn -0.3574 -0.2260 -0.9062
vn 0.6706 -0.7242 -0.1610
vn 0.3658 -0.7162 -0.5943
vn 0.2761 -0.2065 -0.9387
vn -0.9688 -0.2478 -0.0000
vn -0.8928 -0.1155 -0.4355
vn -0.6279 -0.7235 -0.2870
vn -0.7071 -0.7071 -0.0000
vn 0.3657 -0.7162 -0.5944
vn -0.1355 -0.7228 -0.6776
vn -0.3574 -0.2259 -0.9062
vn -0.1356 -0.7228 -0.6776
vn -0.6278 -0.7235 -0.2871
vn -0.8928 -0.1156 -0.4355
vn 1.0000 -0.0000 -0.0000
vn 0.8336 -0.0000 0.5524
vn 0.8168 -0.1998 0.5412
vn 0.6985 -0.1555 0.6985
vn 0.7071 -0.0000 0.7071
vn 0.5145 -0.6860 0.5145
vn 0.5959 -0.7167 0.3623
vn 0.8167 -0.1998 0.5413
vn 0.5960 -0.7167 0.3622
vn -0.7680 -0.2601 0.5852
vn -0.8035 -0.0000 0.5953
vn -1.0000 -0.0000 -0.0000
vn 0.3590 -0.0000 0.9333
vn 0.1088 -0.1268 0.9860
vn -0.4592 -0.1909 0.8676
vn -0.3363 -0.0000 0.9417
vn -0.7681 -0.2600 0.5852
vn -0.6092 -0.7200 0.3323
vn -0.7680 -0.2600 0.5853
vn 0.1087 -0.1268 0.9860
vn 0.1708 -0.7246 0.6677
vn -0.3658 -0.7162 0.5943
vn -0.3657 -0.7162 0.5944
vn 0.1088 -0.1267 0.9860
vn 0.9713 -0.0000 -0.2379
vn 0.7071 -0.0000 -0.7071
vn 0.5039 -0.0000 -0.8638
vn 0.2761 -0.2066 -0.9387
vn -0.0000 -0.0000 -1.0000
vn -0.3363 -0.0000 0.9418
vn -0.0000 -0.0000 1.0000
vn 0.3590 -0.0000 0.9334
vt 14.375000 -3.166667
vt 14.375000 -2.888889
vt 15.125000 -2.888889
vt 15.125000 -3.166667
vt 12.625000 -2.888889
vt 12.625000 -3.611111
vt 10.875000 -3.611111
vt 10.875000 -2.888889
vt -2.781250 7.208333
vt -2.781250 6.875000
vt -3.312500 6.875000
vt -3.437500 7.208333
vt 2.843750 -0.361111
vt 2.843750 -1.690972
vt 3.468750 -1.690972
vt 3.468750 -0.361111
vt 3.422598 8.204432
vt 3.245821 7.873621
vt 2.715491 7.873621
vt 2.538714 8.204432
vt 2.789063 -3.791667
vt 3.445313 -3.791667
vt 3.320313 -4.125000
vt 2.789063 -4.125000
vt 6.421875 4.208333
vt 6.296875 3.875000
vt 5.671875 3.875000
vt 5.546875 4.208333
vt 6.458362 -0.792467
vt 6.281585 -1.123277
vt 5.751255 -1.123277
vt 5.574478 -0.792467
vt 2.187500 -0.361111
vt 2.187500 -1.690972
vt 1.968750 -1.690972
vt 1.968750 -0.361111
vt 1.539063 -0.361111
vt 1.539063 -1.690972
vt 5.819441 4.219047
vt 6.172995 3.869858
vt 6.250335 3.869858
vt 6.427112 4.219047
vt -2.562500 7.208333
vt -2.687500 6.875000
vt 2.257813 -0.361111
vt 2.039063 -0.361111
vt 2.039063 -1.690972
vt 2.257813 -1.690972
vt 1.343750 -1.690972
vt 1.343750 -0.361111
vt 1.187500 -0.361111
vt 1.187500 -1.690972
vt 1.812500 -1.690972
vt 1.812500 -0.361111
vt 2.695313 -4.125000
vt 2.570313 -3.791667
vt 5.543228 4.219047
vt 5.720005 3.869858
vt 2.562152 -3.795959
vt 2.738928 -4.126770
vt 3.269258 -4.126770
vt 3.446035 -3.795959
vt 5.554688 0.208333
vt 5.679688 -0.125000
vt 6.304688 -0.125000
vt 6.429688 0.208333
vt 1.042969 -3.892361
vt 1.269531 -3.892361
vt 1.699219 -3.510417
vt 1.699219 -3.309028
vt 2.343750 -1.690972
vt 3.218750 -1.690972
vt 2.914063 -0.361111
vt 2.664063 -1.690972
vt 2.914063 -1.690972
vt 6.312500 -1.690972
vt 6.062500 -0.361111
vt 6.062500 -1.690972
vt 6.937500 -0.361111
vt 6.937500 -1.690972
vt 15.125000 -4.055556
vt 14.375000 -3.611111
vt 14.375000 -4.722222
vt 14.265625 -2.888889
vt 12.625000 -5.166667
vt 13.875000 -5.166667
vt 10.875000 -4.055556
vt 12.125000 -5.166667
vt 15.125000 -2.500000
vt 14.265625 -1.736111
vt 12.625000 -1.388889
vt 13.875000 -1.388889
vt 12.125000 -1.388889
vt 10.875000 -2.500000
s 0
usemtl material_37_27
f 687/541/109 688/542/109 689/543/109
f 687/541/109 689/543/109 690/544/109
f 691/545/109 692/546/109 693/547/109
f 691/545/109 693/547/109 694/548/109
s 1
f 695/549/110 696/550/111 697/551/112
f 695/549/110 697/551/112 698/552/113
f 699/553/114 700/554/115 701/555/116
f 699/553/114 701/555/116 702/556/117
f 703/557/113 704/558/118 705/559/119
f 703/557/113 705/559/119 706/560/120
f 707/561/121 708/562/122 709/563/123
f 707/561/121 709/563/123 710/564/124
f 711/565/120 712/566/125 713/567/126
f 711/565/120 713/567/126 714/568/127
f 715/569/127 716/570/128 717/571/129
f 715/569/127 717/571/129 718/572/130
f 719/573/110 720/574/131 721/575/132
f 719/573/110 721/575/132 722/576/133
f 723/577/134 722/576/133 721/575/132
f 723/577/134 721/575/132 724/578/135
f 725/579/134 726/580/136 727/581/137
f 725/579/134 727/581/137 728/582/133
f 695/549/110 729/583/138 730/584/139
f 695/549/110 730/584/139 696/550/111
f 731/585/121 732/586/140 733/587/141
f 731/585/121 733/587/141 734/588/142
f 723/577/134 724/578/135 735/589/143
f 723/577/134 735/589/143 736/590/144
f 737/591/145 738/592/146 739/593/141
f 737/591/145 739/593/141 740/594/147
f 707/561/121 710/564/124 741/595/148
f 707/561/121 741/595/148 742/596/149
f 725/579/134 743/597/150 744/598/151
f 725/579/134 744/598/151 726/580/136
f 745/599/147 746/600/148 747/601/152
f 745/599/147 747/601/152 748/602/145
f 749/603/145 750/604/153 751/605/151
f 749/603/145 751/605/151 752/606/154
s 0
f 753/607/109 754/608/109 755/609/109
f 753/607/109 755/609/109 756/610/109
s 1
f 719/573/110 757/611/131 720/574/131
f 757/611/131 719/573/110 758/554/155
f 758/554/155 719/573/110 759/553/113
f 759/553/113 760/612/156 758/554/155
f 760/612/156 759/553/113 761/555/157
f 761/555/157 759/553/113 762/556/158
f 763/613/114 764/614/142 765/615/115
f 764/614/142 763/613/114 734/588/142
f 734/588/142 763/613/114 731/585/121
f 766/616/159 767/617/127 768/618/116
f 767/617/127 766/616/159 769/619/158
f 769/619/158 766/616/159 770/620/157
s 0
f 771/621/109 687/541/109 690/544/109
f 687/541/109 771/621/109 772/622/109
f 772/622/109 771/621/109 773/623/109
f 687/541/109 774/624/109 688/542/109
f 774/624/109 687/541/109 691/545/109
f 691/545/109 687/541/109 692/546/109
f 692/546/109 687/541/109 772/622/109
f 773/623/109 692/546/109 772/622/109
f 692/546/109 773/623/109 775/625/109
f 775/625/109 773/623/109 776/626/109
f 775/625/109 693/547/109 692/546/109
f 693/547/109 775/625/109 777/627/109
f 777/627/109 775/625/109 778/628/109
f 779/629/109 774/624/109 780/630/109
f 774/624/109 779/629/109 790/543/109
s 1
f 781/619/154 782/618/160 783/617/145
f 782/618/160 781/619/154 784/616/161
f 784/616/161 781/619/154 785/620/162
s 0
f 780/630/109 786/631/109 787/632/109
f 786/631/109 780/630/109 691/545/109
f 691/545/109 780/630/109 774/624/109
f 691/545/109 788/633/109 786/631/109
f 788/633/109 691/545/109 789/634/109
f 789/634/109 691/545/109 694/548/109
o Object_31
o Object_32
v 27.711592 -5.668280 -1.007694
v 27.711592 -3.400968 -1.007694
v 27.711592 -3.400968 -1.133656
v 27.711592 -5.668280 -1.133656
v 26.703897 -3.400968 -1.133656
v 27.711592 -3.400968 -1.133656
v 27.711592 -3.400968 -1.007694
v 26.703897 -3.400968 -1.007694
v 24.688509 -5.668280 -1.007694
v 24.688509 -5.668280 -1.133656
v 24.688509 -3.400968 -1.133656
v 24.688509 -3.400968 -1.007694
v 24.688509 -3.400968 -1.007694
v 24.688509 -3.400968 -1.133656
vn -1.0000 -0.0000 -0.0000
vn -0.0000 -1.0000 -0.0000
vn 1.0000 -0.0000 -0.0000
vt 2.065972 7.000000
vt 2.065972 4.750000
vt 2.343750 4.750000
vt 2.343750 7.000000
vt 2.343750 26.875000
vt 2.343750 27.875000
vt 2.065972 27.875000
vt 2.065972 26.875000
vt 2.065972 24.875000
vt 2.343750 24.875000
s 0
usemtl material_37_29
f 791/635/163 792/636/163 793/637/163
f 791/635/163 793/637/163 794/638/163
f 795/639/164 796/640/164 797/641/164
f 795/639/164 797/641/164 798/642/164
f 799/635/165 800/638/165 801/637/165
f 799/635/165 801/637/165 802/636/165
f 795/639/164 798/642/164 803/643/164
f 795/639/164 803/643/164 804/644/164
o Object_33
v 26.703897 -3.400968 -1.007694
v 27.711592 -3.400968 -1.007694
v 27.711592 -5.668280 -1.007694
v 26.703897 -5.668280 -1.007694
v 24.688509 -3.400968 -1.007694
v 24.688509 -5.668280 -1.007694
vn -0.0000 -0.0000 -1.0000
vt 8.664583 2.995028
vt 8.997916 2.995028
vt 8.997916 4.017756
vt 8.664583 4.017756
vt 7.997917 2.995028
vt 7.997917 4.017756
s 0
usemtl material_37_30
f 805/645/166 806/646/166 807/647/166
f 805/645/166 807/647/166 808/648/166
f 809/649/166 805/645/166 808/648/166
f 809/649/166 808/648/166 810/650/166
o Object_34
o Object_35
o Object_36
o Object_37
v 15.320102 -0.188943 -11.352305
v 15.320102 -0.125962 -11.352305
v 15.068178 -0.125962 -11.352305
v 15.068178 -0.188943 -11.352305
v 15.068178 -0.188943 -11.352305
v 15.068178 -0.125962 -11.352305
v 15.068178 -0.125962 -11.604229
v 15.068178 -0.188943 -11.604229
v 15.068178 -0.188943 -11.604229
v 15.068178 -0.125962 -11.604229
v 15.320102 -0.125962 -11.604229
v 15.320102 -0.188943 -11.604229
v 15.320102 -0.188943 -11.604229
v 15.320102 -0.125962 -11.604229
v 15.320102 -0.125962 -11.352305
v 15.320102 -0.188943 -11.352305
v 15.320102 -0.125962 -11.352305
v 15.320102 -0.125962 -11.604229
v 15.068178 -0.125962 -11.604229
v 15.068178 -0.125962 -11.352305
v 15.052433 -0.188943 -7.353019
v 15.052433 -0.125962 -7.353019
v 15.052433 -0.125962 -7.604942
v 15.052433 -0.188943 -7.604942
v 15.304357 -0.188943 -7.353019
v 15.304357 -0.125962 -7.353019
v 15.052433 -0.125962 -7.353019
v 15.052433 -0.188943 -7.353019
v 15.052433 -0.188943 -7.604942
v 15.052433 -0.125962 -7.604942
v 15.304357 -0.125962 -7.604942
v 15.304357 -0.188943 -7.604942
v 15.304357 -0.188943 -7.604942
v 15.304357 -0.125962 -7.604942
v 15.304357 -0.125962 -7.353019
v 15.304357 -0.188943 -7.353019
v 15.304357 -0.125962 -7.353019
v 15.304357 -0.125962 -7.604942
v 15.052433 -0.125962 -7.604942
v 15.052433 -0.125962 -7.353019
vn -0.0000 -0.0000 1.0000
vn -1.0000 -0.0000 -0.0000
vn -0.0000 -0.0000 -1.0000
vn 1.0000 -0.0000 -0.0000
vn -0.0000 1.0000 -0.0000
vt -0.312500 8.343750
vt -0.281250 8.343750
vt -0.281250 8.218750
vt -0.312500 8.218750
vt -0.312500 6.531250
vt -0.281250 6.531250
vt -0.281250 6.656250
vt -0.312500 6.656250
vt 5.875000 8.625000
vt 6.000000 8.625000
vt 6.000000 8.500000
vt 5.875000 8.500000
vt -0.312500 4.531250
vt -0.281250 4.531250
vt -0.281250 4.656250
vt -0.312500 4.656250
vt 2.875000 8.625000
vt 3.000000 8.625000
vt 3.000000 8.500000
vt 2.875000 8.500000
s 0
usemtl material_37_34
f 811/651/167 812/652/167 813/653/167
f 811/651/167 813/653/167 814/654/167
f 815/655/168 816/656/168 817/657/168
f 815/655/168 817/657/168 818/658/168
f 819/654/169 820/653/169 821/652/169
f 819/654/169 821/652/169 822/651/169
f 823/658/170 824/657/170 825/656/170
f 823/658/170 825/656/170 826/655/170
f 827/659/171 828/660/171 829/661/171
f 827/659/171 829/661/171 830/662/171
f 831/663/168 832/664/168 833/665/168
f 831/663/168 833/665/168 834/666/168
f 835/651/167 836/652/167 837/653/167
f 835/651/167 837/653/167 838/654/167
f 839/654/169 840/653/169 841/652/169
f 839/654/169 841/652/169 842/651/169
f 843/666/170 844/665/170 845/664/170
f 843/666/170 845/664/170 846/663/170
f 847/667/171 848/668/171 849/669/171
f 847/667/171 849/669/171 850/670/171
o Object_38
o Object_39
o Object_40
o Object_41
v 17.382725 -1.070675 -12.454471
v 17.382725 -1.070675 -11.887643
v 17.319744 -1.070675 -11.887643
v 17.319744 -1.070675 -12.454471
vn -0.0000 -1.0000 -0.0000
vt 20.979343 69.375000
vt 20.025953 69.375000
vt 20.025953 69.125000
vt 20.979343 69.125000
s 0
usemtl material_37_38
f 851/671/172 852/672/172 853/673/172
f 851/671/172 853/673/172 854/674/172
o Object_42
o Object_43
o Object_44
o Object_45
v 17.634649 -1.259618 -7.179821
v 17.382725 -1.511541 -7.179821
v 17.382725 -2.267312 -7.179821
v 17.634649 -2.267312 -7.179821
v 17.256763 -1.637503 -7.179821
v 16.878880 -1.763465 -7.179821
v 16.910370 -1.889427 -7.179821
v 17.256763 -1.889427 -7.179821
v 16.878880 -1.763465 -8.187515
v 17.256763 -1.637503 -8.187515
v 17.256763 -1.889427 -8.187515
v 16.910370 -1.889427 -8.187515
v 17.256763 -1.889427 -8.187515
v 17.256763 -1.889427 -7.179821
v 16.910370 -1.889427 -7.179821
v 16.910370 -1.889427 -8.187515
v 16.878880 -1.763465 -8.187515
v 16.910370 -1.889427 -8.187515
v 16.910370 -1.889427 -7.179821
v 16.878880 -1.763465 -7.179821
v 17.256763 -1.889427 -8.187515
v 17.256763 -2.267312 -8.187515
v 17.256763 -2.267312 -7.179821
v 17.256763 -1.889427 -7.179821
v 17.634649 -1.259618 -8.187515
v 17.382725 -2.267312 -8.187515
v 17.382725 -1.511541 -8.187515
v 17.634649 -2.267312 -8.187515
v 17.256763 -2.267312 -7.179821
v 17.256763 -2.267312 -8.187515
vn -0.0000 -0.0000 1.0000
vn -0.0000 -0.0000 -1.0000
vn -0.0000 -1.0000 -0.0000
vn -0.9701 -0.2425 -0.0000
vn -1.0000 -0.0000 -0.0000
vt 23.458334 1.531250
vt 23.125000 1.656250
vt 23.125000 2.031250
vt 23.458334 2.031250
vt 22.958334 1.718750
vt 22.458334 1.781250
vt 22.500000 1.843750
vt 22.958334 1.843750
vt 22.958334 -3.156250
vt 22.958334 -2.656250
vt 22.500000 -2.656250
vt 22.500000 -3.156250
vt 10.958334 1.781250
vt 10.958334 1.843750
vt 9.625000 1.843750
vt 9.625000 1.781250
vt 10.958334 2.031250
vt 9.625000 2.031250
vt 22.958334 2.031250
s 0
usemtl material_37_42
f 855/675/173 856/676/173 857/677/173
f 855/675/173 857/677/173 858/678/173
f 859/679/173 860/680/173 861/681/173
f 859/679/173 861/681/173 862/682/173
f 863/680/174 864/679/174 865/682/174
f 863/680/174 865/682/174 866/681/174
f 867/683/175 868/684/175 869/685/175
f 867/683/175 869/685/175 870/686/175
f 871/687/176 872/688/176 873/689/176
f 871/687/176 873/689/176 874/690/176
f 875/688/177 876/691/177 877/692/177
f 875/688/177 877/692/177 878/689/177
f 879/675/174 880/677/174 881/676/174
f 880/677/174 879/675/174 882/678/174
f 857/677/173 862/682/173 883/693/173
f 862/682/173 857/677/173 859/679/173
f 859/679/173 857/677/173 856/676/173
f 881/676/174 865/682/174 864/679/174
f 865/682/174 881/676/174 884/693/174
f 884/693/174 881/676/174 880/677/174
o Object_46
v 17.634649 -1.259618 -8.187515
v 17.382725 -1.511541 -8.187515
v 17.382725 -1.511541 -7.179821
v 17.634649 -1.259618 -7.179821
v 13.477911 -1.763465 -12.394639
v 13.477911 -1.763465 -12.722139
v 13.477911 -0.629809 -12.722139
v 13.477911 -0.629809 -12.394639
v 17.256763 -1.637503 -8.187515
v 17.256763 -1.637503 -7.179821
v 13.477911 -1.763465 -8.691362
v 13.477911 -0.629809 -8.691362
v 13.477911 -0.629809 -6.298089
v 13.477911 -1.763465 -6.298089
v 13.477911 -0.629809 -11.865600
vn -0.7071 0.7071 -0.0000
vn 1.0000 -0.0000 -0.0000
vt 7.984375 43.968750
vt 7.984375 43.343750
vt 6.984375 43.343750
vt 6.984375 43.968750
vt 10.729911 4.025568
vt 11.039434 4.025568
vt 11.039434 1.980114
vt 10.729911 1.980114
vt 7.984375 43.031250
vt 6.984375 43.031250
vt 7.229911 4.025568
vt 7.229911 1.980114
vt 4.968006 1.980114
vt 4.968006 4.025568
vt 10.229911 1.980114
s 0
usemtl material_37_43
f 885/694/178 886/695/178 887/696/178
f 885/694/178 887/696/178 888/697/178
s 1
f 889/698/179 890/699/179 891/700/179
f 889/698/179 891/700/179 892/701/179
s 0
f 886/695/178 893/702/178 894/703/178
f 886/695/178 894/703/178 887/696/178
f 895/704/179 896/705/179 897/706/179
f 895/704/179 897/706/179 898/707/179
f 895/704/179 899/708/179 896/705/179
f 899/708/179 895/704/179 892/701/179
f 892/701/179 895/704/179 889/698/179
o Object_47
o Object_48
o Object_49
v 30.482750 1.637503 -17.130802
v 34.513527 1.637503 -13.100025
v 34.513527 12.218292 -13.100025
v 30.482750 12.218292 -17.130802
v 29.601019 1.637503 -18.012535
v 29.601019 12.218292 -18.012535
v 27.176254 1.637503 -18.012535
v 27.176254 -4.786548 -18.012535
v 29.601019 -4.786548 -18.012535
v 29.601019 1.637503 -18.012535
v 34.513527 -4.786548 -13.100025
v 34.513527 -4.786548 -8.817325
v 34.513527 1.637503 -8.817325
v 32.498138 -5.416357 -12.292453
v 32.498138 -4.786548 -12.292453
v 32.498138 -4.786548 -12.297019
v 32.498138 -5.416357 -12.297019
v 27.207745 -5.668280 -15.997147
v 27.207745 -4.786548 -15.997147
v 27.207745 -4.786548 -15.745222
v 27.207745 -5.668280 -13.981758
v 32.498138 -5.668280 -12.292453
v 32.498138 -5.416357 -12.292453
v 30.482750 -5.416357 -11.462523
v 30.482750 -5.668280 -11.462523
v 28.798012 -4.786548 -15.997147
v 28.798012 -5.416357 -15.997147
v 28.793446 -5.416357 -15.997147
v 28.793446 -5.668280 -15.997147
v 27.963516 -5.668280 -13.981758
v 27.963516 -5.416357 -13.981758
v 28.793446 -4.786548 -15.997147
v 28.793446 -5.416357 -15.997147
v 28.798012 -5.416357 -15.997147
v 28.798012 -4.786548 -15.997147
v 30.482750 -5.668280 -11.462523
v 30.482750 -5.416357 -11.462523
v 23.606655 -5.416357 -15.997147
v 23.606655 -4.786548 -15.997147
v 23.602089 -4.786548 -15.997147
v 23.602089 -5.416357 -15.997147
v 22.767591 1.637503 -18.012535
v 22.767591 -4.786548 -18.012535
v 22.767591 -4.786548 -18.012535
v 22.767591 -5.416357 -18.012535
v 23.602089 -5.416357 -15.997147
v 23.602089 -4.786548 -15.997147
v 17.886574 -1.007694 -13.131516
v 17.886574 -1.007694 -11.210598
v 17.886574 -1.637503 -11.210598
v 17.886574 -1.637503 -13.131516
v 25.192356 -5.668280 -13.981758
v 25.192356 -4.786548 -15.745222
v 25.192356 -4.786548 -15.997147
v 25.192356 -5.668280 -15.997147
v 21.917351 -5.416357 -11.462523
v 21.917351 -5.668280 -11.462523
v 24.436584 -5.668280 -13.981758
v 24.436584 -5.416357 -13.981758
v 23.606655 -5.668280 -15.997147
v 23.606655 -5.416357 -15.997147
v 21.917351 -5.668280 -11.462523
v 21.917351 -5.416357 -11.462523
v 17.890509 -5.416357 -13.135452
v 17.890509 -5.668280 -13.135452
v 34.513527 2.015388 -8.817325
v 34.513527 2.015388 -6.266599
v 34.513527 12.218292 -6.266599
v 34.513527 12.218292 -8.817325
v 29.632509 2.015388 -1.385580
v 29.632509 12.218292 -1.385580
v 17.886574 2.015388 -6.266599
v 17.886574 2.015388 -8.817325
v 17.886574 12.218292 -8.817325
v 17.886574 12.218292 -6.266599
v 26.703897 2.015388 -1.385580
v 28.215439 2.015388 -1.385580
v 28.215439 -3.149045 -1.385580
v 26.703897 -3.149045 -1.385580
v 29.623220 -5.416357 -1.385580
v 29.623220 2.015388 -1.385580
v 29.632509 2.015388 -1.385580
v 29.632509 -5.416357 -1.385580
v 32.498138 -4.786548 -7.105661
v 32.498138 -5.416357 -7.105661
v 32.498138 -5.416357 -7.101095
v 32.498138 -4.786548 -7.101095
v 32.498138 -4.786548 -7.101095
v 32.498138 -5.416357 -7.101095
v 34.513527 -5.416357 -6.266599
v 34.513527 -4.786548 -6.266599
v 29.623220 -5.668280 -1.385580
v 29.623220 -5.416357 -1.385580
v 27.963516 -5.416357 -5.416357
v 27.963516 -5.668280 -5.416357
v 30.482750 -5.416357 -7.935592
v 30.482750 -5.668280 -7.935592
v 32.498138 -5.416357 -7.105661
v 32.498138 -5.668280 -7.105661
v 30.482750 -5.668280 -7.935592
v 30.482750 -5.416357 -7.935592
v 24.436584 -5.416357 -5.416357
v 24.436584 -5.668280 -5.416357
v 21.917351 -5.668280 -7.935592
v 21.917351 -5.416357 -7.935592
v 17.900902 -5.416357 -6.252270
v 17.900902 2.015388 -6.252270
v 22.767591 2.015388 -1.385580
v 22.767591 -5.416357 -1.385580
v 21.917351 -5.416357 -7.935592
v 21.917351 -5.668280 -7.935592
v 17.900902 -5.668280 -6.252270
v 17.900902 -5.416357 -6.252270
v 17.886574 -1.007694 -6.266599
v 17.886574 -1.637503 -6.266599
v 17.886574 -1.637503 -8.187515
v 17.886574 -1.007694 -8.187515
v 22.776880 -5.416357 -1.385580
v 22.776880 -5.668280 -1.385580
v 24.436584 -5.668280 -5.416357
v 24.436584 -5.416357 -5.416357
v 24.184662 -3.149045 -1.385580
v 24.184662 2.015388 -1.385580
v 22.776880 2.015388 -1.385580
v 22.776880 -5.416357 -1.385580
v 22.767591 -5.416357 -1.385580
v 22.767591 2.015388 -1.385580
v 17.886574 12.218292 -13.131516
v 17.886574 1.637503 -13.131516
v 17.886574 1.637503 -8.817325
v 22.767591 12.218292 -18.012535
v 29.601019 12.218292 -18.012535
v 17.886574 1.637503 -13.131516
v 22.767591 12.218292 -18.012535
v 17.886574 12.218292 -13.131516
v 22.767591 1.637503 -18.012535
v 29.601019 -4.786548 -18.012535
v 32.498138 -4.786548 -8.817325
v 32.498138 -5.668280 -8.817325
v 32.498138 -5.668280 -12.292453
v 28.793446 -5.668280 -15.997147
v 27.207745 -4.786548 -15.997147
v 27.207745 -5.668280 -15.997147
v 17.890509 -5.416357 -13.135452
v 17.890509 1.637503 -13.135452
v 22.767591 -4.786548 -18.012535
v 22.767591 -5.416357 -18.012535
v 17.886574 -1.007694 -13.131516
v 17.886574 -1.637503 -13.131516
v 17.886574 -5.668280 -13.131516
v 17.890509 -5.668280 -13.135452
v 25.192356 -5.668280 -15.997147
v 23.606655 -5.668280 -15.997147
v 25.192356 -4.786548 -15.997147
v 17.886574 -5.668280 -8.817325
v 17.886574 -1.637503 -9.447134
v 17.886574 -1.637503 -8.817325
v 17.886574 -1.637503 -9.950981
v 17.886574 -5.668280 -13.131516
v 17.886574 -1.007694 -8.817325
v 29.632509 12.218292 -1.385580
v 28.750776 2.015388 -1.385580
v 28.750776 12.218292 -1.385580
v 17.886574 12.218292 -6.266599
v 22.767591 12.218292 -1.385580
v 17.886574 2.015388 -6.266599
v 22.767591 12.218292 -1.385580
v 34.513527 -4.786548 -6.266599
v 28.215439 -3.400968 -1.385580
v 28.215439 -5.668280 -1.385580
v 29.623220 -5.668280 -1.385580
v 29.632509 -5.416357 -1.385580
v 34.513527 -5.416357 -6.266599
v 32.498138 -5.668280 -7.105661
v 17.886574 -1.007694 -6.266599
v 17.886574 -1.637503 -6.266599
v 17.886574 -5.668280 -6.266599
v 17.900902 -5.668280 -6.252270
v 17.886574 -5.668280 -6.266599
v 22.776880 -5.668280 -1.385580
v 24.184662 -5.668280 -1.385580
v 22.767591 2.015388 -1.385580
v 22.767591 2.015388 -1.385580
v 28.793446 -4.786548 -15.997147
v 27.963516 -5.668280 -13.981758
v 27.963516 -5.668280 -5.416357
v 17.900902 2.015388 -6.252270
v 17.900902 2.015388 -6.252270
v 17.886574 -1.007694 -6.266599
v 27.963516 -5.416357 -13.981758
v 27.963516 -5.416357 -5.416357
v 24.436584 -5.668280 -13.981758
v 24.436584 -5.416357 -13.981758
v 17.886574 2.015388 -6.266599
v 17.886574 2.015388 -6.266599
vn -0.7071 -0.0000 0.7071
vn -0.9261 -0.0000 0.3772
vn -0.8373 -0.0000 0.5467
vn -0.3479 -0.0000 0.9375
vn -0.0866 -0.0000 0.9962
vn -0.0000 -0.0000 1.0000
vn -0.5563 -0.0000 0.8310
vn -0.3478 -0.0000 0.9376
vn -0.8820 -0.0000 0.4712
vn -1.0000 -0.0000 -0.0000
vn -0.7080 -0.0001 0.7062
vn -0.7073 -0.0000 0.7069
vn 1.0000 -0.0000 -0.0000
vn 0.3808 -0.0000 0.9247
vn -0.7063 -0.0000 0.7080
vn -0.9247 -0.0000 -0.3808
vn -0.7063 -0.0000 0.7079
vn -0.7069 -0.0000 0.7073
vn 0.5209 -0.0000 0.8536
vn 0.3534 -0.0000 0.9355
vn -0.9239 -0.0000 0.3826
vn 1.0000 -0.0000 0.0029
vn 1.0000 -0.0000 0.0005
vn 0.7071 -0.0000 0.7071
vn 0.9247 -0.0000 -0.3808
vn -0.3837 -0.0000 0.9235
vn -0.8001 -0.0000 -0.5998
vn -0.8984 -0.0000 -0.4393
vn -0.7064 -0.0000 -0.7078
vn -0.6463 -0.0000 -0.7631
vn 0.9104 -0.0000 -0.4138
vn 0.7836 -0.0000 -0.6213
vn -0.0000 -0.0000 -1.0000
vn -0.7065 -0.0000 -0.7077
vn -0.3826 -0.0000 0.9239
vn -0.9247 -0.0000 0.3807
vn -0.7071 -0.0000 -0.7071
vn 0.3808 -0.0000 -0.9247
vn 0.7071 -0.0000 -0.7071
vn -0.3865 -0.0000 -0.9223
vn 0.9247 -0.0000 0.3807
vn 0.5266 -0.0000 -0.8501
vn 0.9393 -0.0000 0.3432
vn 0.8591 -0.0000 0.5118
vn 0.4214 -0.0000 0.9069
vn 0.4215 -0.0000 0.9068
vn 0.9392 -0.0000 0.3433
vn -0.5564 -0.0000 0.8309
vn 0.3535 -0.0000 0.9354
vn 1.0000 -0.0000 0.0006
vn 1.0000 -0.0000 0.0009
vn 0.4098 -0.0000 -0.9122
vn 0.9103 -0.0000 -0.4138
vn -0.0000 1.0000 -0.0000
vn -0.8259 -0.0000 -0.5638
vn 0.7070 -0.0000 -0.7072
vt 6.930556 1.388021
vt 5.152778 1.388021
vt 5.152778 0.513021
vt 6.930556 0.513021
vt 7.319445 1.388021
vt 7.319445 0.513021
vt 11.902779 1.388021
vt 11.902779 1.919271
vt 12.972223 1.919271
vt 12.972223 1.388021
vt 5.152778 1.919271
vt 3.263889 1.919271
vt 3.263889 1.388021
vt 6.965730 2.003906
vt 6.965730 1.925781
vt 6.968750 1.925781
vt 6.968750 2.003906
vt 9.416667 2.035156
vt 9.416667 1.925781
vt 9.250000 1.925781
vt 8.083334 2.035156
vt 20.333334 2.035156
vt 20.333334 2.003906
vt 19.000000 2.003906
vt 19.000000 2.035156
vt 9.416667 2.003906
vt 8.083334 2.003906
vt 17.882397 1.925781
vt 17.882397 2.003906
vt 17.885418 2.003906
vt 17.885418 1.925781
vt 6.416667 2.035156
vt 6.416667 2.003906
vt 14.450938 2.003906
vt 14.450938 1.925781
vt 14.447917 1.925781
vt 14.447917 2.003906
vt 9.958334 1.388021
vt 9.958334 1.919271
vt 10.750000 1.925781
vt 10.750000 2.003906
vt 4.062500 1.606771
vt 3.215278 1.606771
vt 3.215278 1.658854
vt 4.062500 1.658854
vt 13.333334 2.035156
vt 13.333334 2.003906
vt 10.669271 2.003906
vt 10.669271 2.035156
vt 3.263889 1.356771
vt 2.138889 1.356771
vt 2.138889 0.513021
vt 3.263889 0.513021
vt -0.013889 1.356771
vt -0.013889 0.513021
vt 1.034722 1.356771
vt 2.159722 1.356771
vt 2.159722 0.513021
vt 1.034722 0.513021
vt 10.611112 1.356771
vt 11.277779 1.356771
vt 11.277779 1.783854
vt 10.611112 1.783854
vt 11.898682 1.971354
vt 11.898682 1.356771
vt 11.902779 1.356771
vt 11.902779 1.971354
vt 3.534271 1.925781
vt 3.534271 2.003906
vt 3.531250 2.003906
vt 3.531250 1.925781
vt 20.333334 1.925781
vt 21.666668 2.003906
vt 21.666668 1.925781
vt -0.250000 2.035156
vt -0.250000 2.003906
vt 2.416667 2.003906
vt 2.416667 2.035156
vt 4.083333 2.003906
vt 4.083333 2.035156
vt 2.708333 2.000000
vt 2.708333 2.031250
vt 4.375000 2.031250
vt 4.375000 2.000000
vt 1.590903 1.971354
vt 1.590903 1.356771
vt -0.555556 1.356771
vt -0.555556 1.971354
vt 10.676147 2.035156
vt 10.676147 2.003906
vt 1.034722 1.606771
vt 1.034722 1.658854
vt 1.881945 1.658854
vt 1.881945 1.606771
vt -0.250000 2.000000
vt -0.250000 2.031250
vt 2.416667 2.031250
vt 2.416667 2.000000
vt 9.500000 1.783854
vt 9.500000 1.356771
vt 8.879097 1.356771
vt 8.879097 1.971354
vt 8.875000 1.971354
vt 8.875000 1.356771
vt 4.062500 0.513021
vt 4.062500 1.388021
vt 2.159722 1.388021
vt 9.958334 0.513021
vt 12.972223 0.513021
vt 4.833334 1.388021
vt 6.986112 0.513021
vt 4.833334 0.513021
vt 6.986112 1.388021
vt 7.319445 1.919271
vt 4.666667 1.925781
vt 4.666667 2.035156
vt 6.965730 2.035156
vt 17.882397 2.035156
vt 16.833334 1.925781
vt 16.833334 2.035156
vt 4.835070 1.971354
vt 4.835070 1.388021
vt 6.986112 1.919271
vt 6.986112 1.971354
vt 4.833334 1.606771
vt 4.833334 1.658854
vt 4.833334 1.992188
vt 4.835070 1.992188
vt 15.500000 2.035156
vt 14.450938 2.035156
vt 15.500000 1.925781
vt 2.159722 1.992188
vt 2.437500 1.658854
vt 2.159722 1.658854
vt 2.659722 1.658854
vt 4.062500 1.992188
vt 2.159722 1.606771
vt 11.902779 0.513021
vt 11.513889 1.356771
vt 11.513889 0.513021
vt 1.597222 0.513021
vt -0.555556 0.513021
vt 1.597222 1.356771
vt 8.875000 0.513021
vt 2.138889 1.919271
vt 11.277779 1.804688
vt 11.277779 1.992188
vt 11.898682 1.992188
vt -0.013889 1.971354
vt 2.138889 1.971354
vt 3.534271 2.035156
vt 1.597222 1.606771
vt 1.597222 1.658854
vt 1.597222 1.992188
vt 1.590903 1.992188
vt 1.034722 1.992188
vt 8.879097 1.992188
vt 9.500000 1.992188
s 1
usemtl material_37_46
f 900/709/180 901/710/181 902/711/182
f 900/709/180 902/711/182 903/712/180
f 904/713/183 900/709/180 903/712/180
f 904/713/183 903/712/180 905/714/184
f 906/715/185 907/716/185 908/717/186
f 906/715/185 908/717/186 909/718/187
f 901/710/181 910/719/188 911/720/189
f 901/710/181 911/720/189 912/721/189
f 913/722/189 914/723/189 915/724/190
f 913/722/189 915/724/190 916/725/191
s 0
f 917/726/192 918/727/192 919/728/192
f 917/726/192 919/728/192 920/729/192
f 921/730/193 922/731/193 923/732/193
f 921/730/193 923/732/193 924/733/193
s 1
f 925/727/180 926/734/194 916/725/191
f 925/727/180 916/725/191 915/724/190
s 0
f 927/734/195 928/726/195 929/729/195
f 927/734/195 929/729/195 930/735/195
s 1
f 931/736/185 932/737/185 933/738/196
f 931/736/185 933/738/196 934/739/197
s 0
f 1089/735/180 1084/729/180 935/740/180
f 1089/735/180 935/740/180 936/741/180
s 1
f 937/742/185 938/743/185 939/744/185
f 937/742/185 939/744/185 940/745/185
f 906/715/185 941/746/198 942/747/199
f 906/715/185 942/747/199 907/716/185
s 0
f 943/748/200 944/749/200 945/734/200
f 943/748/200 945/734/200 946/727/200
s 1
f 947/750/201 948/751/192 949/752/192
f 947/750/201 949/752/192 950/753/202
s 0
f 951/729/189 952/728/189 953/727/189
f 951/729/189 953/727/189 954/726/189
f 955/741/203 956/740/203 957/729/203
f 955/741/203 957/729/203 958/735/203
f 959/726/204 960/734/204 1092/735/204
f 959/726/204 1092/735/204 1091/729/204
f 961/754/205 962/755/205 963/756/205
f 961/754/205 963/756/205 964/757/205
s 1
f 965/758/189 966/759/206 967/760/207
f 965/758/189 967/760/207 968/761/189
f 966/759/206 969/762/208 970/763/209
f 966/759/206 970/763/209 967/760/207
f 971/764/210 972/765/192 973/766/192
f 971/764/210 973/766/192 974/767/211
s 0
f 975/768/212 976/769/212 977/770/212
s 1
f 975/768/212 977/770/212 978/771/212
f 979/772/212 980/773/212 981/774/208
f 979/772/212 981/774/208 982/775/213
s 0
f 983/776/189 984/777/189 985/778/189
f 983/776/189 985/778/189 986/779/189
f 987/780/214 988/731/214 989/781/214
f 987/780/214 989/781/214 990/782/214
f 991/783/215 992/784/215 993/785/215
f 991/783/215 993/785/215 994/786/215
f 995/787/216 996/788/216 1085/786/216
f 995/787/216 1085/786/216 1090/785/216
f 997/731/217 998/730/217 999/733/217
f 997/731/217 999/733/217 1000/732/217
f 1001/789/218 1002/790/218 1003/791/218
f 1001/789/218 1003/791/218 1004/792/218
f 1005/793/218 1006/794/218 1007/795/218
f 1005/793/218 1007/795/218 1008/796/218
f 1009/755/219 1010/754/219 1011/797/219
f 1009/755/219 1011/797/219 1012/798/219
f 1013/799/192 1014/800/192 1015/801/192
f 1013/799/192 1015/801/192 1016/802/192
f 1017/803/220 1018/804/220 1019/805/220
f 1017/803/220 1019/805/220 1020/806/220
f 975/768/212 978/771/212 1021/807/212
f 975/768/212 1021/807/212 1022/808/212
f 1023/809/212 1024/810/212 1025/811/212
s 1
f 1023/809/212 1025/811/212 1026/812/221
f 901/710/181 968/761/189 902/711/182
f 968/761/189 901/710/181 965/758/189
f 965/758/189 901/710/181 912/721/189
f 972/765/192 1027/813/222 973/766/192
f 1027/813/222 972/765/192 1028/814/223
f 1028/814/223 972/765/192 1029/815/192
f 906/715/185 1030/816/224 941/746/198
f 1030/816/224 906/715/185 1031/817/184
f 1031/817/184 906/715/185 909/718/187
f 1032/818/223 1033/819/225 1034/820/226
f 1033/819/225 1032/818/223 1035/821/198
f 1036/822/227 900/709/180 904/713/183
f 900/709/180 1036/822/227 901/710/181
f 901/710/181 1036/822/227 910/719/188
s 0
f 913/722/189 1037/823/189 914/723/189
f 1037/823/189 913/722/189 1038/824/189
f 1038/824/189 913/722/189 1039/825/189
f 1040/826/185 1041/827/185 1042/828/185
f 1041/827/185 1040/826/185 1083/736/185
s 1
f 1043/829/203 1035/821/198 1044/830/203
f 1035/821/198 1043/829/203 1045/831/228
f 1045/831/228 1043/829/203 1046/832/203
f 1047/833/201 1044/830/203 1032/818/223
f 1044/830/203 1047/833/201 1043/829/203
f 1043/829/203 1047/833/201 1048/834/229
f 1043/829/203 1048/834/229 1049/835/230
f 1043/829/203 1049/835/230 1050/836/203
s 0
f 1051/837/185 937/742/185 1052/838/185
f 937/742/185 1051/837/185 938/743/185
f 938/743/185 1051/837/185 1053/839/185
f 1054/840/192 1055/841/192 1056/842/192
f 1055/841/192 1054/840/192 1057/843/192
f 1057/843/192 1054/840/192 949/752/192
s 1
f 949/752/192 1054/840/192 950/753/202
f 950/753/202 1054/840/192 1058/844/230
f 1059/845/192 1028/814/223 1029/815/192
f 1028/814/223 1059/845/192 947/750/201
f 1060/846/209 1061/847/212 1062/848/212
f 1061/847/212 1060/846/209 980/773/212
f 980/773/212 1060/846/209 981/774/208
f 1081/795/221 1063/849/211 1064/850/231
f 1063/849/211 1081/795/221 1065/851/232
s 0
f 1093/851/233 1082/795/233 1086/794/233
s 1
f 1062/848/212 1026/812/221 1066/852/231
f 1026/812/221 1062/848/212 1023/809/212
s 0
f 1023/809/212 1062/848/212 1022/808/212
f 1022/808/212 1062/848/212 975/768/212
f 975/768/212 1062/848/212 976/769/212
f 976/769/212 1062/848/212 1061/847/212
s 1
f 912/721/189 966/759/206 965/758/189
f 966/759/206 912/721/189 1067/853/234
f 1067/853/234 912/721/189 911/720/189
s 0
f 1061/847/212 977/770/212 976/769/212
f 977/770/212 1061/847/212 1068/854/212
f 1068/854/212 1061/847/212 1069/855/212
f 1069/855/212 1061/847/212 1070/856/212
f 1070/856/212 1061/847/212 980/773/212
s 1
f 1067/853/234 969/762/208 966/759/206
f 969/762/208 1067/853/234 1071/857/213
f 1071/857/213 1067/853/234 1072/858/216
s 0
f 1038/824/189 983/776/189 1037/823/189
f 983/776/189 1038/824/189 984/777/189
f 984/777/189 1038/824/189 1073/859/189
f 1087/794/235 1074/860/235 1094/851/235
s 1
f 1074/860/235 1087/794/235 1075/861/235
s 0
f 1075/861/235 1087/794/235 1076/862/235
f 1076/862/218 1087/794/218 1077/863/218
s 1
f 1088/799/192 972/765/192 971/764/210
f 972/765/192 1088/799/192 1029/815/192
f 1029/815/192 1088/799/192 1059/845/192
s 0
f 1078/864/192 1015/801/192 1014/800/192
f 1015/801/192 1078/864/192 1056/842/192
f 1056/842/192 1078/864/192 1054/840/192
f 1022/808/212 1024/810/212 1023/809/212
f 1024/810/212 1022/808/212 1079/865/212
f 1079/865/212 1022/808/212 1080/866/212
o Object_50
o Object_51
o Object_52
v 15.320102 -0.188943 -11.352305
v 15.068178 -0.188943 -11.352305
v 15.068178 -0.188943 -11.604229
v 15.320102 -0.188943 -11.604229
v 15.304357 -0.188943 -7.353019
v 15.052433 -0.188943 -7.353019
v 15.052433 -0.188943 -7.604942
v 15.304357 -0.188943 -7.604942
vn -0.0000 -1.0000 -0.0000
vt 61.000000 -45.000000
vt 60.000000 -45.000000
vt 60.000000 -46.000000
vt 61.000000 -46.000000
vt 61.000000 -28.000000
vt 60.000000 -28.000000
vt 60.000000 -29.000000
vt 61.000000 -29.000000
s 0
usemtl material_37_49
f 1095/867/236 1096/868/236 1097/869/236
f 1095/867/236 1097/869/236 1098/870/236
f 1099/871/236 1100/872/236 1101/873/236
f 1099/871/236 1101/873/236 1102/874/236
o Object_53
v 16.784407 -0.629809 -13.225986
v 16.784407 -0.629809 -13.100025
v 15.493299 -0.629809 -13.100025
v 15.493299 -0.629809 -13.225986
v 13.603872 -0.629809 -11.865600
v 13.603872 -0.629809 -8.691362
v 13.477911 -0.629809 -8.691362
v 13.477911 -0.629809 -11.865600
v 16.721426 -0.629809 -5.794242
v 15.808204 -0.629809 -5.794242
v 15.808204 -0.629809 -5.920204
v 16.721426 -0.629809 -5.920204
v 13.603872 -0.629809 -6.298089
v 13.477911 -0.629809 -6.298089
v 13.603872 -0.629809 -12.722139
v 13.603872 -0.629809 -12.218292
v 13.477911 -0.629809 -12.394639
v 13.477911 -0.629809 -12.722139
vn -0.0000 -1.0000 -0.0000
vt 14.046195 -24.875000
vt 14.046195 -24.625000
vt 12.932065 -24.625000
vt 12.932065 -24.875000
vt 13.083334 27.343750
vt 9.583334 27.343750
vt 9.583334 27.093750
vt 13.083334 27.093750
vt 18.015625 -10.062500
vt 17.008682 -10.062500
vt 17.008682 -10.312500
vt 18.015625 -10.312500
vt 6.944445 27.343750
vt 6.944445 27.093750
vt 13.666668 27.093750
vt 13.472223 27.343750
vt 14.027779 27.343750
vt 14.027779 27.093750
s 1
usemtl material_37_50
f 1103/875/237 1104/876/237 1105/877/237
f 1103/875/237 1105/877/237 1106/878/237
s 0
f 1107/879/237 1108/880/237 1109/881/237
f 1107/879/237 1109/881/237 1110/882/237
f 1111/883/237 1112/884/237 1113/885/237
f 1111/883/237 1113/885/237 1114/886/237
f 1108/880/237 1115/887/237 1116/888/237
f 1108/880/237 1116/888/237 1109/881/237
f 1119/889/237 1107/879/237 1110/882/237
f 1107/879/237 1119/889/237 1118/890/237
f 1118/890/237 1119/889/237 1117/891/237
f 1117/891/237 1119/889/237 1120/892/237
o Object_54
v 15.493299 -0.629809 -13.225986
v 15.493299 -1.763465 -13.225986
v 16.784407 -1.763465 -13.225986
v 16.784407 -0.629809 -13.225986
vn -0.0000 -0.0000 1.0000
vt 23.981972 1.906250
vt 23.981972 4.156250
vt 25.953125 4.156250
vt 25.953125 1.906250
s 0
usemtl material_37_51
f 1121/893/238 1122/894/238 1123/895/238
f 1121/893/238 1123/895/238 1124/896/238
o Object_55
v 13.855796 -0.125962 -8.691362
v 13.855796 -0.094471 -8.691362
v 13.855796 -0.094471 -5.920204
v 13.855796 -0.125962 -5.920204
v 13.855796 -0.125962 -11.689254
v 13.855796 -0.094471 -12.253562
v 13.855796 -0.094471 -11.689254
v 13.855796 -0.094471 -13.100025
v 13.855796 -0.125962 -13.100025
v 13.855796 -0.094471 -13.100025
v 16.469503 -0.094471 -12.253562
v 13.855796 -0.094471 -12.253562
v 16.469503 -0.094471 -13.100025
v 13.855796 -0.094471 -11.689254
v 16.469503 -0.094471 -8.691362
v 13.855796 -0.094471 -8.691362
v 16.469503 -0.094471 -12.218292
v 15.115414 -0.094471 -5.920204
v 13.855796 -0.094471 -5.920204
v 15.808204 -0.094471 -5.920204
v 15.852605 -0.094471 -5.920204
v 16.469503 -0.094471 -5.920204
vn 1.0000 -0.0000 -0.0000
vn -0.0000 -1.0000 -0.0000
vt 0.032488 9.912684
vt 0.063428 9.912684
vt 0.063428 6.677390
vt 0.032488 6.677390
vt 0.032488 13.412684
vt 0.063428 14.071507
vt 0.063428 13.412684
vt 0.063428 15.059743
vt 0.032488 15.059743
vt 13.027537 15.942097
vt 12.195854 18.993567
vt 12.195854 15.942097
vt 13.027537 18.993567
vt 11.641399 15.942097
vt 8.695854 18.993567
vt 8.695854 15.942097
vt 12.161201 18.993567
vt 5.973082 17.412685
vt 5.973082 15.942097
vt 5.973082 18.221508
vt 5.973082 18.273346
vt 5.973082 18.993567
s 0
usemtl material_37_52
f 1125/897/239 1126/898/239 1127/899/239
f 1125/897/239 1127/899/239 1128/900/239
f 1129/901/239 1130/902/239 1131/903/239
f 1130/902/239 1129/901/239 1132/904/239
f 1132/904/239 1129/901/239 1133/905/239
f 1125/897/239 1131/903/239 1126/898/239
f 1131/903/239 1125/897/239 1129/901/239
f 1134/906/240 1135/907/240 1136/908/240
f 1135/907/240 1134/906/240 1137/909/240
f 1138/910/240 1139/911/240 1140/912/240
f 1139/911/240 1138/910/240 1141/913/240
f 1141/913/240 1138/910/240 1136/908/240
f 1141/913/240 1136/908/240 1135/907/240
s 1
f 1140/912/240 1142/914/240 1143/915/240
s 0
f 1142/914/240 1140/912/240 1144/916/240
f 1144/916/240 1140/912/240 1145/917/240
f 1145/917/240 1140/912/240 1146/918/240
f 1146/918/240 1140/912/240 1139/911/240
o Object_56
o Object_57
o Object_58
o Object_59
v 31.033834 1.637503 -15.855439
v 31.033834 5.148688 -15.855439
v 30.781910 5.148688 -16.107363
v 30.781910 1.637503 -16.107363
v 31.033834 12.202547 -15.855439
v 30.781910 12.202547 -16.107363
v 32.561119 1.637503 -14.328153
v 32.561119 5.148688 -14.328153
v 31.836840 5.148688 -15.052433
v 31.836840 1.637503 -15.052433
v 32.561119 12.202547 -14.328153
v 31.836840 12.202547 -15.052433
v 30.781910 12.202547 -16.107363
v 31.033834 12.202547 -15.855439
v 31.742369 12.202547 -15.855439
v 30.781910 12.202547 -16.815897
v 31.836840 12.202547 -15.760968
v 31.836840 12.202547 -15.052433
v 32.561119 12.202547 -14.328153
v 33.269657 12.202547 -14.328153
v 33.269657 1.637503 -14.328153
v 33.269657 5.148688 -14.328153
v 32.561119 5.148688 -14.328153
v 32.561119 1.637503 -14.328153
v 31.836840 1.637503 -15.052433
v 31.836840 5.148688 -15.052433
v 31.836840 5.148688 -15.760968
v 31.836840 1.637503 -15.760968
v 31.836840 8.691362 -15.760968
v 31.836840 12.202547 -15.760968
v 33.269657 12.202547 -14.328153
v 33.269657 8.691362 -14.328153
v 31.033834 5.148688 -15.855439
v 31.033834 1.637503 -15.855439
v 31.742369 1.637503 -15.855439
v 31.742369 5.148688 -15.855439
v 30.781910 5.148688 -16.815897
v 30.781910 1.637503 -16.815897
v 30.781910 1.637503 -16.815897
v 30.781910 5.148688 -16.815897
v 31.742369 5.148688 -15.855439
v 31.742369 1.637503 -15.855439
v 30.781910 8.675617 -16.815897
v 31.742369 8.675617 -15.855439
v 30.781910 12.202547 -16.815897
v 31.742369 12.202547 -15.855439
v 31.033834 -3.133299 -15.855439
v 30.781910 -3.133299 -16.107363
v 30.781910 -3.133299 -16.815897
v 31.742369 -3.133299 -15.855439
v 33.269657 -3.133299 -14.328153
v 32.561119 -3.133299 -14.328153
v 31.836840 -3.133299 -15.052433
v 31.836840 -3.133299 -15.760968
v 31.836840 -3.133299 -15.052433
v 31.836840 -3.133299 -15.760968
v 33.269657 -3.133299 -14.328153
v 32.561119 -3.133299 -14.328153
v 32.561119 -3.133299 -14.328153
v 31.836840 -3.133299 -15.052433
v 31.836840 -3.133299 -15.760968
v 31.836840 1.637503 -15.760968
v 33.269657 1.637503 -14.328153
v 33.269657 -3.133299 -14.328153
v 30.781910 -3.133299 -16.815897
v 30.781910 -1.889427 -16.815897
v 31.742369 -1.889427 -15.855439
v 31.742369 -3.133299 -15.855439
v 31.033834 -3.133299 -15.855439
v 30.781910 -3.133299 -16.107363
v 20.972637 5.132943 -3.936306
v 20.972637 2.015388 -3.936306
v 20.248356 2.015388 -3.936306
v 20.248356 5.132943 -3.936306
v 20.972637 12.186802 -3.936306
v 20.248356 12.186802 -3.936306
v 21.854368 12.186802 -2.330293
v 21.854368 12.186802 -3.054573
v 20.972637 12.186802 -3.936306
v 20.248356 12.186802 -3.936306
v 21.854368 5.132943 -2.330293
v 21.854368 2.015388 -2.330293
v 21.854368 2.015388 -3.054573
v 21.854368 5.132943 -3.054573
v 21.854368 12.186802 -2.330293
v 21.854368 12.186802 -3.054573
v 20.248356 5.132943 -3.936306
v 20.248356 2.015388 -3.936306
v 21.854368 2.015388 -2.330293
v 21.854368 5.132943 -2.330293
v 20.248356 12.186802 -3.936306
v 21.854368 12.186802 -2.330293
v 20.972637 2.015388 -3.936306
v 20.972637 5.132943 -3.936306
v 20.972637 12.186802 -3.936306
v 21.854368 -3.133299 -3.054573
v 21.854368 -3.133299 -2.330293
v 20.248356 -3.133299 -3.936306
v 20.972637 -3.133299 -3.936306
v 21.854368 -3.133299 -2.330293
v 21.854368 -3.133299 -3.054573
v 20.972637 -3.133299 -3.936306
v 20.248356 -3.133299 -3.936306
v 20.248356 -3.133299 -3.936306
v 21.854368 -3.133299 -2.330293
v 20.972637 -3.133299 -3.936306
v 32.561119 12.202547 -14.328153
v 33.269657 12.202547 -14.328153
v 31.836840 8.691362 -15.760968
v 31.836840 12.202547 -15.052433
v 31.836840 12.202547 -15.760968
v 33.269657 5.148688 -14.328153
v 31.836840 5.148688 -15.760968
v 31.033834 12.202547 -15.855439
v 31.742369 12.202547 -15.855439
v 30.781910 8.675617 -16.815897
v 30.781910 12.202547 -16.815897
v 31.742369 -3.133299 -15.855439
v 31.033834 -3.133299 -15.855439
v 30.781910 -1.889427 -16.815897
v 30.781910 -3.133299 -16.815897
vn -0.2363 -0.0000 0.9717
vn -0.2944 -0.0000 0.9557
vn -0.9673 -0.0000 0.2535
vn -0.9740 0.0001 0.2265
vn -0.1492 -0.0000 0.9888
vn -0.9520 -0.0000 0.3062
vn -0.4329 -0.0000 0.9015
vn -0.4895 -0.0000 0.8720
vn -0.8926 -0.0000 0.4508
vn -0.8833 -0.0000 0.4689
vn -0.3204 -0.0000 0.9473
vn -0.8661 -0.0000 0.4999
vn -0.0000 1.0000 -0.0000
vn -0.0000 -0.0000 1.0000
vn -0.4328 -0.0000 0.9015
vn -0.8927 -0.0000 0.4507
vn -1.0000 -0.0000 -0.0000
vn 0.7071 -0.0000 -0.7071
vn -0.2943 -0.0000 0.9557
vn -0.2362 -0.0000 0.9717
vn -0.0000 -1.0000 -0.0000
vn -0.9473 -0.0000 0.3204
vn -0.5575 -0.0000 0.8302
vn -0.3838 -0.0000 0.9234
vn -0.9766 -0.0000 0.2149
vn 0.5221 -0.0000 -0.8529
vn 0.4530 -0.0000 -0.8915
vn -0.0000 -0.0000 -1.0000
vn 0.3539 -0.0000 -0.9353
vn 1.0000 -0.0000 -0.0000
vn 0.8616 -0.0000 -0.5076
vn 0.9000 -0.0000 -0.4359
vn 0.8158 -0.0000 -0.5783
vn -0.7071 -0.0000 0.7071
vn 0.9353 -0.0000 -0.3539
vn 0.5783 -0.0000 -0.8158
vn -0.3837 -0.0000 0.9235
vt 11.239584 0.000000
vt 11.239584 -1.742188
vt 11.406250 -1.742188
vt 11.406250 0.000000
vt 11.239584 -5.242188
vt 11.406250 -5.242188
vt -8.958334 0.000000
vt -8.958334 -1.742188
vt -9.437500 -1.742188
vt -9.437500 0.000000
vt -8.958334 -5.242188
vt -9.437500 -5.242188
vt 40.729168 -14.984375
vt 41.062500 -14.734375
vt 42.000000 -14.734375
vt 40.729168 -15.687500
vt 42.125000 -14.640625
vt 42.125000 -13.937500
vt 43.083336 -13.218750
vt 44.020836 -13.218750
vt -21.489584 0.000000
vt -21.489584 -1.742188
vt -21.020834 -1.742188
vt -21.020834 0.000000
vt 10.479167 0.000000
vt 10.479167 -1.742188
vt 10.947917 -1.742188
vt 10.947917 0.000000
vt 6.270833 8.539062
vt 8.593750 8.539062
vt 8.593750 7.828125
vt 6.270833 7.828125
vt 21.281250 -1.742188
vt 21.281250 0.000000
vt 21.750000 0.000000
vt 21.750000 -1.742188
vt 11.875000 -1.742188
vt 11.875000 0.000000
vt 22.250000 -0.625000
vt 22.250000 -4.109375
vt 20.979168 -4.109375
vt 20.979168 -0.625000
vt 22.250000 -7.609375
vt 20.979168 -7.609375
vt 22.250000 -11.109375
vt 20.979168 -11.109375
vt 21.281250 -7.054688
vt 21.114584 -7.179688
vt 21.114584 -7.531250
vt 21.750000 -7.054688
vt 10.000000 17.226562
vt 10.000000 16.875000
vt 10.479167 16.515625
vt 10.947917 16.515625
vt 10.479167 2.367188
vt 10.947917 2.367188
vt -21.489584 2.367188
vt -21.020834 2.367188
vt -8.958334 2.367188
vt -9.437500 2.367188
vt -1.552083 8.539062
vt 1.604167 8.539062
vt 1.604167 7.828125
vt -1.552083 7.828125
vt 22.250000 4.109375
vt 22.250000 2.875000
vt 20.979168 2.875000
vt 20.979168 4.109375
vt 11.239584 2.367188
vt 11.406250 2.367188
vt 12.759471 -1.734375
vt 12.759471 -0.187500
vt 12.323864 -0.187500
vt 12.323864 -1.734375
vt 12.759471 -5.234375
vt 12.323864 -5.234375
vt -14.291667 -0.343750
vt -14.291667 -0.703125
vt -13.708334 -1.140625
vt -13.229167 -1.140625
vt -1.255682 -1.734375
vt -1.255682 -0.187500
vt -1.691288 -0.187500
vt -1.691288 -1.734375
vt -1.255682 -5.234375
vt -1.691288 -5.234375
vt -2.437500 -1.734375
vt -2.437500 -0.187500
vt -1.375000 -0.187500
vt -1.375000 -1.734375
vt -2.437500 -5.234375
vt -1.375000 -5.234375
vt -2.221591 -0.187500
vt -2.221591 -1.734375
vt -2.221591 -5.234375
vt -1.255682 2.367188
vt -1.691288 2.367188
vt 12.759471 2.367188
vt 12.323864 2.367188
vt -2.437500 2.367188
vt -1.375000 2.367188
vt -2.221591 2.367188
vt -21.020834 -5.242188
vt -21.489584 -5.242188
vt 10.947917 -3.500000
vt 10.479167 -5.242188
vt 10.947917 -5.242188
vt 3.927083 7.828125
vt 3.927083 8.539062
vt 21.281250 -5.242188
vt 21.750000 -5.242188
vt 11.875000 -3.492188
vt 11.875000 -5.242188
vt 21.750000 2.367188
vt 21.281250 2.367188
vt 11.875000 1.750000
vt 11.875000 2.367188
s 1
usemtl material_37_56
f 1147/919/241 1148/920/242 1149/921/243
f 1147/919/241 1149/921/243 1150/922/244
f 1148/920/242 1151/923/245 1152/924/246
f 1148/920/242 1152/924/246 1149/921/243
f 1153/925/247 1154/926/248 1155/927/249
f 1153/925/247 1155/927/249 1156/928/250
f 1154/926/248 1157/929/251 1158/930/252
f 1154/926/248 1158/930/252 1155/927/249
s 0
f 1159/931/253 1160/932/253 1161/933/253
f 1159/931/253 1161/933/253 1162/934/253
f 1163/935/253 1164/936/253 1165/937/253
f 1163/935/253 1165/937/253 1166/938/253
s 1
f 1167/939/254 1168/940/254 1169/941/248
f 1167/939/254 1169/941/248 1170/942/255
f 1171/943/250 1172/944/256 1173/945/257
f 1171/943/250 1173/945/257 1174/946/257
f 1175/947/258 1176/948/258 1177/949/258
f 1175/947/258 1177/949/258 1178/950/258
f 1179/951/259 1180/952/260 1181/953/254
f 1179/951/259 1181/953/254 1182/954/254
f 1150/922/244 1149/921/243 1183/955/257
f 1150/922/244 1183/955/257 1184/956/257
s 0
f 1185/957/258 1186/958/258 1187/959/258
f 1185/957/258 1187/959/258 1188/960/258
f 1186/958/258 1189/961/258 1190/962/258
f 1186/958/258 1190/962/258 1187/959/258
f 1189/961/258 1191/963/258 1192/964/258
f 1189/961/258 1192/964/258 1190/962/258
f 1193/965/261 1194/966/261 1195/967/261
f 1193/965/261 1195/967/261 1196/968/261
f 1197/969/261 1198/970/261 1199/971/261
f 1197/969/261 1199/971/261 1200/972/261
s 1
f 1201/973/262 1171/943/250 1174/946/257
f 1201/973/262 1174/946/257 1202/974/257
f 1203/975/254 1167/939/254 1170/942/255
f 1203/975/254 1170/942/255 1204/976/263
f 1205/977/263 1153/925/247 1156/928/250
f 1205/977/263 1156/928/250 1206/978/262
s 0
f 1207/979/258 1208/980/258 1209/981/258
f 1207/979/258 1209/981/258 1210/982/258
f 1211/983/258 1212/984/258 1213/985/258
f 1211/983/258 1213/985/258 1214/986/258
f 1212/984/258 1185/957/258 1188/960/258
f 1212/984/258 1188/960/258 1213/985/258
s 1
f 1215/987/264 1147/919/241 1150/922/244
f 1215/987/264 1150/922/244 1216/988/265
f 1217/989/266 1218/990/267 1219/991/268
f 1217/989/266 1219/991/268 1220/992/268
f 1221/993/269 1217/989/266 1220/992/268
f 1221/993/269 1220/992/268 1222/994/268
s 0
f 1223/995/253 1224/996/253 1225/997/253
f 1223/995/253 1225/997/253 1226/998/253
s 1
f 1227/999/270 1228/1000/270 1229/1001/271
f 1227/999/270 1229/1001/271 1230/1002/272
f 1231/1003/270 1227/999/270 1230/1002/272
f 1231/1003/270 1230/1002/272 1232/1004/273
s 0
f 1233/1005/274 1234/1006/274 1235/1007/274
f 1233/1005/274 1235/1007/274 1236/1008/274
f 1237/1009/274 1233/1005/274 1236/1008/274
f 1237/1009/274 1236/1008/274 1238/1010/274
s 1
f 1230/1002/272 1229/1001/271 1239/1011/267
f 1230/1002/272 1239/1011/267 1240/1012/266
f 1232/1004/273 1230/1002/272 1240/1012/266
f 1232/1004/273 1240/1012/266 1241/1013/269
s 0
f 1242/996/261 1243/995/261 1244/998/261
f 1242/996/261 1244/998/261 1245/997/261
s 1
f 1228/1000/270 1246/1014/270 1247/1015/275
f 1228/1000/270 1247/1015/275 1229/1001/271
f 1218/990/267 1248/1016/276 1249/1017/268
f 1218/990/267 1249/1017/268 1219/991/268
s 0
f 1234/1006/274 1250/1018/274 1251/1019/274
f 1234/1006/274 1251/1019/274 1235/1007/274
s 1
f 1229/1001/271 1247/1015/275 1252/1020/276
f 1229/1001/271 1252/1020/276 1239/1011/267
f 1168/940/254 1253/1021/251 1169/941/248
f 1253/1021/251 1168/940/254 1254/1022/254
f 1255/1023/257 1256/1024/252 1257/1025/257
f 1256/1024/252 1255/1023/257 1172/944/256
f 1172/944/256 1255/1023/257 1173/945/257
s 0
f 1258/1026/258 1175/947/258 1178/950/258
f 1175/947/258 1258/1026/258 1259/1027/258
s 1
f 1259/1027/258 1258/1026/258 1209/981/258
f 1259/1027/258 1209/981/258 1208/980/258
f 1182/954/254 1260/1028/245 1179/951/259
f 1260/1028/245 1182/954/254 1261/1029/254
f 1262/1030/257 1152/924/246 1263/1031/257
f 1152/924/246 1262/1030/257 1149/921/243
f 1149/921/243 1262/1030/257 1183/955/257
f 1264/1032/254 1180/952/260 1265/1033/277
f 1180/952/260 1264/1032/254 1181/953/254
f 1266/1034/257 1150/922/244 1184/956/257
f 1150/922/244 1266/1034/257 1216/988/265
f 1216/988/265 1266/1034/257 1267/1035/257
o Object_60
o Object_61
o Object_62
o Object_63
o Object_64
o Object_65
o Object_66
o Object_67
o Object_68
o Object_69
o Object_70
o Object_71
o Object_72
o Object_73
v 34.434803 4.912509 -11.383796
v 34.434803 4.786548 -11.383796
v 34.434803 4.786548 -11.163363
v 34.434803 4.912509 -11.163363
v 34.434803 4.912509 -8.360713
v 34.434803 4.786548 -8.360713
v 34.434803 4.786548 -8.140280
v 34.434803 4.912509 -8.140280
v 33.458599 4.912509 -5.337630
v 33.458599 4.786548 -5.337630
v 33.269657 4.786548 -5.148688
v 33.269657 4.912509 -5.148688
v 30.766165 4.912509 -2.645197
v 30.766165 4.786548 -2.645197
v 30.577223 4.786548 -2.456255
v 30.577223 4.912509 -2.456255
v 30.065502 1.889427 -4.085885
v 29.876560 2.050185 -4.274828
v 29.687616 2.050185 -4.085885
v 29.876560 1.889427 -3.896943
v 20.799438 -4.424407 -10.706751
v 20.799438 -4.455898 -10.706751
v 20.799438 -4.455898 -10.643770
v 20.799438 -4.424407 -10.643770
v 20.799438 -4.424407 -8.880305
v 20.799438 -4.455898 -8.880305
v 20.799438 -4.455898 -8.817325
v 20.799438 -4.424407 -8.817325
v 20.799438 -4.424407 -8.817325
v 20.799438 -4.455898 -8.817325
v 20.862419 -4.455898 -8.817325
v 20.862419 -4.424407 -8.817325
v 20.799438 -4.424407 -10.643770
v 20.799438 -4.455898 -10.643770
v 20.862419 -4.455898 -10.643770
v 20.862419 -4.424407 -10.643770
v 20.862419 -4.424407 -10.706751
v 20.862419 -4.455898 -10.706751
v 20.799438 -4.455898 -10.706751
v 20.799438 -4.424407 -10.706751
v 20.862419 -4.424407 -10.643770
v 20.862419 -4.455898 -10.643770
v 20.862419 -4.455898 -10.706751
v 20.862419 -4.424407 -10.706751
v 20.862419 -4.424407 -10.706751
v 20.799438 -4.424407 -10.706751
v 20.799438 -4.424407 -10.643770
v 20.862419 -4.424407 -10.643770
v 20.862419 -4.424407 -8.880305
v 20.862419 -4.455898 -8.880305
v 20.799438 -4.455898 -8.880305
v 20.799438 -4.424407 -8.880305
v 20.862419 -4.424407 -8.817325
v 20.862419 -4.455898 -8.817325
v 20.862419 -4.455898 -8.880305
v 20.862419 -4.424407 -8.880305
v 20.862419 -4.424407 -8.880305
v 20.799438 -4.424407 -8.880305
v 20.799438 -4.424407 -8.817325
v 20.862419 -4.424407 -8.817325
v 18.075516 -4.424407 -10.328866
v 18.075516 -4.455898 -10.328866
v 18.075516 -4.455898 -10.391847
v 18.075516 -4.424407 -10.391847
v 18.075516 -4.424407 -9.132229
v 18.075516 -4.455898 -9.132229
v 18.075516 -4.455898 -9.195210
v 18.075516 -4.424407 -9.195210
v 18.075516 -4.424407 -9.195210
v 18.075516 -4.455898 -9.195210
v 18.012535 -4.455898 -9.195210
v 18.012535 -4.424407 -9.195210
v 18.075516 -4.455898 -10.328866
v 18.012535 -4.455898 -10.328866
v 18.012535 -4.455898 -10.391847
v 18.075516 -4.455898 -10.391847
v 18.012535 -4.424407 -10.328866
v 18.012535 -4.455898 -10.328866
v 18.075516 -4.455898 -10.328866
v 18.075516 -4.424407 -10.328866
v 18.075516 -4.424407 -10.391847
v 18.075516 -4.455898 -10.391847
v 18.012535 -4.455898 -10.391847
v 18.012535 -4.424407 -10.391847
v 18.012535 -4.424407 -10.391847
v 18.012535 -4.455898 -10.391847
v 18.012535 -4.455898 -10.328866
v 18.012535 -4.424407 -10.328866
v 18.075516 -4.424407 -10.391847
v 18.012535 -4.424407 -10.391847
v 18.012535 -4.424407 -10.328866
v 18.075516 -4.424407 -10.328866
v 18.075516 -4.455898 -9.132229
v 18.012535 -4.455898 -9.132229
v 18.012535 -4.455898 -9.195210
v 18.075516 -4.455898 -9.195210
v 18.012535 -4.424407 -9.132229
v 18.012535 -4.455898 -9.132229
v 18.075516 -4.455898 -9.132229
v 18.075516 -4.424407 -9.132229
v 18.012535 -4.424407 -9.195210
v 18.012535 -4.455898 -9.195210
v 18.012535 -4.455898 -9.132229
v 18.012535 -4.424407 -9.132229
v 18.075516 -4.424407 -9.195210
v 18.012535 -4.424407 -9.195210
v 18.012535 -4.424407 -9.132229
v 18.075516 -4.424407 -9.132229
vn -1.0000 -0.0000 -0.0000
vn -0.7071 -0.0000 -0.7071
vn 0.3645 0.8569 0.3645
vn -0.0000 -0.0000 1.0000
vn -0.0000 -0.0000 -1.0000
vn 1.0000 -0.0000 -0.0000
vn -0.0000 1.0000 -0.0000
vn -0.0000 -1.0000 -0.0000
vt 39.000000 45.937500
vt 38.000000 45.937500
vt 38.000000 45.062500
vt 39.000000 45.062500
vt 39.000000 33.937500
vt 38.000000 33.937500
vt 38.000000 33.062500
vt 39.000000 33.062500
vt 39.000000 21.937500
vt 38.000000 21.937500
vt 38.000000 21.187500
vt 39.000000 21.187500
vt 39.000000 10.937500
vt 38.000000 10.937500
vt 38.000000 10.187500
vt 39.000000 10.187500
vt 96.013412 73.021828
vt 96.013412 71.981964
vt 94.952751 71.981964
vt 94.952751 73.021828
vt 41.750000 17.812500
vt 41.750000 17.937500
vt 41.500000 17.937500
vt 41.500000 17.812500
vt 34.500000 17.812500
vt 34.500000 17.937500
vt 34.250000 17.937500
vt 34.250000 17.812500
vt 81.812500 17.812500
vt 81.812500 17.937500
vt 82.062500 17.937500
vt 82.062500 17.812500
vt 82.062500 -41.250000
vt 81.812500 -41.250000
vt 81.812500 -41.000000
vt 82.062500 -41.000000
vt 82.062500 -34.000000
vt 81.812500 -34.000000
vt 81.812500 -33.750000
vt 82.062500 -33.750000
vt 40.250000 17.812500
vt 40.250000 17.937500
vt 40.500000 17.937500
vt 40.500000 17.812500
vt 35.500000 17.812500
vt 35.500000 17.937500
vt 35.750000 17.937500
vt 35.750000 17.812500
vt 71.000000 17.812500
vt 71.000000 17.937500
vt 70.750000 17.937500
vt 70.750000 17.812500
vt 71.000000 -39.750000
vt 70.750000 -39.750000
vt 70.750000 -40.000000
vt 71.000000 -40.000000
vt 71.000000 -35.000000
vt 70.750000 -35.000000
vt 70.750000 -35.250000
vt 71.000000 -35.250000
s 0
usemtl Merged_materials
f 1268/1036/278 1269/1037/278 1270/1038/278
f 1268/1036/278 1270/1038/278 1271/1039/278
f 1272/1040/278 1273/1041/278 1274/1042/278
f 1272/1040/278 1274/1042/278 1275/1043/278
f 1276/1044/279 1277/1045/279 1278/1046/279
f 1276/1044/279 1278/1046/279 1279/1047/279
f 1280/1048/279 1281/1049/279 1282/1050/279
f 1280/1048/279 1282/1050/279 1283/1051/279
s 1
f 1284/1052/280 1285/1053/280 1286/1054/280
f 1284/1052/280 1286/1054/280 1287/1055/280
s 0
f 1288/1056/278 1289/1057/278 1290/1058/278
f 1288/1056/278 1290/1058/278 1291/1059/278
f 1292/1060/278 1293/1061/278 1294/1062/278
f 1292/1060/278 1294/1062/278 1295/1063/278
f 1296/1064/281 1297/1065/281 1298/1066/281
f 1296/1064/281 1298/1066/281 1299/1067/281
f 1300/1064/281 1301/1065/281 1302/1066/281
f 1300/1064/281 1302/1066/281 1303/1067/281
f 1304/1067/282 1305/1066/282 1306/1065/282
f 1304/1067/282 1306/1065/282 1307/1064/282
f 1308/1059/283 1309/1058/283 1310/1057/283
f 1308/1059/283 1310/1057/283 1311/1056/283
f 1312/1068/284 1313/1069/284 1314/1070/284
f 1312/1068/284 1314/1070/284 1315/1071/284
f 1316/1067/282 1317/1066/282 1318/1065/282
f 1316/1067/282 1318/1065/282 1319/1064/282
f 1320/1063/283 1321/1062/283 1322/1061/283
f 1320/1063/283 1322/1061/283 1323/1060/283
f 1324/1072/284 1325/1073/284 1326/1074/284
f 1324/1072/284 1326/1074/284 1327/1075/284
f 1328/1076/283 1329/1077/283 1330/1078/283
f 1328/1076/283 1330/1078/283 1331/1079/283
f 1332/1080/283 1333/1081/283 1334/1082/283
f 1332/1080/283 1334/1082/283 1335/1083/283
f 1336/1084/282 1337/1085/282 1338/1086/282
f 1336/1084/282 1338/1086/282 1339/1087/282
f 1340/1088/285 1341/1089/285 1342/1090/285
f 1340/1088/285 1342/1090/285 1343/1091/285
f 1344/1087/281 1345/1086/281 1346/1085/281
f 1344/1087/281 1346/1085/281 1347/1084/281
f 1348/1084/282 1349/1085/282 1350/1086/282
f 1348/1084/282 1350/1086/282 1351/1087/282
f 1352/1079/278 1353/1078/278 1354/1077/278
f 1352/1079/278 1354/1077/278 1355/1076/278
f 1356/1091/284 1357/1090/284 1358/1089/284
f 1356/1091/284 1358/1089/284 1359/1088/284
f 1360/1092/285 1361/1093/285 1362/1094/285
f 1360/1092/285 1362/1094/285 1363/1095/285
f 1364/1087/281 1365/1086/281 1366/1085/281
f 1364/1087/281 1366/1085/281 1367/1084/281
f 1368/1083/278 1369/1082/278 1370/1081/278
f 1368/1083/278 1370/1081/278 1371/1080/278
f 1372/1095/284 1373/1094/284 1374/1093/284
f 1372/1095/284 1374/1093/284 1375/1092/284
o Object_74
v 15.852605 -0.094471 -13.100025
v 16.469503 -0.377885 -13.100025
v 16.469503 -0.094471 -13.100025
v 16.469503 -0.094471 -5.920204
v 16.469503 -0.377885 -5.920204
v 15.852605 -0.094471 -5.920204
v 17.634649 -1.637503 -11.352305
v 17.634649 -1.637503 -11.210598
v 17.634649 -1.007694 -11.210598
v 17.634649 -1.007694 -11.352305
v 17.382725 -0.797474 -8.817325
v 17.382725 -0.797474 -9.573095
v 17.634649 -0.913223 -9.573095
v 17.634649 -0.913223 -8.817325
v 26.703897 -3.149045 -1.401325
v 25.696203 -3.149045 -1.401325
v 25.696203 -3.400968 -1.401325
v 26.703897 -3.400968 -1.401325
v 17.634649 -2.267312 -8.817325
v 17.634649 -2.267312 -8.187515
v 17.634649 -1.637503 -8.187515
v 17.634649 -1.637503 -8.817325
v 17.634649 -1.259618 -7.179821
v 17.634649 -1.007694 -7.179821
v 17.634649 -1.007694 -8.187515
v 17.634649 -1.259618 -8.187515
v 13.918777 -0.566828 -13.351949
v 13.918777 -2.267312 -13.351949
v 13.603872 -0.125962 -13.100025
v 13.603872 -0.566828 -13.100025
v 13.855796 -0.566828 -13.100025
v 13.855796 -0.125962 -13.100025
v 15.493299 -1.763465 -13.225986
v 15.493299 -0.629809 -13.225986
v 15.493299 -0.629809 -13.100025
v 15.493299 -1.889427 -13.100025
v 16.784407 -1.889427 -13.100025
v 16.784407 -0.629809 -13.100025
v 16.784407 -0.629809 -13.225986
v 16.784407 -1.763465 -13.225986
v 15.493299 -1.763465 -13.225986
v 15.493299 -1.889427 -13.100025
v 16.784407 -1.889427 -13.100025
v 16.784407 -1.763465 -13.225986
v 13.855796 -0.125962 -9.573095
v 13.855796 -0.125962 -8.691362
v 13.603872 -0.125962 -8.691362
v 13.603872 -0.125962 -9.573095
v 13.603872 -1.889427 -13.100025
v 13.603872 -0.629809 -13.100025
v 13.603872 -0.629809 -12.722139
v 13.603872 -1.889427 -12.722139
v 13.603872 -1.889427 -12.722139
v 13.603872 -0.629809 -12.722139
v 13.477911 -0.629809 -12.722139
v 13.477911 -1.763465 -12.722139
v 13.477911 -1.763465 -9.195210
v 13.477911 -1.763465 -8.691362
v 13.603872 -1.889427 -8.691362
v 13.603872 -1.889427 -9.195210
v 13.918777 -2.267312 -5.668280
v 13.918777 -0.566828 -5.668280
v 17.382725 -0.797474 -8.691362
v 17.382725 -0.797485 -5.920204
v 16.469503 -0.377885 -5.920204
v 16.469503 -0.377885 -8.691362
v 15.808204 -1.637503 -5.794242
v 15.808204 -1.763465 -5.920204
v 15.808204 -0.629809 -5.920204
v 15.808204 -0.629809 -5.794242
v 16.721426 -1.637503 -5.794242
v 16.721426 -1.763465 -5.920204
v 15.808204 -1.763465 -5.920204
v 15.808204 -1.637503 -5.794242
v 16.721426 -1.637503 -5.794242
v 16.721426 -0.629809 -5.794242
v 16.721426 -0.629809 -5.920204
v 16.721426 -1.763465 -5.920204
v 13.855796 -0.125962 -5.920204
v 13.855796 -0.566828 -5.920204
v 13.603872 -0.566828 -5.920204
v 13.603872 -0.125962 -5.920204
v 13.477911 -1.763465 -6.298089
v 13.477911 -0.629809 -6.298089
v 13.603872 -0.629809 -6.298089
v 13.603872 -1.889427 -6.298089
v 13.603872 -0.629809 -8.691362
v 13.603872 -0.125962 -8.691362
v 13.603872 -0.125962 -6.298089
v 13.603872 -0.629809 -6.298089
v 13.603872 -2.267312 -8.691362
v 13.603872 -1.889427 -8.691362
v 13.603872 -1.889427 -6.298089
v 13.603872 -2.267312 -6.298089
v 13.477911 -1.763465 -6.298089
v 13.603872 -1.889427 -6.298089
v 16.469503 -0.094471 -8.691362
v 16.469503 -0.377885 -8.691362
v 16.469503 -0.377885 -5.920204
v 16.469503 -0.094471 -5.920204
v 17.634649 -0.944713 -13.100025
v 17.634649 -0.913223 -12.344254
v 17.634649 -0.913223 -13.100025
v 17.634649 -0.944713 -12.344254
v 17.634649 -0.913223 -9.573095
v 17.634649 -0.913223 -8.817325
v 17.634649 -0.944713 -8.817325
v 17.634649 -2.267312 -13.100025
v 17.634649 -0.944713 -12.989809
v 17.634649 -1.070675 -12.989809
v 17.634649 -2.267312 -12.989809
v 17.634649 -0.944713 -11.352305
v 17.634649 -1.007694 -8.817325
v 17.634649 -2.267312 -11.352305
v 17.634649 -1.637503 -9.950981
v 17.634649 -1.637503 -9.447134
v 17.634649 -2.267312 -13.100025
v 17.382725 -1.889427 -13.100025
v 17.382725 -2.267312 -13.100025
v 17.382725 -0.797485 -13.100025
v 17.634649 -0.913223 -13.100025
v 17.382725 -0.797485 -13.100025
v 17.634649 -0.913223 -12.344254
v 17.634649 -0.913223 -13.100025
v 17.634649 -1.007694 -6.140637
v 17.634649 -2.267312 -6.140637
v 17.634649 -2.267312 -7.179821
v 17.634649 -0.913223 -5.920204
v 17.634649 -0.913223 -6.140637
v 17.634649 -2.267312 -5.920204
v 17.634649 -0.913223 -5.920204
v 17.382725 -1.763465 -5.920204
v 17.382725 -0.797485 -5.920204
v 17.382725 -2.267312 -5.920204
v 17.634649 -2.267312 -5.920204
v 17.634649 -0.913223 -5.920204
v 17.634649 -0.913223 -6.140637
v 15.115414 -0.566828 -13.351949
v 15.115414 -2.267312 -13.351949
v 15.493299 -2.267312 -13.100025
v 15.115414 -0.566828 -13.100025
v 15.115414 -2.267312 -13.100025
v 15.115414 -0.094471 -13.100025
v 15.493299 -0.094471 -13.100025
v 13.918777 -2.267312 -13.100025
v 13.603872 -1.889427 -13.100025
v 13.603872 -2.267312 -13.100025
v 13.603872 -0.629809 -13.100025
v 13.918777 -0.566828 -13.100025
v 13.855796 -0.094471 -13.100025
v 17.319744 -2.267312 -13.100025
v 15.493299 -1.889427 -13.100025
v 16.784407 -1.889427 -13.100025
v 16.784407 -0.629809 -13.100025
v 17.017750 -0.629809 -13.100025
v 15.493299 -0.629809 -13.100025
v 16.469503 -0.377885 -13.100025
v 16.469503 -0.094471 -12.253562
v 16.469503 -0.094471 -13.100025
v 16.469503 -0.094471 -12.218292
v 16.469503 -0.377885 -12.218292
v 16.469503 -0.377885 -9.573095
v 16.469503 -0.377885 -12.218292
v 16.469503 -0.377885 -13.100025
v 13.603872 -0.125962 -12.218292
v 13.855796 -0.125962 -11.689254
v 13.855796 -0.125962 -13.100025
v 13.603872 -0.125962 -13.100025
v 13.603872 -0.629809 -12.218292
v 13.603872 -0.125962 -13.100025
v 13.603872 -0.125962 -12.218292
v 13.603872 -0.566828 -13.100025
v 13.603872 -0.125962 -9.573095
v 13.603872 -2.267312 -12.218292
v 13.603872 -1.889427 -12.218292
v 13.603872 -2.267312 -13.100025
v 13.603872 -1.889427 -9.195210
v 13.477911 -1.763465 -12.394639
v 13.477911 -1.763465 -12.722139
v 13.603872 -1.889427 -12.722139
v 15.115414 -0.566828 -5.668280
v 15.115414 -2.267312 -5.668280
v 15.808204 -0.629809 -5.920204
v 15.808204 -0.094471 -5.920204
v 16.721426 -0.629809 -5.920204
v 17.017750 -0.629809 -5.920204
v 16.721426 -1.763465 -5.920204
v 15.808204 -2.267312 -5.920204
v 15.808204 -1.763465 -5.920204
v 15.115414 -0.094471 -5.920204
v 13.855796 -0.094471 -5.920204
v 13.918777 -0.566828 -5.920204
v 15.115414 -0.566828 -5.920204
v 13.855796 -0.566828 -5.920204
v 13.603872 -2.267312 -5.920204
v 13.603872 -0.566828 -5.920204
v 13.918777 -2.267312 -5.920204
v 13.918777 -0.566828 -5.920204
v 15.115414 -2.267312 -5.920204
v 13.603872 -0.125962 -6.298089
v 13.855796 -0.125962 -5.920204
v 13.603872 -0.125962 -5.920204
v 13.603872 -0.566828 -5.920204
v 13.603872 -0.125962 -5.920204
v 13.603872 -2.267312 -5.920204
v 17.162292 -0.566828 -11.210598
v 16.910370 -0.566828 -11.210598
v 16.910370 -0.692790 -11.210598
v 17.162292 -0.692790 -11.210598
v 16.910370 -0.566828 -12.218292
v 17.162292 -0.566828 -12.218292
v 17.162292 -0.692790 -12.218292
v 16.910370 -0.692790 -12.218292
v 16.910370 -0.692790 -12.218292
v 16.910370 -0.692790 -11.210598
v 16.910370 -0.566828 -11.210598
v 16.910370 -0.566828 -12.218292
v 15.808204 -2.267312 -5.920204
v 15.808204 -0.094471 -5.920204
v 15.493299 -0.094471 -13.100025
v 15.493299 -2.267312 -13.100025
v 17.634649 -0.944713 -13.100025
v 13.603872 -0.629809 -13.100025
v 15.852605 -0.094471 -13.100025
v 15.852605 -0.094471 -5.920204
v 17.634649 -1.007694 -11.352305
vn -0.0000 -0.0000 1.0000
vn -0.0000 -0.0000 -1.0000
vn -1.0000 -0.0000 -0.0000
vn -0.4175 -0.9087 -0.0000
vn 1.0000 -0.0000 -0.0000
vn -0.0000 0.7071 0.7071
vn -0.0000 0.1197 0.9928
vn -0.0000 0.1785 0.9839
vn -0.0000 -1.0000 -0.0000
vn 0.7071 0.7071 -0.0000
vn 0.9626 0.2708 -0.0000
vn 0.9228 0.3853 -0.0000
vn -0.0000 0.7071 -0.7071
vn -0.0000 0.0405 -0.9992
vn -0.0000 0.3163 -0.9487
vn 0.9628 0.2700 -0.0000
vn 0.9809 0.1944 -0.0000
vn 0.9808 0.1951 -0.0000
vn -0.0000 0.1778 0.9841
vn 0.9233 0.3840 -0.0000
vn -0.0000 0.0412 -0.9992
vn -0.0000 0.3156 -0.9489
vt -0.143750 8.240781
vt -0.256250 8.546875
vt -0.143750 8.546875
vt -0.143750 8.656250
vt -0.256250 8.656250
vt -0.143750 8.350156
vt -0.756250 6.007813
vt -0.756250 5.937500
vt -0.506250 5.937500
vt -0.506250 6.007813
vt 6.793750 -4.000000
vt 6.793750 -4.375000
vt 6.893750 -4.375000
vt 6.893750 -4.000000
vt -1.925000 13.281250
vt -1.925000 12.781250
vt -2.025000 12.781250
vt -2.025000 13.281250
vt -1.006250 4.750000
vt -1.006250 4.437500
vt -0.756250 4.437500
vt -0.756250 4.750000
vt -0.606250 3.937500
vt -0.506250 3.937500
vt -0.506250 4.437500
vt -0.606250 4.437500
vt -0.156250 7.125000
vt -0.331250 7.125000
vt -0.331250 7.250000
vt -0.156250 7.250000
vt -0.806250 6.937500
vt -0.356250 6.937500
vt -0.356250 6.875000
vt -0.856250 6.875000
vt 5.231250 8.070312
vt 5.181250 8.070312
vt 5.181250 8.710938
vt 5.231250 8.710938
vt 6.100000 -4.351563
vt 6.100000 -3.914063
vt 6.000000 -3.914063
vt 6.000000 -4.351563
vt -0.356250 6.687500
vt -0.856250 6.687500
vt -0.856250 7.125000
vt -0.356250 7.125000
vt -0.356250 7.062500
vt -0.806250 7.062500
vt 5.350000 -4.187500
vt 5.350000 -3.937500
vt 5.400000 -3.937500
vt 5.400000 -4.187500
vt 6.793750 -3.937500
vt 6.793750 -2.562500
vt 6.431250 -2.562500
vt 6.431250 -3.937500
vt -0.756250 3.250000
vt -0.806250 3.312500
vt -0.356250 3.312500
vt -0.356250 3.250000
vt 2.193750 8.671875
vt 2.243750 8.671875
vt 2.243750 8.218750
vt 2.193750 8.218750
vt -0.156250 7.359375
vt -0.331250 7.359375
vt -0.331250 7.234375
vt -0.156250 7.234375
vt -0.356250 4.687500
vt -0.156250 4.687500
vt -0.156250 3.500000
vt -0.356250 3.500000
vt -1.006250 4.687500
vt -0.856250 4.687500
vt -0.856250 3.500000
vt -1.006250 3.500000
vt 5.350000 -2.750000
vt 5.400000 -2.750000
vt 0.112500 4.687500
vt 0.000000 4.687500
vt 0.000000 3.312500
vt 0.112500 3.312500
vt -0.481250 6.875000
vt -0.468750 6.500000
vt -0.468750 6.875000
vt -0.481250 6.500000
vt -0.468750 5.125000
vt -0.468750 4.750000
vt -0.481250 4.750000
vt -1.006250 6.875000
vt -0.481250 6.820313
vt -0.531250 6.820313
vt -1.006250 6.820313
vt -0.481250 6.007813
vt -0.506250 4.750000
vt -1.006250 6.007813
vt -0.756250 5.312500
vt -0.756250 5.062500
vt -1.006250 9.125000
vt -0.856250 9.000000
vt -1.006250 9.000000
vt -0.422808 9.000000
vt -0.468750 9.125000
vt 6.793750 -6.125000
vt 6.893750 -5.750000
vt 6.893750 -6.125000
vt -0.506250 3.421875
vt -1.006250 3.421875
vt -1.006250 3.937500
vt -0.468750 3.312500
vt -0.468750 3.421875
vt -1.006250 3.312500
vt -0.468750 9.234375
vt -0.806250 9.109375
vt -0.422808 9.109375
vt -1.006250 9.109375
vt -1.006250 9.234375
vt 6.893750 -2.562500
vt 6.893750 -2.671875
vt -1.006250 8.062500
vt -0.331250 7.875000
vt -1.006250 7.875000
vt -0.143750 7.875000
vt -0.143750 8.062500
vt -1.006250 7.281250
vt -1.006250 7.125000
vt -0.331250 7.281250
vt -0.143750 7.250000
vt -1.006250 8.968750
vt -0.856250 8.062500
vt -0.856250 8.703125
vt -0.356250 8.703125
vt -0.356250 8.818906
vt -0.356250 8.062500
vt 0.000000 6.875000
vt 0.112500 6.455000
vt 0.112500 6.875000
vt 0.112500 6.437500
vt 0.000000 6.437500
vt 6.431250 -4.375000
vt 6.431250 -5.687500
vt 6.431250 -6.125000
vt 6.000000 -5.664063
vt 6.100000 -5.401563
vt 6.100000 -6.101563
vt 6.000000 -6.101563
vt -0.356250 6.437500
vt -0.156250 6.875000
vt -0.156250 6.437500
vt -0.331250 6.875000
vt -0.156250 5.125000
vt -1.006250 6.437500
vt -0.856250 6.437500
vt -0.856250 4.937500
vt 5.350000 -5.775000
vt 5.350000 -5.937500
vt 5.400000 -5.937500
vt -0.356250 8.328125
vt -0.143750 8.328125
vt -0.356250 8.781250
vt -0.356250 8.928281
vt -0.806250 8.781250
vt -1.006250 8.328125
vt -0.806250 8.328125
vt -0.143750 7.984375
vt -0.143750 7.359375
vt -0.331250 7.390625
vt -0.331250 7.984375
vt -0.331250 7.203125
vt -1.006250 7.078125
vt -0.331250 7.078125
vt -1.006250 7.234375
vt -1.006250 7.984375
vt 6.000000 -2.726563
vt 6.100000 -2.539063
vt 6.000000 -2.539063
vt -0.331250 3.312500
vt -0.156250 3.312500
vt 6.706250 0.656250
vt 6.606250 0.656250
vt 6.606250 0.718750
vt 6.706250 0.718750
vt 4.743750 0.718750
vt 4.343750 0.718750
vt 4.343750 0.656250
vt 4.743750 0.656250
s 0
usemtl material_37_70
f 1376/1096/286 1377/1097/286 1378/1098/286
f 1379/1099/287 1380/1100/287 1381/1101/287
f 1382/1102/288 1383/1103/288 1384/1104/288
f 1382/1102/288 1384/1104/288 1385/1105/288
f 1386/1106/289 1387/1107/289 1388/1108/289
f 1386/1106/289 1388/1108/289 1389/1109/289
f 1390/1110/286 1391/1111/286 1392/1112/286
f 1390/1110/286 1392/1112/286 1393/1113/286
f 1394/1114/288 1395/1115/288 1396/1116/288
f 1394/1114/288 1396/1116/288 1397/1117/288
f 1398/1118/288 1399/1119/288 1400/1120/288
f 1398/1118/288 1400/1120/288 1401/1121/288
f 1404/1122/286 1405/1123/286 1406/1124/286
f 1404/1122/286 1406/1124/286 1407/1125/286
f 1408/1126/290 1409/1127/290 1410/1128/290
f 1408/1126/290 1410/1128/290 1411/1129/290
f 1412/1129/288 1413/1128/288 1414/1127/288
f 1412/1129/288 1414/1127/288 1415/1126/288
s 1
f 1416/1130/291 1417/1131/292 1418/1132/293
f 1416/1130/291 1418/1132/293 1419/1133/291
s 0
f 1420/1134/294 1421/1135/294 1422/1136/294
f 1420/1134/294 1422/1136/294 1423/1137/294
f 1424/1129/290 1425/1128/290 1426/1138/290
f 1424/1129/290 1426/1138/290 1427/1139/290
f 1428/1140/286 1429/1141/286 1430/1142/286
f 1428/1140/286 1430/1142/286 1431/1143/286
s 1
f 1432/1144/295 1433/1145/295 1434/1146/296
f 1432/1144/295 1434/1146/296 1435/1147/297
s 0
f 1438/1148/289 1439/1149/289 1440/1150/289
f 1438/1148/289 1440/1150/289 1441/1151/289
f 1442/1152/290 1443/1153/290 1444/1154/290
f 1442/1152/290 1444/1154/290 1445/1155/290
s 1
f 1446/1156/298 1447/1157/299 1448/1158/300
f 1446/1156/298 1448/1158/300 1449/1159/298
s 0
f 1450/1152/288 1451/1155/288 1452/1154/288
f 1450/1152/288 1452/1154/288 1453/1153/288
f 1454/1160/287 1455/1161/287 1456/1162/287
f 1454/1160/287 1456/1162/287 1457/1163/287
f 1458/1143/287 1459/1142/287 1460/1141/287
f 1458/1143/287 1460/1141/287 1461/1140/287
f 1462/1164/290 1463/1165/290 1464/1166/290
f 1462/1164/290 1464/1166/290 1465/1167/290
s 1
f 1466/1168/290 1467/1169/301 1468/1170/302
f 1466/1168/290 1468/1170/302 1469/1171/290
f 1433/1145/295 1470/1172/295 1471/1173/303
f 1433/1145/295 1471/1173/303 1434/1146/296
s 0
f 1472/1174/288 1473/1175/288 1474/1176/288
f 1472/1174/288 1474/1176/288 1475/1177/288
f 1476/1178/288 1477/1179/288 1478/1180/288
f 1477/1179/288 1476/1178/288 1479/1181/288
f 1479/1181/288 1480/1182/288 1477/1179/288
f 1480/1182/288 1479/1181/288 1481/1183/288
f 1481/1183/288 1479/1181/288 1482/1184/288
f 1483/1185/288 1484/1186/288 1597/1178/288
f 1484/1186/288 1483/1185/288 1485/1187/288
f 1485/1187/288 1483/1185/288 1486/1188/288
f 1601/1105/288 1482/1184/288 1487/1189/288
f 1482/1184/288 1601/1105/288 1488/1190/288
f 1489/1191/288 1383/1103/288 1382/1102/288
f 1383/1103/288 1489/1191/288 1490/1192/288
f 1490/1192/288 1489/1191/288 1491/1193/288
f 1491/1193/288 1489/1191/288 1397/1117/288
f 1397/1117/288 1489/1191/288 1394/1114/288
f 1492/1194/286 1493/1195/286 1494/1196/286
f 1493/1195/286 1492/1194/286 1495/1197/286
f 1495/1197/286 1492/1194/286 1496/1198/286
f 1497/1199/289 1388/1108/289 1387/1107/289
f 1388/1108/289 1497/1199/289 1498/1200/289
f 1498/1200/289 1497/1199/289 1499/1201/289
f 1398/1118/288 1500/1202/288 1399/1119/288
s 1
f 1500/1202/288 1398/1118/288 1501/1203/288
s 0
f 1501/1203/288 1398/1118/288 1502/1204/288
f 1500/1202/288 1503/1205/288 1504/1206/288
f 1503/1205/288 1500/1202/288 1505/1207/288
f 1505/1207/288 1500/1202/288 1501/1203/288
f 1482/1184/288 1504/1206/288 1481/1183/288
f 1504/1206/288 1482/1184/288 1500/1202/288
f 1500/1202/288 1482/1184/288 1488/1190/288
f 1506/1208/287 1507/1209/287 1508/1210/287
f 1507/1209/287 1506/1208/287 1509/1211/287
f 1509/1211/287 1506/1208/287 1510/1212/287
f 1438/1148/289 1511/1213/289 1439/1149/289
f 1511/1213/289 1438/1148/289 1512/1214/289
f 1512/1214/289 1438/1148/289 1389/1109/289
s 1
f 1389/1109/289 1438/1148/289 1386/1106/289
s 0
f 1515/1215/286 1516/1216/286 1517/1217/286
f 1516/1216/286 1515/1215/286 1518/1218/286
f 1518/1218/286 1515/1215/286 1519/1219/286
f 1520/1220/286 1521/1140/286 1522/1221/286
f 1521/1140/286 1520/1220/286 1523/1141/286
f 1523/1141/286 1520/1220/286 1405/1123/286
f 1405/1123/286 1520/1220/286 1406/1124/286
f 1406/1124/286 1520/1220/286 1524/1222/286
f 1524/1222/286 1407/1125/286 1406/1124/286
f 1407/1125/286 1524/1222/286 1525/1223/286
f 1525/1223/286 1524/1222/286 1518/1218/286
f 1518/1218/286 1524/1222/286 1516/1216/286
s 1
f 1526/1224/286 1527/1225/292 1596/1215/286
f 1527/1225/292 1526/1224/286 1528/1226/304
f 1528/1226/304 1526/1224/286 1493/1195/286
s 0
f 1493/1195/286 1526/1224/286 1494/1196/286
s 1
f 1493/1195/286 1529/1227/286 1528/1226/304
s 0
f 1529/1227/286 1493/1195/286 1530/1228/286
f 1530/1228/286 1493/1195/286 1495/1197/286
f 1529/1227/286 1595/1219/286 1531/1229/286
f 1595/1219/286 1529/1227/286 1599/1096/286
f 1599/1096/286 1529/1227/286 1530/1228/286
f 1532/1230/288 1533/1231/288 1534/1232/288
f 1533/1231/288 1532/1230/288 1535/1233/288
f 1535/1233/288 1532/1230/288 1536/1234/288
f 1536/1234/288 1472/1174/288 1535/1233/288
f 1472/1174/288 1536/1234/288 1473/1175/288
f 1537/1235/289 1438/1148/289 1441/1151/289
s 1
f 1438/1148/289 1537/1235/289 1386/1106/289
s 0
f 1386/1106/289 1537/1235/289 1387/1107/289
f 1538/1236/289 1387/1107/289 1537/1235/289
f 1387/1107/289 1538/1236/289 1497/1199/289
f 1497/1199/289 1538/1236/289 1539/1237/289
f 1540/1238/294 1420/1134/294 1423/1137/294
f 1420/1134/294 1540/1238/294 1541/1239/294
f 1541/1239/294 1540/1238/294 1542/1240/294
f 1542/1240/294 1540/1238/294 1543/1241/294
f 1544/1242/290 1545/1243/290 1546/1244/290
f 1545/1243/290 1544/1242/290 1547/1245/290
f 1547/1245/290 1544/1242/290 1598/1128/290
f 1462/1164/290 1548/1246/290 1463/1165/290
f 1548/1246/290 1462/1164/290 1546/1244/290
f 1546/1244/290 1462/1164/290 1544/1242/290
f 1549/1247/290 1427/1139/290 1550/1248/290
f 1427/1139/290 1549/1247/290 1424/1129/290
f 1424/1129/290 1549/1247/290 1551/1185/290
s 1
f 1466/1168/290 1552/1249/305 1467/1169/301
f 1552/1249/305 1466/1168/290 1550/1248/290
s 0
f 1550/1248/290 1466/1168/290 1549/1247/290
s 1
f 1435/1147/297 1553/1250/295 1432/1144/295
f 1553/1250/295 1435/1147/297 1554/1251/295
f 1554/1251/295 1435/1147/297 1555/1252/295
s 0
f 1600/1101/287 1558/1253/287 1559/1254/287
f 1558/1253/287 1600/1101/287 1560/1255/287
f 1560/1255/287 1600/1101/287 1561/1256/287
s 1
f 1562/1257/306 1563/1258/287 1564/1259/307
f 1563/1258/287 1562/1257/306 1509/1211/287
f 1509/1211/287 1562/1257/306 1507/1209/287
f 1561/1256/287 1562/1257/306 1560/1255/287
f 1562/1257/306 1561/1256/287 1507/1209/287
s 0
f 1507/1209/287 1561/1256/287 1508/1210/287
f 1565/1260/287 1454/1160/287 1566/1261/287
f 1454/1160/287 1565/1260/287 1455/1161/287
f 1455/1161/287 1565/1260/287 1567/1262/287
f 1567/1262/287 1565/1260/287 1568/1263/287
f 1569/1264/287 1570/1265/287 1571/1266/287
f 1570/1265/287 1569/1264/287 1572/1267/287
f 1572/1267/287 1569/1264/287 1573/1162/287
f 1594/1254/287 1568/1263/287 1565/1260/287
f 1568/1263/287 1594/1254/287 1574/1268/287
f 1574/1268/287 1594/1254/287 1593/1258/287
f 1575/1269/294 1576/1270/294 1577/1271/294
f 1576/1270/294 1575/1269/294 1421/1135/294
f 1421/1135/294 1575/1269/294 1422/1136/294
f 1578/1272/290 1464/1166/290 1579/1273/290
f 1464/1166/290 1578/1272/290 1465/1167/290
f 1465/1167/290 1578/1272/290 1580/1207/290
s 1
f 1465/1167/290 1580/1207/290 1468/1170/302
f 1468/1170/302 1580/1207/290 1469/1171/290
s 0
f 1581/1274/286 1582/1275/286 1583/1276/286
f 1581/1274/286 1583/1276/286 1584/1277/286
f 1585/1275/287 1586/1274/287 1587/1277/287
f 1585/1275/287 1587/1277/287 1588/1276/287
f 1589/1278/288 1590/1279/288 1591/1280/288
f 1589/1278/288 1591/1280/288 1592/1281/288
l 1437 1556
l 1513 1514
l 1556 1557
l 1402 1403
l 1436 1437
l 1402 1513
o Object_75
v 27.176254 1.637503 -9.553330
v 28.270548 1.637503 -9.273936
v 27.176254 0.892453 -9.553330
v 27.176254 1.637503 -10.797343
v 27.723400 1.637503 -11.336560
v 27.176254 1.130005 -10.797343
v 27.176254 1.130005 -10.797343
v 27.176254 0.891652 -10.092688
v 26.908585 0.881732 -10.533554
v 24.883493 1.637503 -9.469518
v 24.883493 1.123568 -9.469518
v 24.129257 1.637503 -9.274875
v 25.206690 1.637503 -10.822567
v 25.206690 1.150611 -10.822567
v 24.688801 1.637503 -11.348072
v 25.648968 1.637503 -11.899452
v 25.932381 0.881732 -10.801223
v 25.932381 1.637503 -10.801223
v 25.491516 -4.217043 -10.533554
v 25.491516 -5.164433 -10.533554
v 24.420839 -5.164433 -11.619974
v 25.187956 4.015032 -8.817325
v 23.965759 4.015032 -8.817325
v 24.405094 4.015032 -8.045809
v 27.203409 4.015032 -8.817325
v 27.979261 4.015032 -8.030064
v 28.432205 4.015032 -8.817325
v 26.703897 1.511541 -7.933624
v 26.845604 1.889427 -7.384510
v 26.703897 1.889427 -7.384510
v 25.187956 -5.652535 -8.817325
v 24.405094 -5.652535 -8.045809
v 23.554853 -5.652535 -8.817325
v 23.554853 -5.239065 -8.817325
v 24.405094 -5.164433 -8.045809
v 25.187956 -4.438301 -8.817325
v 28.270548 1.637503 -9.273936
v 28.640560 1.889427 -9.179464
v 28.432205 1.889427 -8.817325
v 28.007807 1.637503 -8.817325
v 27.723400 1.637503 -11.336560
v 27.995007 1.889427 -11.604229
v 28.640560 1.889427 -10.470573
v 28.270844 1.637503 -10.375163
v 26.845604 4.015032 -12.265529
v 26.845604 1.889427 -12.265529
v 25.554497 1.889427 -12.265529
v 25.554497 4.015032 -12.265529
v 25.920321 4.015032 -8.817325
v 26.475845 4.015032 -8.817325
v 26.467720 4.015032 -8.848815
v 25.932381 4.015032 -8.864560
v 28.640560 4.015032 -10.470573
v 28.640560 1.889427 -10.470573
v 27.995007 1.889427 -11.604229
v 27.995007 4.015032 -11.604229
v 24.389788 1.637503 -8.817325
v 23.965759 1.889427 -8.817325
v 23.759541 1.889427 -9.179464
v 24.129257 1.637503 -9.274875
v 26.752140 1.637503 -11.899463
v 25.648968 1.637503 -11.899452
v 25.554497 1.889427 -12.265529
v 26.845604 1.889427 -12.265529
v 24.688801 1.637503 -11.348072
v 24.129553 1.637503 -10.376101
v 23.759541 1.889427 -10.470573
v 24.420839 1.889427 -11.619974
v 24.420839 4.015032 -11.619974
v 24.420839 1.889427 -11.619974
v 23.759541 1.889427 -10.470573
v 23.759541 4.015032 -10.470573
v 25.491516 4.015032 -9.116484
v 25.491516 1.637503 -9.116484
v 25.223846 1.637503 -9.557350
v 25.223846 4.015032 -9.557350
v 27.160509 4.015032 -9.557350
v 27.160509 1.637503 -9.557350
v 26.908585 1.637503 -9.116484
v 26.908585 4.015032 -9.116484
v 26.467720 4.015032 -8.848815
v 26.467720 1.637503 -8.848815
v 25.932381 1.637503 -8.864560
v 25.932381 4.015032 -8.864560
v 27.349001 4.015032 -10.137268
v 27.176254 4.015032 -10.092688
v 27.176254 1.637503 -10.092688
v 27.349001 1.637503 -10.137268
v 26.908585 4.015032 -10.533554
v 26.908585 1.637503 -10.533554
v 27.176254 1.637503 -10.092688
v 27.176254 4.015032 -10.092688
v 25.932381 4.015032 -10.801223
v 25.932381 1.637503 -10.801223
v 26.467720 1.637503 -10.785478
v 26.467720 4.015032 -10.785478
v 25.239592 4.015032 -10.092688
v 25.239592 1.637503 -10.092688
v 25.491516 1.637503 -10.533554
v 25.491516 4.015032 -10.533554
v 25.206690 4.015032 -10.822567
v 24.836304 4.015032 -10.195655
v 24.836304 1.637503 -10.195655
v 25.239592 1.637503 -10.092688
v 25.239592 4.015032 -10.092688
v 28.640560 -4.676331 -9.368407
v 28.640560 -4.676331 -10.281631
v 27.176254 -4.676331 -10.092688
v 27.176254 -4.676331 -9.557350
v 28.640560 -5.652535 -10.281631
v 28.640560 -4.676331 -10.281631
v 28.640560 -4.676331 -9.368407
v 28.640560 -5.652535 -9.368407
v 28.640560 -5.652535 -10.281631
v 28.640560 -5.652535 -9.368407
v 27.176254 -5.652535 -9.557350
v 27.176254 -5.652535 -10.092688
v 27.176254 0.891652 -10.092688
v 28.270844 1.637503 -10.375163
v 27.203409 1.637503 -8.817325
v 27.176254 1.637503 -8.844879
v 27.176254 1.134483 -8.844879
v 27.203409 1.160012 -8.817325
v 26.475845 0.903403 -8.817325
v 25.920321 0.903375 -8.817325
v 25.932381 0.870868 -8.864560
v 26.467720 0.881732 -8.848815
v 27.176254 0.892453 -9.553330
v 27.176254 1.134483 -8.844879
v 26.908585 0.882835 -9.116484
v 27.160509 0.881732 -9.557350
v 27.160509 0.881732 -9.557350
v 26.908585 0.882835 -9.116484
v 26.908585 0.881732 -10.533554
v 27.176254 0.891652 -10.092688
v 25.932381 0.881732 -10.801223
v 26.467720 0.870868 -10.785478
v 25.239592 0.881732 -10.092688
v 25.491516 0.882835 -10.533554
v 25.491516 0.881732 -9.116484
v 25.223846 0.891652 -9.557350
v 26.467720 0.881732 -8.848815
v 25.932381 0.870868 -8.864560
v 26.475845 1.637503 -8.817325
v 26.475845 0.903403 -8.817325
v 26.467720 0.881732 -8.848815
v 26.467720 1.637503 -8.848815
v 25.920321 1.637503 -8.817325
v 25.932381 1.637503 -8.864560
v 25.932381 0.870868 -8.864560
v 25.920321 0.903375 -8.817325
v 25.187956 1.637503 -8.817325
v 25.187956 1.163294 -8.817325
v 25.491516 0.881732 -9.116484
v 25.491516 1.637503 -9.116484
v 25.223846 1.637503 -9.557350
v 25.223846 0.891652 -9.557350
v 24.129553 1.637503 -10.376101
v 25.239592 0.881732 -10.092688
v 26.552952 1.637503 -11.119304
v 26.467720 1.637503 -10.785478
v 26.467720 0.870868 -10.785478
v 26.552952 1.100604 -11.119304
v 26.908585 0.881732 -10.533554
v 26.908585 1.637503 -10.533554
v 26.752140 1.637503 -11.899463
v 26.577936 1.637503 -11.217205
v 27.160509 0.881732 -9.557350
v 27.160509 1.637503 -9.557350
v 25.743439 -5.652535 -12.265529
v 25.743439 -4.676331 -12.265529
v 26.656662 -4.676331 -12.265529
v 26.656662 -5.652535 -12.265529
v 26.656662 -4.676331 -12.265529
v 25.743439 -4.676331 -12.265529
v 25.932381 -4.676331 -10.801223
v 26.467720 -4.676331 -10.801223
v 26.467720 -5.652535 -10.801223
v 25.932381 -5.652535 -10.801223
v 25.743439 -5.652535 -12.265529
v 26.656662 -5.652535 -12.265529
v 23.970369 -5.652535 -10.546937
v 23.554853 -5.652535 -10.706751
v 24.420839 -5.652535 -11.619974
v 24.961216 -5.652535 -11.071568
v 24.420839 -5.652535 -11.619974
v 23.554853 -5.652535 -10.706751
v 23.554853 -5.164433 -10.706751
v 25.192356 -4.156739 -10.076942
v 25.491516 -4.217043 -10.533554
v 24.420839 -5.164433 -11.619974
v 23.554853 -5.164433 -10.706751
v 24.961216 -5.164433 -11.071568
v 24.961216 -5.652535 -11.071568
v 26.471783 -5.652535 -8.817325
v 25.928318 -5.652535 -8.817325
v 25.932381 -5.652535 -8.848815
v 26.467720 -5.652535 -8.848815
v 25.192356 -5.652535 -9.447134
v 25.491516 -5.652535 -9.116484
v 25.192356 -4.156739 -9.447134
v 25.192356 -5.652535 -9.447134
v 23.554853 -5.652535 -8.817325
v 23.554853 -5.239065 -8.817325
v 26.471783 -4.676331 -8.817325
v 26.467720 -4.676331 -8.848815
v 25.932381 -4.676331 -8.848815
v 25.928318 -4.676331 -8.817325
v 25.491516 -4.156739 -9.116484
v 25.192356 -4.156739 -9.447134
v 25.554497 4.015032 -7.384510
v 26.845604 4.015032 -7.384510
v 23.965759 4.015032 -8.817325
v 23.965759 2.015388 -8.817325
v 24.405094 2.015388 -8.045809
v 24.405094 4.015032 -8.045809
v 25.187956 2.015388 -8.817325
v 25.187956 4.015032 -8.817325
v 24.405094 4.015032 -8.045809
v 24.405094 2.015388 -8.045809
v 28.432205 2.015388 -8.817325
v 28.432205 4.015032 -8.817325
v 27.979261 4.015032 -8.030064
v 27.979261 2.015388 -8.030064
v 27.203409 4.015032 -8.817325
v 27.203409 2.015388 -8.817325
v 25.920321 4.015032 -8.817325
v 25.920321 2.015388 -8.817325
v 25.554497 2.015388 -7.384510
v 25.554497 4.015032 -7.384510
v 27.979261 1.889427 -8.030064
v 28.432205 1.889427 -8.817325
v 26.703897 2.015388 -7.384510
v 26.703897 1.889427 -7.384510
v 26.845604 1.889427 -7.384510
v 26.845604 2.015388 -7.384510
v 26.703897 2.015388 -7.933624
v 26.845604 2.015388 -7.384510
v 26.845604 1.889427 -7.384510
v 26.703897 1.511541 -7.933624
v 27.979261 1.889427 -8.030064
v 27.203409 1.160012 -8.817325
v 25.187956 1.163294 -8.817325
v 24.405094 1.889427 -8.045809
v 26.656662 -5.652535 -7.384510
v 25.743439 -5.652535 -7.384510
v 25.187956 -4.438301 -8.817325
v 24.405094 -5.164433 -8.045809
v 24.405094 -5.652535 -8.045809
v 25.187956 -5.652535 -8.817325
v 25.743439 -4.676331 -7.384510
v 26.656662 -4.676331 -7.384510
v 26.656662 -5.652535 -7.384510
v 26.656662 -4.676331 -7.384510
v 25.743439 -4.676331 -7.384510
v 25.743439 -5.652535 -7.384510
v 26.471783 -5.652535 -8.817325
v 26.471783 -4.676331 -8.817325
v 26.656662 -4.676331 -7.384510
v 26.656662 -5.652535 -7.384510
v 25.928318 -5.652535 -8.817325
v 25.743439 -5.652535 -7.384510
v 25.743439 -4.676331 -7.384510
v 25.928318 -4.676331 -8.817325
v 25.554497 2.015388 -7.384510
v 25.554497 1.889427 -7.384510
v 23.965759 1.889427 -8.817325
v 24.405094 1.889427 -8.045809
v 28.640560 4.015032 -9.179464
v 26.908585 4.015032 -9.116484
v 27.160509 4.015032 -9.557350
v 25.491516 4.015032 -9.116484
v 23.759541 4.015032 -9.179464
v 25.223846 4.015032 -9.557350
v 25.491516 4.015032 -10.533554
v 24.836304 4.015032 -10.195655
v 25.239592 4.015032 -10.092688
v 23.759541 4.015032 -10.470573
v 25.206690 4.015032 -10.822567
v 24.420839 4.015032 -11.619974
v 26.577936 4.015032 -11.217205
v 25.932381 4.015032 -10.801223
v 26.467720 4.015032 -10.785478
v 25.554497 4.015032 -12.265529
v 26.845604 4.015032 -12.265529
v 27.349001 4.015032 -10.137268
v 26.908585 4.015032 -10.533554
v 27.176254 4.015032 -10.092688
v 28.640560 4.015032 -10.470573
v 27.995007 4.015032 -11.604229
v 28.640560 4.015032 -9.179464
v 28.640560 1.889427 -9.179464
v 23.759541 1.889427 -9.179464
v 23.759541 4.015032 -9.179464
v 28.640560 4.015032 -10.470573
v 28.640560 1.889427 -10.470573
v 28.640560 4.015032 -9.179464
v 27.160509 4.015032 -9.557350
v 28.640560 1.889427 -9.179464
v 27.995007 4.015032 -11.604229
v 26.908585 4.015032 -10.533554
v 27.995007 1.889427 -11.604229
v 26.845604 4.015032 -12.265529
v 26.577936 4.015032 -11.217205
v 26.845604 1.889427 -12.265529
v 26.467720 4.015032 -10.785478
v 25.554497 1.889427 -12.265529
v 25.932381 4.015032 -10.801223
v 25.554497 4.015032 -12.265529
v 26.475845 2.015388 -8.817325
v 26.467720 4.015032 -8.848815
v 26.475845 4.015032 -8.817325
v 25.932381 4.015032 -8.864560
v 25.491516 4.015032 -9.116484
v 23.759541 4.015032 -10.470573
v 23.759541 1.889427 -10.470573
v 25.223846 4.015032 -9.557350
v 23.759541 1.889427 -9.179464
v 23.759541 4.015032 -9.179464
v 27.176254 -5.164433 -10.092688
v 27.176254 -4.676331 -9.557350
v 27.176254 -4.676331 -10.092688
v 27.176254 -5.164433 -9.557350
v 27.176254 -5.652535 -10.092688
v 27.176254 -5.652535 -9.557350
v 28.640560 -5.652535 -9.368407
v 27.176254 -5.164433 -9.557350
v 27.176254 -5.652535 -9.557350
v 27.176254 -4.676331 -9.557350
v 28.640560 -4.676331 -9.368407
v 28.640560 -4.676331 -10.281631
v 27.176254 -5.164433 -10.092688
v 27.176254 -4.676331 -10.092688
v 27.176254 -5.652535 -10.092688
v 28.640560 -5.652535 -10.281631
v 25.932381 0.881732 -10.801223
v 26.552952 1.100604 -11.119304
v 26.467720 0.870868 -10.785478
v 25.491516 0.882835 -10.533554
v 25.239592 0.881732 -10.092688
v 25.206690 1.150611 -10.822567
v 25.491516 0.881732 -9.116484
v 25.223846 0.891652 -9.557350
v 24.883493 1.123568 -9.469518
v 26.467720 -5.652535 -10.801223
v 25.932381 -5.164433 -10.801223
v 25.932381 -5.652535 -10.801223
v 25.932381 -4.676331 -10.801223
v 26.467720 -4.676331 -10.801223
v 25.743439 -5.652535 -12.265529
v 25.932381 -4.676331 -10.801223
v 25.743439 -4.676331 -12.265529
v 25.932381 -5.164433 -10.801223
v 25.932381 -5.652535 -10.801223
v 26.467720 -5.164433 -10.801223
v 26.656662 -4.676331 -12.265529
v 26.467720 -4.676331 -10.801223
v 26.656662 -5.652535 -12.265529
v 26.467720 -5.652535 -10.801223
v 24.915083 -5.652535 -10.183537
v 25.491516 -5.652535 -10.533554
v 25.192356 -5.652535 -10.076942
v 24.956179 -5.652535 -11.068892
v 23.970369 -5.652535 -10.546937
v 23.554853 -5.164433 -10.706751
v 23.554853 -5.652535 -10.706751
v 25.192356 -4.156739 -10.076942
v 25.192356 -5.652535 -10.076942
v 25.192356 -5.652535 -10.076942
v 25.192356 -4.156739 -10.076942
v 25.491516 -5.652535 -10.533554
v 26.467720 -4.676331 -8.848815
v 25.932381 -5.164433 -8.848815
v 25.932381 -4.676331 -8.848815
v 25.932381 -5.652535 -8.848815
v 26.467720 -5.652535 -8.848815
v 25.932381 -5.164433 -8.848815
v 25.932381 -4.676331 -8.848815
v 25.932381 -5.652535 -8.848815
v 26.467720 -4.676331 -8.848815
v 26.467720 -5.164433 -8.848815
v 26.467720 -5.652535 -8.848815
v 25.491516 -5.164433 -9.116484
v 25.192356 -4.156739 -9.447134
v 25.491516 -4.156739 -9.116484
v 25.192356 -5.652535 -9.447134
v 25.491516 -5.652535 -9.116484
v 25.491516 -5.652535 -9.116484
v 25.491516 -4.156739 -9.116484
v 25.554497 4.015032 -7.384510
v 26.845604 4.015032 -7.384510
v 26.845604 4.015032 -7.384510
v 24.405094 1.889427 -8.045809
v 25.554497 1.889427 -7.384510
v 25.554497 1.889427 -7.384510
v 34.513527 1.511541 -6.266599
v 34.513527 1.259618 -6.266599
v 34.513527 1.259618 -7.620687
v 34.513527 1.511541 -7.620687
v 34.513527 1.511541 -7.620687
v 34.513527 1.259618 -7.620687
v 32.372177 1.259618 -7.620687
v 32.372177 1.511541 -7.620687
v 33.537323 1.511541 -5.290395
v 33.537323 1.259618 -5.290395
v 32.025784 1.511541 -6.801936
v 32.025784 1.259618 -6.801936
v 32.025784 1.259618 -6.801936
v 34.513527 1.259618 -6.266599
v 33.537323 1.259618 -5.290395
v 34.513527 1.259618 -7.620687
v 32.372177 1.259618 -7.620687
v 34.513527 1.511541 -6.266599
v 32.025784 1.511541 -6.801936
v 33.537323 1.511541 -5.290395
v 34.513527 1.511541 -7.620687
v 32.372177 1.511541 -7.620687
v 28.923973 -4.660586 -10.139923
v 28.923973 -5.164433 -10.139923
v 27.664356 -5.164433 -10.139923
v 27.916279 -4.408662 -10.139923
v 28.923973 -5.164433 -9.510115
v 28.923973 -4.660586 -9.510115
v 27.916279 -4.408662 -9.510115
v 27.664356 -5.164433 -9.510115
v 29.301859 -5.164433 -10.139923
v 29.553783 -3.400968 -10.139923
v 29.553783 -3.400968 -9.510115
v 29.301859 -5.164433 -9.510115
v 28.923973 -4.660586 -9.510115
v 28.923973 -4.660586 -10.139923
v 27.916279 -4.408662 -10.139923
v 27.916279 -4.408662 -9.510115
v 28.923973 -4.660586 -10.139923
v 28.923973 -4.660586 -9.510115
v 29.143461 -3.469302 -9.510115
v 29.143461 -3.469302 -10.139923
v 27.664356 -5.164433 -9.510115
v 27.916279 -4.408662 -9.510115
v 27.916279 -4.408662 -10.139923
v 27.664356 -5.164433 -10.139923
v 27.664356 -5.164433 -10.139923
v 28.923973 -5.164433 -9.510115
v 27.664356 -5.164433 -9.510115
v 29.301859 -5.164433 -9.510115
v 29.301859 -5.164433 -10.139923
v 29.144407 -3.463949 -10.139923
v 29.301859 -5.164433 -10.139923
v 29.553783 -3.400968 -10.139923
v 29.301859 -5.164433 -9.510115
v 29.144407 -3.463949 -9.510115
v 29.553783 -3.400968 -9.510115
v 26.514956 -4.550369 -7.116840
v 26.514956 -5.054216 -7.116840
v 26.514956 -5.054216 -8.376458
v 26.514956 -4.298446 -8.124535
v 25.885145 -5.054216 -7.116840
v 25.885145 -4.550369 -7.116840
v 25.885145 -4.298446 -8.124535
v 25.885145 -5.054216 -8.376458
v 26.514956 -5.054216 -6.738955
v 26.514956 -3.290751 -6.487032
v 25.885145 -3.290751 -6.487032
v 25.885145 -5.054216 -6.738955
v 26.514956 -4.298446 -8.124535
v 25.885145 -4.298446 -8.124535
v 25.885145 -4.550369 -7.116840
v 26.514956 -4.550369 -7.116840
v 26.514956 -4.550369 -7.116840
v 25.885145 -4.550369 -7.116840
v 25.885145 -3.359086 -6.897352
v 26.514956 -3.359086 -6.897352
v 25.885145 -5.054216 -8.376458
v 25.885145 -4.298446 -8.124535
v 26.514956 -4.298446 -8.124535
v 26.514956 -5.054216 -8.376458
v 25.885145 -5.054216 -7.116840
v 26.514956 -5.054216 -6.738955
v 25.885145 -5.054216 -6.738955
v 26.514956 -5.054216 -7.116840
v 25.885145 -5.054216 -8.376458
v 26.514956 -5.054216 -8.376458
v 26.514956 -5.054216 -6.738955
v 26.514956 -3.353732 -6.896408
v 26.514956 -3.290751 -6.487032
v 25.885145 -3.353732 -6.896408
v 25.885145 -5.054216 -6.738955
v 25.885145 -3.290751 -6.487032
v 26.514956 -5.054216 -12.533197
v 26.514956 -4.550369 -12.533197
v 26.514956 -4.298446 -11.525503
v 26.514956 -5.054216 -11.273580
v 25.885145 -4.550369 -12.533197
v 25.885145 -5.054216 -12.533197
v 25.885145 -5.054216 -11.273580
v 25.885145 -4.298446 -11.525503
v 25.885145 -5.054216 -12.911082
v 25.885145 -3.290751 -13.163006
v 26.514956 -3.290751 -13.163006
v 26.514956 -5.054216 -12.911082
v 26.514956 -4.550369 -12.533197
v 25.885145 -4.550369 -12.533197
v 25.885145 -4.298446 -11.525503
v 26.514956 -4.298446 -11.525503
v 25.885145 -4.550369 -12.533197
v 26.514956 -4.550369 -12.533197
v 26.514956 -3.359086 -12.752686
v 25.885145 -3.359086 -12.752686
v 26.514956 -5.054216 -11.273580
v 26.514956 -4.298446 -11.525503
v 25.885145 -4.298446 -11.525503
v 25.885145 -5.054216 -11.273580
v 25.885145 -5.054216 -12.533197
v 26.514956 -5.054216 -11.273580
v 25.885145 -5.054216 -11.273580
v 26.514956 -5.054216 -12.533197
v 25.885145 -5.054216 -12.911082
v 26.514956 -5.054216 -12.911082
v 26.514956 -3.353732 -12.753631
v 26.514956 -5.054216 -12.911082
v 26.514956 -3.290751 -13.163006
v 25.885145 -5.054216 -12.911082
v 25.885145 -3.353732 -12.753631
v 25.885145 -3.290751 -13.163006
v 27.203409 1.637503 -8.817325
v 25.239592 1.637503 -10.092688
v 25.239592 1.637503 -10.092688
v 26.467720 1.637503 -10.785478
v 26.467720 1.637503 -10.785478
v 26.908585 4.015032 -9.116484
v 26.703897 2.015388 -7.933624
v 25.491516 4.015032 -10.533554
v 24.836304 1.637503 -10.195655
v 24.389788 1.637503 -8.817325
v 25.491516 1.637503 -10.533554
v 27.176254 1.637503 -8.844879
v 27.176254 1.637503 -10.092688
v 27.176254 1.637503 -10.092688
v 24.420839 -5.164433 -11.619974
v 24.420839 -5.164433 -11.619974
v 26.475845 2.015388 -8.817325
v 33.537323 1.259618 -5.290395
v 24.405094 -5.164433 -8.045809
v 27.979261 4.015032 -8.030064
v 23.554853 -5.652535 -8.817325
v 25.491516 -4.217043 -10.533554
v 24.420839 4.015032 -11.619974
v 26.552952 1.637503 -11.119304
v 26.908585 0.882835 -9.116484
v 24.129553 1.637503 -10.376101
v 24.129553 1.637503 -10.376101
v 23.965759 1.889427 -8.817325
v 23.965759 1.889427 -8.817325
v 25.491516 -5.164433 -10.533554
v 24.420839 1.889427 -11.619974
v 28.432205 1.889427 -8.817325
v 28.432205 1.889427 -8.817325
v 26.908585 1.637503 -9.116484
v 26.908585 1.637503 -9.116484
v 26.908585 1.637503 -9.116484
v 24.405094 -5.652535 -8.045809
v 23.554853 -5.239065 -8.817325
v 27.349001 1.637503 -10.137268
v 28.007807 1.637503 -8.817325
v 28.270844 1.637503 -10.375163
v 28.270844 1.637503 -10.375163
v 26.752140 1.637503 -11.899463
v 26.752140 1.637503 -11.899463
v 26.845604 2.015388 -7.384510
v 26.845604 2.015388 -7.384510
v 27.203409 1.160012 -8.817325
v 27.203409 1.160012 -8.817325
v 33.537323 1.511541 -5.290395
v 25.491516 0.882835 -10.533554
v 25.187956 1.163294 -8.817325
v 25.187956 1.163294 -8.817325
v 25.187956 1.163294 -8.817325
v 26.577936 1.637503 -11.217205
v 23.970369 -5.652535 -10.546937
v 24.420839 -5.652535 -11.619974
v 27.979261 2.015388 -8.030064
v 27.979261 1.889427 -8.030064
vn 0.2474 -0.0000 -0.9689
vn -0.7019 -0.0000 -0.7122
vn 0.4905 -0.8255 -0.2792
vn -0.2499 -0.0000 -0.9683
vn 0.7122 -0.0000 -0.7019
vn -0.9683 -0.0000 0.2499
vn -0.0000 1.0000 -0.0000
vn -0.0000 -0.8238 0.5669
vn -0.0000 -1.0000 -0.0000
vn -0.4090 0.8341 0.3701
vn 0.4898 -0.8251 0.2818
vn 0.4898 -0.8250 0.2818
vn 0.4904 -0.8255 -0.2793
vn -0.0000 -0.0000 -1.0000
vn 0.8690 -0.0000 -0.4948
vn -0.4904 -0.8255 0.2793
vn -0.0000 -0.8238 -0.5669
vn -0.4898 -0.8250 -0.2818
vn -0.4898 -0.8251 -0.2818
vn -0.8668 -0.0000 -0.4987
vn 0.8548 -0.0000 -0.5190
vn -0.8682 -0.0000 -0.4961
vn 0.0294 -0.0000 -0.9996
vn 0.2499 -0.0000 0.9683
vn -0.8548 -0.0000 0.5190
vn -0.0294 -0.0000 0.9996
vn 0.8682 -0.0000 0.4961
vn -0.2474 -0.0000 0.9689
vn 0.4905 -0.8255 -0.2793
vn 0.4904 -0.8255 -0.2792
vn 1.0000 -0.0000 -0.0000
vn -0.7123 -0.0000 0.7019
vn 0.4897 -0.8251 0.2819
vn 0.4897 -0.8250 0.2819
vn 0.9683 -0.0000 -0.2498
vn 0.9683 -0.0000 -0.2499
vn -0.9689 -0.0000 -0.2475
vn -0.9689 -0.0000 -0.2473
vn 0.7019 -0.0000 0.7123
vn 0.7019 -0.0000 0.7122
vn 0.9689 -0.0000 0.2474
vn -0.7122 -0.0000 0.7019
vn -0.7256 -0.0000 -0.6881
vn -0.3831 0.8493 -0.3631
vn -0.3830 0.8494 -0.3632
vn 0.7123 -0.0000 -0.7019
vn -0.3590 -0.0000 -0.9333
vn -0.4090 0.8341 0.3700
vn -0.8690 -0.0000 0.4948
vn 0.8668 -0.0000 0.4987
vn -0.9689 -0.0000 -0.2474
vn -0.0000 -0.0000 1.0000
vn -0.4905 -0.8255 0.2793
vn 0.9918 -0.0000 -0.1280
vn -0.9918 -0.0000 -0.1280
vn -0.6720 -0.0000 0.7406
vn 0.2474 -0.0001 -0.9689
vn -1.0000 -0.0000 -0.0000
vn -0.1280 -0.0000 0.9918
vn -0.1280 -0.0000 -0.9918
vn 0.4898 -0.8250 0.2819
vn -0.4897 -0.8250 -0.2819
vn -0.4905 -0.8255 0.2792
vn -0.3138 -0.7015 0.6399
vn -0.9918 -0.0000 0.1280
vn 0.9918 -0.0000 0.1280
vn -0.3590 -0.0000 0.9333
vn 0.8365 -0.0000 0.5480
vn 0.7415 -0.0000 -0.6709
vn 0.9666 -0.0001 0.2562
vn 0.8611 -0.0000 0.5084
vn 0.7071 -0.0000 0.7071
vn -0.7071 -0.0000 0.7071
vn 0.9899 -0.1414 -0.0000
vn 0.2425 0.9701 -0.0000
vn -0.9834 0.1812 -0.0000
vn -0.9487 0.3162 -0.0000
vn -0.0000 -0.1414 0.9899
vn -0.0000 0.9701 0.2425
vn -0.0000 0.1812 -0.9834
vn -0.0000 0.3162 -0.9487
vn -0.0000 -0.1414 -0.9899
vn -0.0000 0.9701 -0.2425
vn -0.0000 0.1812 0.9834
vn -0.0000 0.3162 0.9487
vt 13.484375 1.187500
vt 14.027344 1.187500
vt 13.484375 1.557181
vt 13.755859 1.187500
vt 13.484375 1.439312
vt 13.484375 -4.357450
vt 13.484375 -4.007813
vt 13.351563 -4.226563
vt 12.346747 1.187500
vt 12.346747 1.442506
vt 11.972509 1.187500
vt 5.369966 1.187500
vt 5.369966 1.429087
vt 5.630712 1.187500
vt 5.904297 1.187500
vt 5.359375 1.562500
vt 5.359375 1.187500
vt 5.226563 3.092422
vt 5.226563 3.562500
vt 5.765625 3.562500
vt 12.497817 -3.375000
vt 11.891384 -3.375000
vt 12.109375 -2.992188
vt 13.497849 -3.375000
vt 13.882813 -2.984375
vt 14.107555 -3.375000
vt 13.250000 -2.936523
vt 13.320313 -2.664063
vt 13.250000 -2.664063
vt 11.687500 -3.375000
vt 11.468466 -0.029103
vt 11.776887 0.449855
vt 12.251172 0.180623
vt 14.027344 -3.601563
vt 14.210938 -3.554688
vt 13.896976 -3.375000
vt 13.755859 -4.625000
vt 13.890625 -4.757813
vt 14.210938 -4.195313
vt 14.027491 -4.147972
vt 13.320313 0.007812
vt 13.320313 1.062500
vt 12.679688 1.062500
vt 12.679688 0.007812
vt 12.861203 -3.375000
vt 13.136845 -3.375000
vt 13.132813 -3.390625
vt 12.867188 -3.398438
vt 5.195313 0.007812
vt 5.195313 1.062500
vt 5.757813 1.062500
vt 5.757813 0.007812
vt 12.101780 -3.375000
vt 11.789063 -3.554688
vt 11.972509 -3.602028
vt 13.273937 -4.904302
vt 12.726563 -4.904297
vt 12.679688 -5.085938
vt 13.320313 -5.085938
vt 12.250145 -4.630712
vt 11.972656 -4.148438
vt 11.789063 -4.195313
vt 12.117188 -4.765625
vt 5.765625 0.007812
vt 5.765625 1.062500
vt 4.523438 0.007812
vt 4.523438 1.187500
vt 4.742188 1.187500
vt 4.742188 0.007812
vt 13.132813 0.007812
vt 13.132813 1.187500
vt 12.867188 1.187500
vt 12.867188 0.007812
vt 13.570089 0.007812
vt 13.484375 0.007812
vt 13.570089 1.187500
vt 5.226563 0.007812
vt 5.226563 1.187500
vt 5.007813 1.187500
vt 5.007813 0.007812
vt 5.369966 0.007812
vt 12.323333 0.007812
vt 12.323333 1.187500
vt 12.523438 1.187500
vt 12.523438 0.007812
vt 27.734375 -8.593750
vt 27.734375 -9.500000
vt 26.281250 -9.312500
vt 26.281250 -8.781250
vt 4.523438 3.804688
vt 4.523438 3.320313
vt 4.070313 3.320313
vt 4.070313 3.804688
vt 13.367188 -4.257813
vt 13.367188 -3.804688
vt 12.640625 -3.898438
vt 12.640625 -4.164063
vt 13.484375 1.557578
vt 14.027491 1.187500
vt 4.375000 1.187500
vt 4.388672 1.187500
vt 4.388672 1.437090
vt 4.375000 1.424423
vt 13.484375 -3.740193
vt 13.484375 -3.388672
vt 13.351563 -3.523438
vt 13.476563 -3.742188
vt 4.742188 1.562500
vt 4.523438 1.561953
vt 5.226563 1.562500
vt 5.007813 1.557578
vt 12.867188 1.562500
vt 13.132813 1.567891
vt 5.007813 1.562500
vt 5.226563 1.561953
vt 4.523438 1.562500
vt 4.742188 1.557578
vt 13.132813 1.562500
vt 12.867188 1.567891
vt 4.375000 1.551747
vt 4.390625 1.562500
vt 4.390625 1.187500
vt 4.398438 1.187500
vt 4.398438 1.567891
vt 4.375000 1.551761
vt 12.497817 1.187500
vt 12.497817 1.422794
vt 12.648438 1.562500
vt 12.648438 1.187500
vt 12.515625 1.187500
vt 12.515625 1.557578
vt 11.972656 1.187500
vt 12.523438 1.562500
vt 5.517201 1.187500
vt 5.351563 1.187500
vt 5.351563 1.567891
vt 5.517201 1.453900
vt 13.351563 1.562500
vt 13.351563 1.187500
vt 5.904302 1.187500
vt 5.565778 1.187500
vt 13.476563 1.562500
vt 13.476563 1.187500
vt 12.773438 3.804688
vt 12.773438 3.320313
vt 13.226563 3.320313
vt 13.226563 3.804688
vt 26.453125 -10.781250
vt 25.546875 -10.781250
vt 25.734375 -9.328125
vt 26.265625 -9.328125
vt 13.132813 -3.656250
vt 12.867188 -3.656250
vt 12.773438 -4.382813
vt 13.226563 -4.382813
vt 11.893672 -4.233203
vt 11.687500 -4.312500
vt 12.385312 -4.493515
vt 5.765625 3.804688
vt 5.312500 3.804688
vt 5.312500 3.562500
vt 4.475176 -10.905619
vt 4.419933 -11.170783
vt 3.663108 -11.176308
vt 3.679681 -10.552065
vt 5.493515 3.562500
vt 5.493515 3.804688
vt 13.134829 -3.375000
vt 12.865171 -3.375000
vt 12.867188 -3.390625
vt 12.500000 -3.687500
vt 12.648438 -3.523438
vt 12.500000 3.062500
vt 12.500000 3.804688
vt 11.687500 3.804688
vt 11.687500 3.599531
vt 26.269657 -7.750000
vt 26.265625 -7.781250
vt 25.734375 -7.781250
vt 25.730343 -7.750000
vt 12.435079 0.076226
vt 12.334162 -0.120664
vt 12.679688 -2.664063
vt 4.375000 0.007812
vt 4.375000 1.000000
vt 3.992188 1.000000
vt 3.992188 0.007812
vt 12.497817 1.000000
vt 12.497817 0.007812
vt 12.109375 0.007812
vt 12.109375 1.000000
vt 3.984375 0.007812
vt 3.984375 1.000000
vt 3.664063 1.000000
vt 3.664063 0.007812
vt 3.984375 1.062500
vt 4.375000 1.062500
vt 13.250000 1.000000
vt 13.250000 1.062500
vt 13.320313 1.000000
vt 3.936523 1.000000
vt 3.664063 1.062500
vt 3.936523 1.250000
vt 13.226563 -2.664063
vt 12.773438 -2.664063
vt 12.497817 3.202206
vt 12.109375 3.562500
vt 12.109375 3.804688
vt 12.497817 3.804688
vt 25.546875 -6.328125
vt 26.453125 -6.328125
vt 4.375000 3.804688
vt 4.375000 3.320313
vt 3.664063 3.320313
vt 3.664063 3.804688
vt 12.679688 1.000000
vt 3.992188 1.062500
vt 12.515625 -3.742188
vt 12.648438 -4.226563
vt 12.323333 -4.058903
vt 12.523438 -4.007813
vt 12.507113 -4.369966
vt 13.187500 -4.565778
vt 12.867188 -4.359375
vt 13.132813 -4.351563
vt 13.570089 -4.029932
vt 4.554688 0.007812
vt 4.554688 1.062500
vt 14.210938 0.007812
vt 14.210938 1.062500
vt 13.476563 0.007812
vt 13.890625 0.007812
vt 13.351563 0.007812
vt 13.890625 1.062500
vt 6.085938 0.007812
vt 5.565778 0.007812
vt 6.085938 1.062500
vt 5.351563 0.007812
vt 5.359375 0.007812
vt 4.390625 0.007812
vt 4.398438 0.007812
vt 12.648438 0.007812
vt 11.789063 0.007812
vt 11.789063 1.062500
vt 12.515625 0.007812
vt 4.429688 3.562500
vt 4.164063 3.320313
vt 4.429688 3.320313
vt 4.164063 3.562500
vt 4.429688 3.804688
vt 4.164063 3.804688
vt 14.085938 3.804688
vt 13.359375 3.562500
vt 13.359375 3.804688
vt 13.359375 3.320313
vt 14.085938 3.320313
vt 13.175103 -4.517201
vt 12.346747 -3.698606
vt 13.132813 3.804688
vt 12.867188 3.562500
vt 12.867188 3.804688
vt 12.867188 3.320313
vt 13.132813 3.320313
vt 5.382813 3.804688
vt 4.656250 3.320313
vt 5.382813 3.320313
vt 4.656250 3.562500
vt 4.656250 3.804688
vt 12.362422 -4.052891
vt 12.500000 -4.000000
vt 12.382813 -4.492188
vt 11.893672 3.804688
vt 11.687500 3.562500
vt 5.000000 3.804688
vt 5.000000 3.062500
vt 5.226563 3.804688
vt 4.390625 3.562500
vt 4.390625 3.320313
vt 4.390625 3.804688
vt 4.523438 3.562500
vt 4.687500 3.062500
vt 4.523438 3.062500
vt 4.687500 3.804688
vt 12.648438 3.804688
vt 12.648438 3.062500
vt 12.109375 1.062500
vt 3.109375 0.250000
vt 3.109375 0.375000
vt 3.781250 0.375000
vt 3.781250 0.250000
vt 17.125000 0.250000
vt 17.125000 0.375000
vt 16.062500 0.375000
vt 16.062500 0.250000
vt 2.625000 0.250000
vt 2.625000 0.375000
vt 3.375000 0.250000
vt 3.375000 0.375000
vt 15.890625 -2.375000
vt 17.125000 -2.109375
vt 16.640625 -1.625000
vt 17.125000 -2.781250
vt 16.062500 -2.781250
vt -12.127022 9.716028
vt -12.303799 9.539251
vt -11.861856 9.097309
vt -11.685080 9.450863
vt -5.713342 2.948795
vt -5.094624 3.567513
vt -4.873652 3.346542
vt -5.492371 2.727824
vt 28.015625 -8.734375
vt 28.015625 -9.359375
vt 27.015625 -9.359375
vt 27.015625 -8.734375
vt 9.375000 5.328125
vt 8.750000 5.328125
vt 8.750000 4.145937
vt 9.375000 4.145937
vt 8.750000 5.828125
vt 8.750000 5.078125
vt 9.375000 5.078125
vt 9.375000 5.828125
vt -6.492264 14.466902
vt -7.155177 14.687872
vt -6.713235 14.245931
vt -7.287759 14.820455
vt -7.066788 15.041426
vt -11.784516 10.213212
vt -12.436380 9.671834
vt -11.906051 10.378941
vt 3.531250 3.257813
vt 3.531250 3.507813
vt 4.156250 3.507813
vt 4.031250 3.132813
vt 13.156250 3.507813
vt 13.156250 2.632813
vt 12.843750 2.632813
vt 12.843750 3.507813
vt 25.625000 -7.359375
vt 25.000000 -7.359375
vt 25.000000 -6.359375
vt 25.625000 -6.359375
vt 25.625000 5.218750
vt 25.000000 5.218750
vt 25.000000 4.036562
vt 25.625000 4.036562
vt 25.000000 5.718750
vt 25.000000 4.968750
vt 25.625000 4.968750
vt 25.625000 5.718750
vt 12.843750 -2.531250
vt 13.156250 -2.343750
vt 12.843750 -2.343750
vt 13.156250 -2.531250
vt 12.843750 -3.156250
vt 13.156250 -3.156250
vt 3.343750 3.507813
vt 3.421875 2.664063
vt 3.218750 2.632813
vt 6.218750 3.507813
vt 6.218750 3.257813
vt 5.718750 3.132813
vt 5.593750 3.507813
vt 25.625000 -11.734375
vt 25.000000 -11.734375
vt 25.000000 -10.734375
vt 25.625000 -10.734375
vt 12.843750 -5.218750
vt 13.156250 -4.593750
vt 12.843750 -4.593750
vt 13.156250 -5.218750
vt 12.843750 -5.406250
vt 13.156250 -5.406250
vt 6.328125 2.664063
vt 6.406250 3.507813
vt 6.531250 2.632813
s 0
usemtl material_37_71
f 1602/1282/308 1603/1283/308 1604/1284/308
f 1605/1282/309 1606/1285/309 1607/1286/309
f 1608/1287/310 1609/1288/310 1610/1289/310
f 1611/1290/311 1612/1291/311 1613/1292/311
f 1614/1293/312 1615/1294/312 1616/1295/312
f 1617/1296/313 1618/1297/313 1619/1298/313
f 1620/1299/312 1621/1300/312 1622/1301/312
f 1623/1302/314 1624/1303/314 1625/1304/314
f 1626/1305/314 1627/1306/314 1628/1307/314
f 1629/1308/315 1630/1309/315 1631/1310/315
f 1632/1302/316 1633/1304/316 1634/1311/316
f 1635/1312/317 1636/1313/317 1637/1314/317
s 1
f 1638/1315/318 1639/1316/319 1640/1307/318
f 1638/1315/318 1640/1307/318 1641/1317/318
f 1642/1318/320 1643/1319/320 1644/1320/320
f 1642/1318/320 1644/1320/320 1645/1321/320
s 0
f 1646/1322/321 1647/1323/321 1648/1324/321
f 1646/1322/321 1648/1324/321 1649/1325/321
f 1650/1326/314 1651/1327/314 1652/1328/314
f 1650/1326/314 1652/1328/314 1653/1329/314
f 1654/1330/322 1655/1331/322 1656/1332/322
f 1654/1330/322 1656/1332/322 1657/1333/322
s 1
f 1658/1334/323 1659/1303/323 1660/1335/323
s 0
f 1658/1334/323 1660/1335/323 1661/1336/323
s 1
f 1662/1337/324 1663/1338/324 1664/1339/324
f 1662/1337/324 1664/1339/324 1665/1340/324
s 0
f 1666/1341/325 1667/1342/325 1668/1343/325
s 1
f 1666/1341/326 1668/1343/326 1669/1344/326
s 0
f 1670/1345/327 1671/1346/327 1672/1331/327
f 1670/1345/327 1672/1331/327 1673/1330/327
f 1674/1347/328 1675/1348/328 1676/1349/328
f 1674/1347/328 1676/1349/328 1677/1350/328
f 1678/1350/329 1679/1349/329 1680/1348/329
f 1678/1350/329 1680/1348/329 1681/1347/329
f 1682/1351/330 1683/1352/330 1684/1353/330
f 1682/1351/330 1684/1353/330 1685/1354/330
f 1686/1355/331 1687/1356/331 1688/1282/331
f 1686/1355/331 1688/1282/331 1689/1357/331
f 1690/1358/332 1691/1359/332 1692/1360/332
f 1690/1358/332 1692/1360/332 1693/1361/332
f 1694/1354/333 1695/1353/333 1696/1352/333
f 1694/1354/333 1696/1352/333 1697/1351/333
f 1698/1361/334 1699/1360/334 1700/1359/334
f 1698/1361/334 1700/1359/334 1701/1358/334
s 1
f 1702/1362/312 2133/1358/312 2136/1359/312
f 1702/1362/312 2136/1359/312 1614/1293/312
s 0
f 1703/1363/335 1704/1364/335 1705/1365/335
f 1703/1363/335 1705/1365/335 1706/1366/335
f 1608/1287/336 1642/1318/336 1645/1321/336
f 1608/1287/337 1645/1321/337 1609/1288/337
f 1707/1367/314 1708/1368/314 1709/1369/314
s 1
f 1707/1367/314 1709/1369/314 1710/1370/314
f 1711/1371/338 1712/1372/338 1713/1373/338
f 1711/1371/338 1713/1373/338 1714/1374/338
s 0
f 1715/1375/316 1716/1376/316 1717/1377/316
s 1
f 1715/1375/316 1717/1377/316 1718/1378/316
s 0
f 2138/1282/331 1719/1379/331 1720/1380/331
s 1
f 2139/1282/314 2166/1380/314 2164/1357/314
f 1721/1381/339 1722/1382/339 1723/1383/339
s 0
f 1721/1381/339 1723/1383/339 1724/1384/339
f 1725/1327/315 1726/1326/315 1727/1329/315
f 1725/1327/315 1727/1329/315 1728/1328/315
f 1729/1385/340 1730/1386/340 1731/1387/340
f 1729/1385/341 1731/1387/341 1732/1388/341
f 1679/1349/329 1733/1389/329 1734/1390/329
s 1
f 1679/1349/329 1734/1390/329 1680/1348/329
f 1691/1359/332 1735/1391/332 1736/1392/332
s 0
f 1691/1359/332 1736/1392/332 1692/1360/332
f 1695/1353/333 1737/1393/333 1738/1394/333
f 1695/1353/333 1738/1394/333 1696/1352/333
s 1
f 1699/1360/334 1739/1395/334 1740/1396/334
s 0
f 1699/1360/334 1740/1396/334 1700/1359/334
f 1675/1348/328 1741/1397/328 1742/1398/328
f 1675/1348/328 1742/1398/328 1676/1349/328
f 1683/1352/330 1743/1399/330 1744/1400/330
f 1683/1352/330 1744/1400/330 1684/1353/330
f 1745/1381/342 1746/1401/342 1747/1402/342
f 1745/1381/343 1747/1402/343 1748/1403/343
f 1749/1381/344 1750/1404/344 1751/1405/344
f 1749/1381/345 1751/1405/345 1752/1406/345
f 1753/1407/346 1754/1408/346 1755/1409/346
f 1753/1407/347 1755/1409/347 1756/1410/347
f 1611/1290/311 1757/1411/311 1758/1412/311
f 1611/1290/311 1758/1412/311 1612/1291/311
f 1614/1293/312 2136/1359/312 2175/1396/312
f 1614/1293/312 2175/1396/312 1615/1294/312
f 1759/1413/335 1760/1414/335 2127/1365/335
s 1
f 2151/1413/314 2128/1365/314 2134/1364/314
f 1761/1415/348 1762/1416/348 1763/1417/348
s 0
f 1761/1415/348 1763/1417/348 1764/1418/348
f 1605/1282/309 1607/1286/309 1765/1419/309
f 1605/1282/309 1765/1419/309 1766/1420/309
f 1761/1415/348 1764/1418/348 1767/1421/348
f 2149/1415/314 2168/1421/314 1768/1422/314
s 1
f 1722/1382/349 2159/1348/349 2150/1390/349
s 0
f 1722/1382/349 2150/1390/349 1723/1383/349
f 1602/1282/308 1604/1284/308 1769/1423/308
f 1602/1282/308 1769/1423/308 1770/1424/308
s 1
f 1771/1425/321 1772/1426/321 1773/1427/321
f 1771/1425/321 1773/1427/321 1774/1428/321
s 0
f 1775/1429/314 1776/1430/314 1777/1431/314
s 1
f 1775/1429/314 1777/1431/314 1778/1432/314
f 1779/1433/316 1780/1434/316 1781/1435/316
s 0
f 1779/1433/316 1781/1435/316 1782/1436/316
f 1783/1437/316 1784/1438/316 1785/1344/316
f 1783/1437/316 1785/1344/316 1786/1439/316
f 2140/1301/350 1787/1440/350 1788/1441/350
f 2140/1301/350 1788/1441/350 1789/1442/350
f 1790/1443/351 1791/1444/351 1792/1445/351
f 1790/1443/352 1792/1445/352 1793/1446/352
f 1794/1447/353 1795/1448/353 2181/1440/353
f 1794/1447/353 2181/1440/353 2141/1301/353
f 1796/1449/316 1797/1450/316 1798/1451/316
f 1796/1449/316 1798/1451/316 1799/1328/316
f 1632/1302/316 1634/1311/316 1800/1452/316
f 1632/1302/316 1800/1452/316 1801/1453/316
s 1
f 1802/1454/354 1803/1455/354 1804/1456/354
s 0
f 1802/1454/354 1804/1456/354 1805/1457/354
f 1806/1458/314 1807/1459/314 1808/1460/314
f 1806/1458/314 1808/1460/314 1809/1461/314
f 1635/1312/317 1637/1314/317 1810/1462/317
f 1635/1312/355 1810/1462/355 1811/1463/355
f 1650/1326/314 1812/1464/314 1813/1309/314
f 1650/1326/314 1813/1309/314 1651/1327/314
f 1814/1465/356 1815/1466/356 1816/1467/356
f 1814/1465/356 1816/1467/356 1817/1468/356
f 1818/1469/347 1819/1470/347 1820/1471/347
f 1818/1469/346 1820/1471/346 1821/1472/346
f 1822/1466/357 1823/1465/357 1824/1473/357
f 1822/1466/357 1824/1473/357 1825/1474/357
s 1
f 1826/1465/349 1827/1466/349 2182/1474/349
f 1826/1465/349 2182/1474/349 2145/1473/349
s 0
f 1828/1465/358 1829/1466/358 1830/1475/358
f 1828/1465/358 1830/1475/358 1831/1476/358
f 1822/1466/357 1825/1474/357 1832/1477/357
f 1822/1466/357 1832/1477/357 1833/1478/357
f 1834/1479/359 1835/1480/359 1836/1323/359
f 1834/1479/359 1836/1323/359 1837/1481/359
s 1
f 1838/1482/343 1839/1475/343 1840/1483/343
f 1838/1482/343 1840/1483/343 1841/1484/343
s 0
f 2157/1307/318 1842/1306/318 1843/1305/318
f 2158/1307/359 2172/1305/359 2165/1317/359
f 1844/1302/360 1845/1304/360 2153/1303/360
s 1
f 2176/1302/321 2154/1303/321 2135/1334/321
s 0
f 1796/1449/316 1846/1485/316 1847/1486/316
f 1796/1449/316 1847/1486/316 1797/1450/316
f 1848/1487/346 1849/1488/346 1850/1489/346
f 1848/1487/347 1850/1489/347 1851/1490/347
f 1806/1458/314 1809/1461/314 1852/1491/314
f 1806/1458/314 1852/1491/314 1853/1492/314
s 1
f 1854/1428/359 1855/1427/359 1856/1426/359
f 1854/1428/359 1856/1426/359 1857/1425/359
s 0
f 1858/1493/361 1859/1494/361 1860/1495/361
f 1858/1493/361 1860/1495/361 1861/1496/361
f 1862/1493/362 1863/1496/362 1864/1495/362
f 1862/1493/362 1864/1495/362 1865/1494/362
f 2163/1457/363 2146/1456/363 2162/1489/363
f 2163/1457/363 2162/1489/363 2144/1488/363
f 1834/1479/359 1866/1497/359 1867/1324/359
f 1834/1479/359 1867/1324/359 1835/1480/359
f 1815/1466/356 1868/1478/356 1869/1498/356
f 1815/1466/356 1869/1498/356 1816/1467/356
f 1870/1316/314 1626/1305/314 1628/1307/314
f 1626/1305/314 1870/1316/314 1871/1387/314
f 1871/1387/314 1870/1316/314 1872/1388/314
f 1873/1453/314 1624/1303/314 1623/1302/314
f 1624/1303/314 1873/1453/314 1874/1335/314
f 1874/1335/314 1873/1453/314 1875/1499/314
f 1876/1500/314 1877/1501/314 1878/1502/314
f 1877/1501/314 1876/1500/314 1879/1343/314
f 1879/1343/314 1876/1500/314 1880/1503/314
f 1879/1343/314 1880/1503/314 1881/1344/314
f 1882/1504/314 1883/1505/314 1884/1506/314
f 1883/1505/314 1882/1504/314 1885/1339/314
f 1885/1339/314 1882/1504/314 1886/1340/314
f 1887/1507/314 1888/1289/314 1889/1288/314
f 1888/1289/314 1887/1507/314 1890/1320/314
f 1888/1289/314 1890/1320/314 1891/1319/314
f 1822/1466/357 1892/1508/357 1823/1465/357
f 1892/1508/357 1822/1466/357 1893/1509/357
f 1893/1509/357 1822/1466/357 1833/1478/357
f 1894/1509/356 1814/1465/356 1895/1508/356
f 1814/1465/356 1894/1509/356 1815/1466/356
s 1
f 1815/1466/356 1894/1509/356 1868/1478/356
s 0
f 2167/1380/331 1686/1355/331 1689/1357/331
s 1
f 1686/1355/331 2167/1380/331 1896/1510/331
s 0
f 1896/1510/331 2167/1380/331 1897/1511/331
s 1
f 1898/1510/308 1770/1424/308 1899/1512/308
f 1770/1424/308 1898/1510/308 1602/1282/364
s 0
f 1602/1282/308 1898/1510/308 1603/1283/308
f 1603/1283/308 1898/1510/308 1900/1511/308
f 2160/1348/339 1826/1465/339 2131/1347/339
f 1826/1465/349 2160/1348/349 1827/1466/349
f 1827/1466/349 2160/1348/349 1721/1381/349
f 2126/1381/316 2161/1348/316 2137/1382/316
f 1901/1513/309 1766/1420/309 1902/1514/309
f 1766/1420/309 1901/1513/309 1605/1282/309
f 1605/1282/309 1901/1513/309 1606/1285/309
f 1606/1285/309 1901/1513/309 1903/1515/309
f 2179/1422/348 1904/1516/348 1905/1517/348
f 1904/1516/348 2179/1422/348 1906/1518/348
s 1
f 1906/1518/348 2179/1422/348 2169/1421/348
s 0
f 1614/1293/312 2148/1345/312 1702/1362/312
f 2148/1345/312 1614/1293/312 2156/1346/312
f 2156/1346/312 1614/1293/312 1616/1295/312
f 2129/1416/348 1905/1517/348 1907/1519/348
f 1905/1517/348 2129/1416/348 2179/1422/348
f 1768/1422/314 2130/1416/314 2149/1415/314
s 1
f 1908/1518/313 1909/1520/313 1910/1516/313
f 1909/1520/313 1908/1518/313 1619/1298/313
f 1619/1298/313 1908/1518/313 1617/1296/313
f 1911/1466/343 1912/1521/343 1913/1465/343
s 0
f 1912/1521/342 1911/1466/342 1748/1403/342
f 1748/1403/342 1911/1466/342 1745/1381/342
f 1750/1404/358 1828/1465/358 1914/1522/358
f 1828/1465/358 1750/1404/358 1829/1466/358
f 1829/1466/345 1750/1404/345 1749/1381/345
f 1756/1410/346 1818/1469/346 1753/1407/346
s 1
f 1818/1469/346 1756/1410/346 1819/1470/347
f 1819/1470/347 1756/1410/346 1915/1523/347
s 0
f 2152/1413/335 1916/1524/335 1917/1525/335
f 1916/1524/335 2152/1413/335 1703/1363/335
f 1703/1363/335 2152/1413/335 1704/1364/335
s 1
f 1918/1526/311 1919/1525/311 1920/1524/311
s 0
f 1919/1525/311 1918/1526/311 1613/1292/311
f 1613/1292/311 1918/1526/311 1611/1290/311
f 1611/1290/311 1918/1526/311 1757/1411/311
f 1921/1527/365 1922/1528/365 1923/1529/365
f 1922/1528/365 1921/1527/365 1924/1530/365
f 1924/1530/365 1921/1527/365 1925/1531/365
f 1924/1530/365 1925/1531/365 1926/1532/365
f 1927/1533/366 1928/1534/366 1929/1535/366
f 1928/1534/366 1927/1533/366 1930/1536/366
f 1930/1536/366 1927/1533/366 1931/1537/366
f 1932/1537/367 1933/1534/367 1934/1536/367
f 1933/1534/367 1932/1537/367 1935/1535/367
f 1935/1535/367 1932/1537/367 1936/1533/367
s 1
f 1730/1386/319 1641/1317/319 2173/1305/319
s 0
f 1641/1317/318 1730/1386/318 1638/1315/318
s 1
f 1638/1315/368 1730/1386/368 1729/1385/368
f 1937/1505/324 1938/1538/324 1939/1506/324
f 1938/1538/324 1937/1505/324 1663/1338/324
f 1938/1538/324 1663/1338/324 1662/1337/324
s 0
f 1667/1342/369 1940/1500/369 1941/1502/369
f 1940/1500/326 1667/1342/326 1942/1503/326
f 1942/1503/326 1667/1342/326 1666/1341/326
f 1661/1336/360 2177/1302/360 1658/1334/360
f 2177/1302/360 1661/1336/360 1943/1453/360
f 1943/1453/370 1661/1336/370 1944/1499/370
s 1
f 1944/1499/370 1661/1336/360 1945/1539/371
s 0
f 1946/1540/359 1947/1541/359 1948/1542/359
f 1947/1541/359 1946/1540/359 1949/1543/359
f 1949/1543/359 1946/1540/359 1950/1544/359
f 1951/1545/372 1952/1546/372 1953/1547/372
f 1952/1546/372 1951/1545/372 1954/1548/372
f 1954/1548/372 1951/1545/372 1955/1549/372
f 1956/1548/373 1957/1547/373 1958/1546/373
f 1957/1547/373 1956/1548/373 1959/1545/373
f 1959/1545/373 1956/1548/373 1960/1549/373
f 1961/1550/316 1962/1500/316 1963/1551/316
f 1962/1500/316 1961/1550/316 2180/1437/316
f 1962/1500/316 2180/1437/316 1964/1552/316
f 1965/1553/374 1966/1554/374 1967/1456/374
s 1
f 1966/1554/374 1965/1553/374 1968/1454/374
f 1968/1454/374 1965/1553/374 1969/1455/374
s 0
f 1970/1555/375 2147/1299/375 1971/1556/375
f 2147/1299/375 1970/1555/375 2155/1300/375
s 1
f 2155/1300/375 1970/1555/375 1972/1557/375
s 0
f 1973/1544/321 1974/1541/321 1975/1543/321
f 1974/1541/321 1973/1544/321 1976/1542/321
f 1976/1542/321 1973/1544/321 1977/1540/321
f 1978/1558/362 1865/1494/362 1979/1559/362
f 1865/1494/362 1978/1558/362 1862/1493/362
f 1862/1493/362 1978/1558/362 1980/1560/362
f 1858/1493/361 1981/1559/361 1859/1494/361
f 1981/1559/361 1858/1493/361 1982/1558/361
f 1982/1558/361 1858/1493/361 1983/1560/361
s 1
f 1984/1561/376 1985/1562/376 1986/1563/376
s 0
f 1985/1562/376 1984/1561/376 1987/1564/376
f 1987/1564/376 1984/1561/376 1988/1371/376
f 1989/1565/347 1848/1487/347 1851/1490/347
f 1848/1487/347 1989/1565/347 1990/1566/347
f 1834/1479/359 1991/1325/359 1866/1497/359
f 1991/1325/359 1834/1479/359 1992/1322/359
f 1992/1322/359 1834/1479/359 1837/1481/359
f 2170/1475/343 1913/1465/343 1993/1476/343
f 1913/1465/343 2170/1475/343 1911/1466/343
s 1
f 2142/1466/314 2171/1475/314 2132/1482/314
s 0
f 1721/1381/349 2182/1474/349 1827/1466/349
f 2182/1474/349 1721/1381/349 2183/1477/349
s 1
f 2183/1477/349 1721/1381/349 1724/1384/349
s 0
f 2178/1408/347 1821/1472/347 1994/1567/347
s 1
f 1821/1472/347 2178/1408/347 1818/1469/347
s 0
f 1749/1381/358 1830/1475/358 1829/1466/358
f 1830/1475/358 1749/1381/358 1995/1483/358
f 1995/1483/358 1749/1381/358 1752/1406/358
f 1726/1326/315 1631/1310/315 1996/1464/315
f 1631/1310/315 1726/1326/315 1629/1308/315
f 1629/1308/315 1726/1326/315 1725/1327/315
f 1841/1484/343 1911/1466/343 1838/1482/343
s 1
f 1911/1466/343 1841/1484/343 1745/1381/343
f 1745/1381/343 1841/1484/343 1746/1401/343
f 1997/1568/377 1998/1569/378 1999/1570/338
f 1997/1568/377 1999/1570/338 2000/1571/338
s 0
f 2001/1572/321 2002/1573/321 2003/1574/321
f 2001/1572/321 2003/1574/321 2004/1575/321
s 1
f 2005/1576/379 2006/1577/379 1998/1569/378
f 2005/1576/379 1998/1569/378 1997/1568/377
s 0
f 2007/1578/380 2008/1579/380 2143/1577/380
f 2007/1578/380 2143/1577/380 2174/1576/380
f 2009/1580/316 2010/1581/316 2011/1582/316
f 2010/1581/316 2009/1580/316 2012/1583/316
f 2012/1583/316 2009/1580/316 2013/1584/316
f 2014/1581/314 2015/1580/314 2016/1582/314
f 2015/1580/314 2014/1581/314 2017/1583/314
f 2015/1580/314 2017/1583/314 2018/1584/314
f 2019/1585/321 2020/1586/321 2021/1587/321
f 2019/1585/321 2021/1587/321 2022/1588/321
f 2023/1586/359 2024/1585/359 2025/1588/359
f 2023/1586/359 2025/1588/359 2026/1587/359
f 2027/1589/381 2028/1590/381 2029/1591/381
f 2027/1589/381 2029/1591/381 2030/1592/381
f 2031/1593/382 2032/1594/382 2033/1595/382
f 2031/1593/382 2033/1595/382 2034/1596/382
f 2035/1597/383 2036/1598/383 2037/1599/383
f 2035/1597/383 2037/1599/383 2038/1600/383
f 2039/1601/384 2040/1602/384 2041/1603/384
f 2039/1601/384 2041/1603/384 2042/1604/384
f 2043/1605/316 2044/1606/316 2045/1607/316
f 2044/1606/316 2043/1605/316 2046/1608/316
f 2046/1608/316 2043/1605/316 2047/1609/316
f 2048/1610/321 2020/1586/321 2019/1585/321
f 2020/1586/321 2048/1610/321 2049/1611/321
f 2049/1611/321 2048/1610/321 2050/1612/321
f 2051/1611/359 2024/1585/359 2023/1586/359
f 2024/1585/359 2051/1611/359 2052/1610/359
f 2052/1610/359 2051/1611/359 2053/1612/359
f 2054/1613/338 2055/1614/338 2056/1615/338
f 2054/1613/338 2056/1615/338 2057/1616/338
f 2058/1614/365 2059/1613/365 2060/1616/365
f 2058/1614/365 2060/1616/365 2061/1615/365
f 2062/1617/385 2063/1618/385 2064/1619/385
f 2062/1617/385 2064/1619/385 2065/1620/385
f 2066/1621/386 2067/1622/386 2068/1623/386
f 2066/1621/386 2068/1623/386 2069/1624/386
f 2070/1625/387 2071/1626/387 2072/1627/387
f 2070/1625/387 2072/1627/387 2073/1628/387
f 2074/1629/388 2075/1630/388 2076/1631/388
f 2074/1629/388 2076/1631/388 2077/1632/388
f 2078/1633/316 2079/1634/316 2080/1635/316
f 2079/1634/316 2078/1633/316 2081/1636/316
f 2081/1636/316 2078/1633/316 2082/1637/316
f 2081/1636/316 2082/1637/316 2083/1638/316
f 2084/1639/338 2085/1640/338 2086/1641/338
f 2085/1640/338 2084/1639/338 2054/1613/338
f 2054/1613/338 2084/1639/338 2055/1614/338
f 2087/1640/365 2088/1639/365 2089/1641/365
f 2088/1639/365 2087/1640/365 2059/1613/365
f 2088/1639/365 2059/1613/365 2058/1614/365
f 2090/1642/338 2091/1643/338 2092/1644/338
f 2090/1642/338 2092/1644/338 2093/1645/338
f 2094/1643/365 2095/1642/365 2096/1645/365
f 2094/1643/365 2096/1645/365 2097/1644/365
f 2098/1620/389 2099/1619/389 2100/1618/389
f 2098/1620/389 2100/1618/389 2101/1617/389
f 2102/1646/390 2103/1647/390 2104/1648/390
f 2102/1646/390 2104/1648/390 2105/1649/390
f 2106/1626/391 2107/1625/391 2108/1628/391
f 2106/1626/391 2108/1628/391 2109/1627/391
f 2110/1632/392 2111/1631/392 2112/1630/392
f 2110/1632/392 2112/1630/392 2113/1629/392
f 2114/1650/316 2115/1651/316 2116/1652/316
f 2115/1651/316 2114/1650/316 2117/1653/316
f 2117/1653/316 2114/1650/316 2118/1654/316
f 2117/1653/316 2118/1654/316 2119/1655/316
f 2120/1656/338 2121/1657/338 2122/1658/338
f 2121/1657/338 2120/1656/338 2091/1643/338
f 2121/1657/338 2091/1643/338 2090/1642/338
f 2123/1657/365 2124/1656/365 2125/1658/365
f 2124/1656/365 2123/1657/365 2094/1643/365
f 2094/1643/365 2123/1657/365 2095/1642/365
o Object_76
v 16.563974 -2.157095 -7.699414
v 16.563974 -2.251567 -7.888357
v 16.563974 -2.251567 -7.699414
v 16.563974 -2.157095 -7.636433
v 16.563974 -2.251567 -7.636433
v 16.563974 -2.251567 -7.447490
v 16.626955 -2.157095 -7.636433
v 16.626955 -2.251567 -7.636433
v 16.815897 -2.251567 -7.636433
v 16.626955 -2.251567 -7.699414
v 16.626955 -2.251567 -7.888357
v 16.626955 -2.157095 -7.699414
v 16.815897 -2.251567 -7.699414
v 16.626955 -2.251567 -7.699414
v 16.626955 -2.157095 -7.699414
v 16.626955 -2.251567 -7.447490
v 16.626955 -2.251567 -7.636433
v 16.626955 -2.157095 -7.636433
v 16.563974 -2.157095 -7.636433
v 16.375031 -2.251567 -7.636433
v 16.563974 -2.251567 -7.636433
v 16.563974 -2.251567 -7.699414
v 16.375031 -2.251567 -7.699414
v 16.563974 -2.157095 -7.699414
v 16.595465 -1.905172 -7.888357
v 16.595465 -1.779210 -7.888357
v 16.563974 -1.779210 -7.888357
v 16.563974 -1.905172 -7.888357
v 16.563974 -1.779210 -7.919847
v 16.595465 -1.779210 -7.919847
v 16.595465 -1.905172 -7.919847
v 16.563974 -1.905172 -7.919847
v 16.563974 -1.905172 -7.919847
v 16.595465 -1.905172 -7.919847
v 16.595465 -1.968153 -7.888357
v 16.563974 -1.968153 -7.888357
v 16.563974 -1.905172 -7.447490
v 16.563974 -1.779210 -7.447490
v 16.595465 -1.779210 -7.447490
v 16.595465 -1.905172 -7.447490
v 16.438013 -1.826446 -7.604942
v 16.406523 -1.842191 -7.604942
v 16.422268 -1.905172 -7.604942
v 16.453758 -1.905172 -7.604942
v 16.453758 -1.905172 -7.730904
v 16.422268 -1.905172 -7.730904
v 16.406523 -1.842191 -7.730904
v 16.438013 -1.826446 -7.730904
v 16.438013 -1.826446 -7.730904
v 16.438013 -1.826446 -7.604942
v 16.453758 -1.905172 -7.604942
v 16.453758 -1.905172 -7.730904
v 16.406523 -1.842191 -7.604942
v 16.406523 -1.842191 -7.730904
v 16.422268 -1.905172 -7.730904
v 16.422268 -1.905172 -7.604942
v 16.595465 -1.936662 -7.416000
v 16.563974 -1.936662 -7.416000
v 16.563974 -1.968153 -7.447490
v 16.595465 -1.968153 -7.447490
v 16.595465 -1.779210 -7.416000
v 16.563974 -1.779210 -7.416000
v 16.563974 -1.936662 -7.416000
v 16.595465 -1.936662 -7.416000
v 16.563974 -1.968153 -7.699414
v 16.563974 -2.157095 -7.699414
v 16.563974 -2.157095 -7.636433
v 16.563974 -1.968153 -7.636433
v 16.563974 -1.968153 -7.636433
v 16.563974 -2.157095 -7.636433
v 16.626955 -2.157095 -7.636433
v 16.626955 -1.968153 -7.636433
v 16.626955 -1.968153 -7.636433
v 16.626955 -2.157095 -7.636433
v 16.626955 -2.157095 -7.699414
v 16.626955 -1.968153 -7.699414
v 16.815897 -2.251567 -7.699414
v 16.626955 -2.157095 -7.699414
v 16.626955 -2.157095 -7.636433
v 16.815897 -2.251567 -7.636433
v 16.626955 -1.968153 -7.699414
v 16.626955 -2.157095 -7.699414
v 16.563974 -2.157095 -7.699414
v 16.563974 -1.968153 -7.699414
v 16.626955 -2.251567 -7.888357
v 16.563974 -2.251567 -7.888357
v 16.563974 -2.157095 -7.699414
v 16.626955 -2.251567 -7.447490
v 16.563974 -2.157095 -7.636433
v 16.563974 -2.251567 -7.447490
v 16.375031 -2.251567 -7.636433
v 16.375031 -2.251567 -7.699414
v 16.595465 -1.905172 -7.888357
v 16.595465 -1.779210 -7.919847
v 16.595465 -1.779210 -7.888357
v 16.595465 -1.905172 -7.919847
v 16.595465 -1.968153 -7.888357
v 16.563974 -1.905172 -7.919847
v 16.563974 -1.779210 -7.888357
v 16.563974 -1.779210 -7.919847
v 16.563974 -1.905172 -7.888357
v 16.563974 -1.968153 -7.888357
v 16.563974 -1.905172 -7.447490
v 16.563974 -1.779210 -7.416000
v 16.563974 -1.779210 -7.447490
v 16.563974 -1.936662 -7.416000
v 16.563974 -1.968153 -7.447490
v 16.595465 -1.936662 -7.416000
v 16.595465 -1.779210 -7.447490
v 16.595465 -1.779210 -7.416000
v 16.595465 -1.905172 -7.447490
v 16.595465 -1.968153 -7.447490
v 16.563974 -2.251567 -7.636433
v 16.626955 -2.251567 -7.636433
v 16.563974 -2.251567 -7.699414
v 16.626955 -2.251567 -7.699414
v 26.908585 4.015032 -9.163719
v 26.908585 1.826446 -9.163719
v 27.207745 1.826446 -9.825019
v 27.207745 4.015032 -9.825019
v 26.200050 4.015032 -8.880305
v 26.200050 1.826446 -8.880305
v 26.908585 1.826446 -9.163719
v 26.908585 4.015032 -9.163719
v 25.491516 4.015032 -9.163719
v 25.491516 1.826446 -9.163719
v 26.908585 1.826446 -10.486319
v 26.908585 4.015032 -10.486319
v 26.908585 4.015032 -10.486319
v 26.908585 1.826446 -10.486319
v 26.200050 1.826446 -10.769732
v 26.200050 4.015032 -10.769732
v 25.491516 1.826446 -10.486319
v 25.491516 4.015032 -10.486319
v 25.192356 4.015032 -9.825019
v 25.192356 1.826446 -9.825019
v 25.491516 1.826446 -9.163719
v 25.491516 4.015032 -9.163719
v 25.491516 4.015032 -10.486319
v 25.491516 1.826446 -10.486319
v 27.900534 1.889427 -10.281631
v 27.900534 4.030777 -10.281631
v 27.900534 4.030777 -9.368407
v 27.900534 1.889427 -9.368407
v 24.499567 1.889427 -9.368407
v 24.499567 4.030777 -9.368407
v 24.499567 4.030777 -10.281631
v 24.499567 1.889427 -10.281631
v 25.239592 1.889427 -10.092688
v 25.223846 1.889427 -9.557350
v 24.499567 1.889427 -9.368407
v 24.499567 1.889427 -10.281631
v 25.743439 1.889427 -8.124535
v 24.956179 1.889427 -8.581146
v 25.491516 1.889427 -9.116484
v 25.932381 1.889427 -8.864560
v 24.956179 1.889427 -11.068892
v 25.759184 1.889427 -11.494013
v 25.932381 1.889427 -10.801223
v 25.491516 1.889427 -10.533554
v 27.443922 1.889427 -8.581146
v 26.640917 1.889427 -8.156025
v 26.467720 1.889427 -8.848815
v 26.908585 1.889427 -9.116484
v 27.900534 1.889427 -10.281631
v 27.900534 1.889427 -9.368407
v 27.160509 1.889427 -9.557350
v 27.176254 1.889427 -10.092688
v 26.656662 1.889427 -11.525503
v 27.443922 1.889427 -11.068892
v 26.908585 1.889427 -10.533554
v 26.467720 1.889427 -10.785478
v 24.499567 4.030777 -10.281631
v 24.499567 4.030777 -9.368407
v 25.223846 4.030777 -9.557350
v 25.239592 4.030777 -10.092688
v 25.932381 4.030777 -8.864560
v 25.491516 4.030777 -9.116484
v 24.956179 4.030777 -8.581146
v 25.743439 4.030777 -8.124535
v 25.759184 4.030777 -11.494013
v 24.956179 4.030777 -11.068892
v 25.491516 4.030777 -10.533554
v 25.932381 4.030777 -10.801223
v 26.908585 4.030777 -9.116484
v 26.467720 4.030777 -8.848815
v 26.640917 4.030777 -8.156025
v 27.443922 4.030777 -8.581146
v 27.900534 4.030777 -9.368407
v 27.900534 4.030777 -10.281631
v 27.176254 4.030777 -10.092688
v 27.160509 4.030777 -9.557350
v 27.443922 4.030777 -11.068892
v 26.656662 4.030777 -11.525503
v 26.467720 4.030777 -10.785478
v 26.908585 4.030777 -10.533554
v 26.656662 1.889427 -11.525503
v 26.656662 4.030777 -11.525503
v 27.443922 4.030777 -11.068892
v 27.443922 1.889427 -11.068892
v 25.932381 1.889427 -8.864560
v 25.932381 4.030777 -8.864560
v 25.743439 4.030777 -8.124535
v 25.743439 1.889427 -8.124535
v 26.467720 1.889427 -10.785478
v 26.467720 4.030777 -10.785478
v 26.656662 4.030777 -11.525503
v 26.656662 1.889427 -11.525503
v 27.443922 1.889427 -11.068892
v 27.443922 4.030777 -11.068892
v 26.908585 4.030777 -10.533554
v 26.908585 1.889427 -10.533554
v 26.908585 1.889427 -10.533554
v 26.908585 4.030777 -10.533554
v 26.467720 4.030777 -10.785478
v 26.467720 1.889427 -10.785478
v 27.900534 1.889427 -9.368407
v 27.900534 4.030777 -9.368407
v 27.160509 4.030777 -9.557350
v 27.160509 1.889427 -9.557350
v 26.908585 1.889427 -9.116484
v 26.908585 4.030777 -9.116484
v 27.443922 4.030777 -8.581146
v 27.443922 1.889427 -8.581146
v 26.467720 1.889427 -8.848815
v 26.467720 4.030777 -8.848815
v 26.908585 4.030777 -9.116484
v 26.908585 1.889427 -9.116484
v 26.640917 1.889427 -8.156025
v 26.640917 4.030777 -8.156025
v 26.467720 4.030777 -8.848815
v 26.467720 1.889427 -8.848815
v 27.443922 1.889427 -8.581146
v 27.443922 4.030777 -8.581146
v 26.640917 4.030777 -8.156025
v 26.640917 1.889427 -8.156025
v 27.176254 1.889427 -10.092688
v 27.176254 4.030777 -10.092688
v 27.900534 4.030777 -10.281631
v 27.900534 1.889427 -10.281631
v 27.160509 1.889427 -9.557350
v 27.160509 4.030777 -9.557350
v 27.176254 4.030777 -10.092688
v 27.176254 1.889427 -10.092688
v 24.956179 1.889427 -11.068892
v 24.956179 4.030777 -11.068892
v 25.759184 4.030777 -11.494013
v 25.759184 1.889427 -11.494013
v 25.223846 1.889427 -9.557350
v 25.223846 4.030777 -9.557350
v 24.499567 4.030777 -9.368407
v 24.499567 1.889427 -9.368407
v 25.491516 1.889427 -9.116484
v 25.491516 4.030777 -9.116484
v 25.932381 4.030777 -8.864560
v 25.932381 1.889427 -8.864560
v 24.956179 1.889427 -8.581146
v 24.956179 4.030777 -8.581146
v 25.491516 4.030777 -9.116484
v 25.491516 1.889427 -9.116484
v 25.743439 1.889427 -8.124535
v 25.743439 4.030777 -8.124535
v 24.956179 4.030777 -8.581146
v 24.956179 1.889427 -8.581146
v 25.759184 1.889427 -11.494013
v 25.759184 4.030777 -11.494013
v 25.932381 4.030777 -10.801223
v 25.932381 1.889427 -10.801223
v 24.499567 1.889427 -10.281631
v 24.499567 4.030777 -10.281631
v 25.239592 4.030777 -10.092688
v 25.239592 1.889427 -10.092688
v 25.932381 1.889427 -10.801223
v 25.932381 4.030777 -10.801223
v 25.491516 4.030777 -10.533554
v 25.491516 1.889427 -10.533554
v 25.491516 1.889427 -10.533554
v 25.491516 4.030777 -10.533554
v 24.956179 4.030777 -11.068892
v 24.956179 1.889427 -11.068892
v 25.239592 1.889427 -10.092688
v 25.239592 4.030777 -10.092688
v 25.223846 4.030777 -9.557350
v 25.223846 1.889427 -9.557350
v 26.074089 1.070675 -9.604586
v 26.074089 0.000000 -9.604586
v 26.326012 0.000000 -9.604586
v 26.326012 1.070675 -9.604586
v 26.326012 1.070675 -10.045452
v 26.326012 0.000000 -10.045452
v 26.074089 0.000000 -10.045452
v 26.074089 1.070675 -10.045452
v 25.948128 1.070675 -9.825019
v 25.948128 0.000000 -9.825019
v 26.074089 0.000000 -9.604586
v 26.074089 1.070675 -9.604586
v 26.074089 1.070675 -10.045452
v 26.074089 0.000000 -10.045452
v 26.326012 1.070675 -9.604586
v 26.326012 0.000000 -9.604586
v 26.451973 0.000000 -9.825019
v 26.451973 1.070675 -9.825019
v 26.326012 0.000000 -10.045452
v 26.326012 1.070675 -10.045452
v 26.451973 1.070675 -9.825019
v 26.074089 1.070675 -9.604586
v 26.326012 1.070675 -9.604586
v 25.948128 1.070675 -9.825019
v 26.326012 1.070675 -10.045452
v 26.074089 1.070675 -10.045452
v 25.948128 0.000000 -9.825019
v 26.326012 0.000000 -9.604586
v 26.074089 0.000000 -9.604586
v 26.451973 0.000000 -9.825019
v 26.074089 0.000000 -10.045452
v 26.326012 0.000000 -10.045452
v 24.011465 0.645554 -8.833070
v 24.019337 0.251924 -8.948009
v 23.680815 0.251924 -8.744897
v 23.775286 0.645554 -8.691362
v 24.247643 0.645554 -8.691362
v 24.342113 0.251924 -8.754344
v 23.680815 0.251924 -8.376458
v 23.775286 0.645554 -8.439440
v 23.775286 0.645554 -8.691362
v 23.680815 0.251924 -8.744897
v 24.342113 0.251924 -8.754344
v 24.247643 0.645554 -8.691362
v 24.247643 0.645554 -8.439440
v 24.342113 0.251924 -8.385905
v 24.003592 0.251924 -8.182793
v 24.011465 0.645554 -8.297732
v 23.775286 0.645554 -8.439440
v 23.680815 0.251924 -8.376458
v 24.342113 0.251924 -8.385905
v 24.247643 0.645554 -8.439440
v 24.003592 0.125962 -8.948009
v 24.011465 -0.267669 -8.833070
v 23.775286 -0.267669 -8.691362
v 23.680815 0.125962 -8.754344
v 24.342113 0.125962 -8.744897
v 24.247643 -0.267669 -8.691362
v 23.680815 0.125962 -8.754344
v 23.775286 -0.267669 -8.691362
v 23.775286 -0.267669 -8.439440
v 23.680815 0.125962 -8.385905
v 24.342113 0.125962 -8.376458
v 24.247643 -0.267669 -8.439440
v 24.247643 -0.267669 -8.691362
v 24.342113 0.125962 -8.744897
v 23.680815 0.125962 -8.385905
v 23.775286 -0.267669 -8.439440
v 24.011465 -0.267669 -8.297732
v 24.019337 0.125962 -8.182793
v 24.247643 -0.267669 -8.439440
v 24.342113 0.125962 -8.376458
v 23.680815 0.251924 -8.376458
v 24.342113 0.251924 -8.385905
v 24.003592 0.251924 -8.182793
v 23.680815 0.251924 -8.744897
v 24.342113 0.251924 -8.754344
v 24.019337 0.251924 -8.948009
v 24.247643 0.645554 -8.439440
v 23.775286 0.645554 -8.439440
v 24.011465 0.645554 -8.297732
v 24.247643 0.645554 -8.691362
v 23.775286 0.645554 -8.691362
v 24.011465 0.645554 -8.833070
v 23.775286 -0.267669 -8.439440
v 24.247643 -0.267669 -8.439440
v 24.011465 -0.267669 -8.297732
v 23.775286 -0.267669 -8.691362
v 24.247643 -0.267669 -8.691362
v 24.011465 -0.267669 -8.833070
v 24.342113 0.125962 -8.376458
v 23.680815 0.125962 -8.385905
v 24.019337 0.125962 -8.182793
v 24.342113 0.125962 -8.744897
v 23.680815 0.125962 -8.754344
v 24.003592 0.125962 -8.948009
v 28.404381 0.645554 -8.833070
v 28.412254 0.251924 -8.948009
v 28.073732 0.251924 -8.744897
v 28.168203 0.645554 -8.691362
v 28.640560 0.645554 -8.691362
v 28.735031 0.251924 -8.754344
v 28.073732 0.251924 -8.376458
v 28.168203 0.645554 -8.439440
v 28.168203 0.645554 -8.691362
v 28.073732 0.251924 -8.744897
v 28.735031 0.251924 -8.754344
v 28.640560 0.645554 -8.691362
v 28.640560 0.645554 -8.439440
v 28.735031 0.251924 -8.385905
v 28.396509 0.251924 -8.182793
v 28.404381 0.645554 -8.297732
v 28.168203 0.645554 -8.439440
v 28.073732 0.251924 -8.376458
v 28.735031 0.251924 -8.385905
v 28.640560 0.645554 -8.439440
v 28.396509 0.125962 -8.948009
v 28.404381 -0.267669 -8.833070
v 28.168203 -0.267669 -8.691362
v 28.073732 0.125962 -8.754344
v 28.735031 0.125962 -8.744897
v 28.640560 -0.267669 -8.691362
v 28.073732 0.125962 -8.754344
v 28.168203 -0.267669 -8.691362
v 28.168203 -0.267669 -8.439440
v 28.073732 0.125962 -8.385905
v 28.735031 0.125962 -8.376458
v 28.640560 -0.267669 -8.439440
v 28.640560 -0.267669 -8.691362
v 28.735031 0.125962 -8.744897
v 28.073732 0.125962 -8.385905
v 28.168203 -0.267669 -8.439440
v 28.404381 -0.267669 -8.297732
v 28.412254 0.125962 -8.182793
v 28.640560 -0.267669 -8.439440
v 28.735031 0.125962 -8.376458
v 28.073732 0.251924 -8.376458
v 28.735031 0.251924 -8.385905
v 28.396509 0.251924 -8.182793
v 28.073732 0.251924 -8.744897
v 28.735031 0.251924 -8.754344
v 28.412254 0.251924 -8.948009
v 28.640560 0.645554 -8.439440
v 28.168203 0.645554 -8.439440
v 28.404381 0.645554 -8.297732
v 28.640560 0.645554 -8.691362
v 28.168203 0.645554 -8.691362
v 28.404381 0.645554 -8.833070
v 28.168203 -0.267669 -8.439440
v 28.640560 -0.267669 -8.439440
v 28.404381 -0.267669 -8.297732
v 28.168203 -0.267669 -8.691362
v 28.640560 -0.267669 -8.691362
v 28.404381 -0.267669 -8.833070
v 28.735031 0.125962 -8.376458
v 28.073732 0.125962 -8.385905
v 28.412254 0.125962 -8.182793
v 28.735031 0.125962 -8.744897
v 28.073732 0.125962 -8.754344
v 28.396509 0.125962 -8.948009
v 26.200050 0.645554 -12.611923
v 26.207924 0.251924 -12.726863
v 25.869400 0.251924 -12.523750
v 25.963873 0.645554 -12.470217
v 26.436228 0.645554 -12.470217
v 26.530701 0.251924 -12.533197
v 25.869400 0.251924 -12.155312
v 25.963873 0.645554 -12.218292
v 25.963873 0.645554 -12.470217
v 25.869400 0.251924 -12.523750
v 26.530701 0.251924 -12.533197
v 26.436228 0.645554 -12.470217
v 26.436228 0.645554 -12.218292
v 26.530701 0.251924 -12.164759
v 26.192177 0.251924 -11.961646
v 26.200050 0.645554 -12.076586
v 25.963873 0.645554 -12.218292
v 25.869400 0.251924 -12.155312
v 26.530701 0.251924 -12.164759
v 26.436228 0.645554 -12.218292
v 26.192177 0.125962 -12.726863
v 26.200050 -0.267669 -12.611923
v 25.963873 -0.267669 -12.470217
v 25.869400 0.125962 -12.533197
v 26.530701 0.125962 -12.523750
v 26.436228 -0.267669 -12.470217
v 25.869400 0.125962 -12.533197
v 25.963873 -0.267669 -12.470217
v 25.963873 -0.267669 -12.218292
v 25.869400 0.125962 -12.164759
v 26.530701 0.125962 -12.155312
v 26.436228 -0.267669 -12.218292
v 26.436228 -0.267669 -12.470217
v 26.530701 0.125962 -12.523750
v 25.869400 0.125962 -12.164759
v 25.963873 -0.267669 -12.218292
v 26.200050 -0.267669 -12.076586
v 26.207924 0.125962 -11.961646
v 26.436228 -0.267669 -12.218292
v 26.530701 0.125962 -12.155312
v 25.869400 0.251924 -12.155312
v 26.530701 0.251924 -12.164759
v 26.192177 0.251924 -11.961646
v 25.869400 0.251924 -12.523750
v 26.530701 0.251924 -12.533197
v 26.207924 0.251924 -12.726863
v 26.436228 0.645554 -12.218292
v 25.963873 0.645554 -12.218292
v 26.200050 0.645554 -12.076586
v 26.436228 0.645554 -12.470217
v 25.963873 0.645554 -12.470217
v 26.200050 0.645554 -12.611923
v 25.963873 -0.267669 -12.218292
v 26.436228 -0.267669 -12.218292
v 26.200050 -0.267669 -12.076586
v 25.963873 -0.267669 -12.470217
v 26.436228 -0.267669 -12.470217
v 26.200050 -0.267669 -12.611923
v 26.530701 0.125962 -12.155312
v 25.869400 0.125962 -12.164759
v 26.207924 0.125962 -11.961646
v 26.530701 0.125962 -12.523750
v 25.869400 0.125962 -12.533197
v 26.192177 0.125962 -12.726863
v 26.207924 0.125962 -11.961646
v 26.192177 0.125962 -12.726863
v 26.192177 0.251924 -11.961646
v 26.207924 0.251924 -12.726863
v 28.404381 -0.267669 -8.297732
v 28.404381 -0.267669 -8.833070
v 28.396509 0.125962 -8.948009
v 28.396509 0.251924 -8.182793
v 28.412254 0.251924 -8.948009
v 24.019337 0.125962 -8.182793
v 24.011465 -0.267669 -8.297732
v 24.011465 -0.267669 -8.833070
v 24.003592 0.125962 -8.948009
v 24.019337 0.251924 -8.948009
v 24.011465 0.645554 -8.297732
v 24.011465 0.645554 -8.833070
v 26.451973 1.070675 -9.825019
v 26.451973 0.000000 -9.825019
v 25.948128 1.070675 -9.825019
v 25.948128 0.000000 -9.825019
v 25.192356 4.015032 -9.825019
v 27.207745 1.826446 -9.825019
v 25.192356 1.826446 -9.825019
v 28.412254 0.125962 -8.182793
v 16.815897 -2.251567 -7.699414
v 16.815897 -2.251567 -7.636433
v 27.207745 4.015032 -9.825019
v 24.003592 0.251924 -8.182793
v 16.375031 -2.251567 -7.699414
v 16.375031 -2.251567 -7.636433
v 16.563974 -2.157095 -7.636433
v 16.563974 -2.157095 -7.699414
v 16.626955 -2.157095 -7.699414
v 16.626955 -2.157095 -7.636433
v 26.200050 0.645554 -12.076586
v 26.200050 0.645554 -12.611923
v 16.626955 -2.251567 -7.447490
v 16.626955 -2.251567 -7.888357
v 28.404381 0.645554 -8.297732
v 28.404381 0.645554 -8.833070
v 16.563974 -2.251567 -7.888357
v 16.563974 -2.251567 -7.447490
v 26.200050 -0.267669 -12.076586
v 26.200050 -0.267669 -12.611923
vn -1.0000 -0.0000 -0.0000
vn -0.0000 -0.0000 1.0000
vn 1.0000 -0.0000 -0.0000
vn -0.0000 -0.0000 -1.0000
vn -0.0000 -0.0995 -0.9950
vn -0.0000 -0.2424 -0.9702
vn -0.0000 -0.2426 -0.9701
vn -0.0000 -0.0996 -0.9950
vn -0.0000 -0.4472 -0.8944
vn 0.9806 0.1961 -0.0000
vn -0.9701 -0.2425 -0.0000
vn -0.0000 -0.2747 0.9615
vn -0.0000 -0.0905 0.9959
vn -0.0000 -0.7071 0.7071
vn -0.0000 -0.2746 0.9616
vn 0.4472 0.8944 -0.0000
vn -0.0000 0.8944 -0.4472
vn -0.0000 0.8944 0.4472
vn -0.4472 0.8944 -0.0000
vn -0.0000 -1.0000 -0.0000
vn 0.7757 -0.0000 0.6311
vn 0.5820 -0.0000 0.8132
vn 0.9111 -0.0000 0.4122
vn 0.1321 -0.0000 0.9912
vn -0.1321 -0.0000 0.9912
vn 0.5819 -0.0000 0.8133
vn 0.7756 -0.0000 0.6312
vn -0.5819 -0.0000 0.8133
vn -0.7756 -0.0000 0.6312
vn 0.9111 -0.0000 -0.4122
vn 0.7757 -0.0000 -0.6311
vn 0.5820 -0.0000 -0.8132
vn 0.5819 -0.0000 -0.8133
vn 0.7756 -0.0000 -0.6312
vn 0.1321 -0.0000 -0.9912
vn -0.1321 -0.0000 -0.9912
vn -0.5819 -0.0000 -0.8133
vn -0.7756 -0.0000 -0.6312
vn -0.9111 -0.0000 0.4122
vn -0.7757 -0.0000 0.6311
vn -0.5820 -0.0000 0.8132
vn -0.7757 -0.0000 -0.6311
vn -0.5820 -0.0000 -0.8132
vn -0.9111 -0.0000 -0.4122
vn -0.0000 1.0000 -0.0000
vn 0.5017 -0.0000 -0.8650
vn 0.9689 -0.0000 0.2474
vn -0.9689 -0.0000 -0.2474
vn 0.7071 -0.0000 0.7071
vn -0.4961 -0.0000 0.8682
vn -0.2474 -0.0000 0.9689
vn 0.7071 -0.0000 -0.7071
vn -0.5190 -0.0000 -0.8548
vn -0.9701 -0.0000 0.2425
vn 0.4679 -0.0000 0.8838
vn -0.2524 -0.0000 -0.9676
vn -0.9996 -0.0000 -0.0294
vn -0.4679 -0.0000 -0.8838
vn 0.2524 -0.0000 0.9676
vn 0.4961 -0.0000 -0.8682
vn -0.7071 -0.0000 -0.7071
vn -0.5017 -0.0000 0.8650
vn 0.9701 -0.0000 -0.2425
vn 0.2474 -0.0000 -0.9689
vn 0.5190 -0.0000 0.8548
vn -0.7071 -0.0000 0.7071
vn 0.9996 -0.0000 0.0294
vn -0.8682 -0.0000 0.4961
vn -0.8682 -0.0000 -0.4961
vn 0.8682 -0.0000 0.4961
vn 0.8682 -0.0000 -0.4961
vn -0.5003 0.2335 -0.8338
vn 0.4979 0.2522 -0.8298
vn -0.9724 0.2334 -0.0000
vn 0.9724 0.2334 -0.0000
vn -0.4979 0.2523 0.8298
vn -0.4979 0.2522 0.8298
vn 0.5003 0.2335 0.8338
vn -0.4979 -0.2522 -0.8298
vn 0.5003 -0.2335 -0.8338
vn -0.9724 -0.2334 -0.0000
vn 0.9724 -0.2334 -0.0000
vn -0.5003 -0.2335 0.8338
vn 0.4979 -0.2523 0.8298
vn 0.4979 -0.2522 0.8298
vn 0.4979 0.2523 -0.8298
vn -0.4979 -0.2523 -0.8298
vt 3.695313 1.953125
vt 3.789063 2.000000
vt 3.695313 2.000000
vt 3.664063 1.953125
vt 3.664063 2.000000
vt 3.570313 2.000000
vt 8.093750 1.953125
vt 8.093750 2.000000
vt 8.187500 2.000000
vt 8.062500 1.953125
vt 7.968750 2.000000
vt 8.062500 2.000000
vt 8.093750 1.859375
vt 8.093750 1.796875
vt 8.078125 1.796875
vt 8.078125 1.859375
vt 7.593750 2.250000
vt 7.609375 2.250000
vt 7.609375 2.281250
vt 7.593750 2.281250
vt 7.906250 1.820313
vt 7.890625 1.828125
vt 7.898438 1.859375
vt 7.914063 1.859375
vt 3.140625 1.820313
vt 3.078125 1.820313
vt 3.078125 1.859375
vt 3.140625 1.859375
vt 3.078125 1.828125
vt 3.140625 1.828125
vt 7.609375 -2.375000
vt 7.593750 -2.375000
vt 7.593750 -2.390625
vt 7.609375 -2.390625
vt 8.078125 1.875000
vt 8.093750 1.875000
vt 3.757813 1.890625
vt 3.757813 1.984375
vt 3.726563 1.984375
vt 3.726563 1.890625
vt 8.078125 1.890625
vt 8.078125 1.984375
vt 8.109375 1.984375
vt 8.109375 1.890625
vt 8.218750 -2.726563
vt 8.125000 -2.726563
vt 8.125000 -2.695313
vt 8.218750 -2.695313
vt 8.125000 -2.820313
vt 8.093750 -2.820313
vt 8.093750 -2.726563
vt 8.125000 -2.601563
vt 8.093750 -2.695313
vt 8.093750 -2.601563
vt 8.000000 -2.695313
vt 8.000000 -2.726563
vt 3.601563 1.859375
vt 3.617188 1.796875
vt 3.601563 1.796875
vt 3.617188 1.859375
vt 3.601563 1.890625
vt 3.632813 1.859375
vt 3.632813 1.796875
vt 3.617188 1.875000
vt 3.632813 1.890625
vt 4.656250 -0.882813
vt 4.656250 0.203125
vt 4.984375 0.203125
vt 4.984375 -0.882813
vt 13.109375 -0.882813
vt 13.109375 0.203125
vt 13.460938 0.203125
vt 13.460938 -0.882813
vt 12.757813 -0.882813
vt 12.757813 0.203125
vt 5.312500 0.203125
vt 5.312500 -0.882813
vt 2.386719 0.773437
vt 2.386719 0.242187
vt 2.160156 0.242187
vt 2.160156 0.773437
vt 2.105469 -5.214844
vt 1.972656 -5.210938
vt 1.925781 -5.031250
vt 2.152344 -5.031250
vt 1.617188 -5.339844
vt 1.730469 -5.144531
vt 1.863281 -5.277344
vt 1.800781 -5.386719
vt 2.347656 -5.144531
vt 2.453125 -5.343750
vt 2.281250 -5.386719
vt 2.214844 -5.277344
vt 1.730469 -5.761719
vt 1.625000 -5.562500
vt 1.796875 -5.519531
vt 1.863281 -5.628906
vt 2.152344 -5.875000
vt 1.925781 -5.875000
vt 1.972656 -5.691406
vt 2.105469 -5.695313
vt 2.460938 -5.566406
vt 2.347656 -5.761719
vt 2.214844 -5.628906
vt 2.277344 -5.519531
vt 12.156250 -4.101563
vt 12.156250 -3.648438
vt 12.515625 -3.742188
vt 12.523438 -4.007813
vt 12.867188 -3.398438
vt 12.648438 -3.523438
vt 12.382813 -3.257813
vt 12.773438 -3.031250
vt 12.781250 -4.703125
vt 12.382813 -4.492188
vt 12.648438 -4.226563
vt 12.867188 -4.359375
vt 13.351563 -3.523438
vt 13.132813 -3.390625
vt 13.218750 -3.046875
vt 13.617188 -3.257813
vt 13.843750 -3.648438
vt 13.843750 -4.101563
vt 13.484375 -4.007813
vt 13.476563 -3.742188
vt 13.617188 -4.492188
vt 13.226563 -4.718750
vt 13.132813 -4.351563
vt 13.351563 -4.226563
vt 6.449219 0.773437
vt 6.449219 0.242187
vt 6.644531 0.242187
vt 6.644531 0.773437
vt 2.035156 0.773437
vt 2.035156 0.242187
vt 1.851563 0.242187
vt 1.851563 0.773437
vt 2.511719 0.773437
vt 2.511719 0.242187
vt 2.695313 0.242187
vt 2.695313 0.773437
vt 2.582031 0.773437
vt 2.582031 0.242187
vt 2.449219 0.242187
vt 2.449219 0.773437
vt 6.511719 0.773437
vt 6.511719 0.242187
vt 6.402344 0.242187
vt 6.402344 0.773437
vt 6.757813 0.773437
vt 6.757813 0.242187
vt 6.574219 0.242187
vt 6.574219 0.773437
vt 2.097656 0.773437
vt 2.097656 0.242187
vt 1.964844 0.242187
vt 1.964844 0.773437
vt 1.859375 0.773437
vt 1.859375 0.242187
vt 2.031250 0.242187
vt 2.031250 0.773437
vt 6.445313 0.242187
vt 6.445313 0.773437
vt 6.578125 0.773437
vt 6.578125 0.242187
vt 2.207031 0.773437
vt 2.207031 0.242187
vt 2.339844 0.242187
vt 2.339844 0.773437
vt 6.027344 0.773437
vt 6.027344 0.242187
vt 6.226563 0.242187
vt 6.226563 0.773437
vt 6.093750 0.773437
vt 6.093750 0.242187
vt 5.914063 0.242187
vt 5.914063 0.773437
vt 6.160156 0.773437
vt 6.160156 0.242187
vt 6.269531 0.242187
vt 6.269531 0.773437
vt 6.222656 0.773437
vt 6.222656 0.242187
vt 2.687500 0.773437
vt 2.687500 0.242187
vt 2.515625 0.242187
vt 2.515625 0.773437
vt 6.097656 0.242187
vt 6.097656 0.773437
vt 13.640625 0.843750
vt 13.640625 1.375000
vt 13.765625 1.375000
vt 13.765625 0.843750
vt 4.953125 0.843750
vt 4.953125 1.375000
vt 4.843750 1.375000
vt 4.843750 0.843750
vt 5.062500 0.843750
vt 5.062500 1.375000
vt 13.828125 -3.953125
vt 13.640625 -3.843750
vt 13.765625 -3.843750
vt 13.578125 -3.953125
vt 13.765625 -4.062500
vt 13.640625 -4.062500
vt 11.906250 0.679687
vt 11.910156 0.875000
vt 11.742188 0.875000
vt 11.789063 0.679687
vt 12.023438 0.679687
vt 12.070313 0.875000
vt 4.156250 0.875000
vt 4.187500 0.679687
vt 4.312500 0.679687
vt 4.339063 0.875000
vt 4.343750 0.875000
vt 4.160937 0.875000
vt 11.902344 0.875000
vt 11.902344 0.679687
vt 11.906250 0.875000
vt 11.789063 0.875000
vt 11.742188 0.679687
vt 12.070313 0.679687
vt 12.023438 0.875000
vt 4.343750 0.679687
vt 4.312500 0.875000
vt 4.187500 0.875000
vt 4.160937 0.679687
vt 4.156250 0.679687
vt 4.339063 0.679687
vt 11.910156 0.679687
vt 11.742188 -3.156250
vt 12.070313 -3.160937
vt 11.902344 -3.060156
vt 11.742188 -3.339063
vt 12.070313 -3.343750
vt 11.910156 -3.439844
vt 12.023438 -3.187500
vt 11.789063 -3.187500
vt 11.906250 -3.117188
vt 12.023438 -3.312500
vt 11.789063 -3.312500
vt 11.906250 -3.382813
vt 12.070313 -3.156250
vt 11.742188 -3.160937
vt 11.910156 -3.060156
vt 12.070313 -3.339063
vt 11.742188 -3.343750
vt 11.902344 -3.439844
vt 13.906250 0.679687
vt 13.910156 0.875000
vt 13.742188 0.875000
vt 13.789063 0.679687
vt 14.023438 0.679687
vt 14.070313 0.875000
vt 13.902344 0.875000
vt 13.902344 0.679687
vt 13.906250 0.875000
vt 13.789063 0.875000
vt 13.742188 0.679687
vt 14.070313 0.679687
vt 14.023438 0.875000
vt 13.910156 0.679687
vt 13.742188 -3.156250
vt 14.070313 -3.160937
vt 13.902344 -3.060156
vt 13.742188 -3.339063
vt 14.070313 -3.343750
vt 13.910156 -3.439844
vt 14.023438 -3.187500
vt 13.789063 -3.187500
vt 13.906250 -3.117188
vt 14.023438 -3.312500
vt 13.789063 -3.312500
vt 13.906250 -3.382813
vt 14.070313 -3.156250
vt 13.742188 -3.160937
vt 13.910156 -3.060156
vt 14.070313 -3.339063
vt 13.742188 -3.343750
vt 13.902344 -3.439844
vt 5.156250 0.875000
vt 5.187500 0.679687
vt 5.312500 0.679687
vt 5.339063 0.875000
vt 5.343750 0.875000
vt 5.160937 0.875000
vt 5.343750 0.679687
vt 5.312500 0.875000
vt 5.187500 0.875000
vt 5.160937 0.679687
vt 5.156250 0.679687
vt 5.339063 0.679687
vt 13.742188 -4.156250
vt 14.070313 -4.160937
vt 13.902344 -4.060156
vt 13.742188 -4.339063
vt 14.070313 -4.343750
vt 13.910156 -4.439844
vt 14.023438 -4.187500
vt 13.789063 -4.187500
vt 13.906250 -4.117188
vt 14.023438 -4.312500
vt 13.789063 -4.312500
vt 13.906250 -4.382813
vt 14.070313 -4.156250
vt 13.742188 -4.160937
vt 13.910156 -4.060156
vt 14.070313 -4.339063
vt 13.742188 -4.343750
vt 13.902344 -4.439844
s 0
usemtl material_37_72
f 2184/1659/393 2185/1660/393 2186/1661/393
f 2187/1662/393 2188/1663/393 2189/1664/393
f 2190/1665/394 2191/1666/394 2192/1667/394
f 2193/1661/395 2194/1660/395 2195/1659/395
f 2196/1667/396 2197/1666/396 2198/1665/396
f 2199/1664/395 2200/1663/395 2201/1662/395
f 2202/1668/394 2203/1669/394 2204/1670/394
f 2205/1670/396 2206/1669/396 2207/1668/396
f 2208/1671/394 2209/1672/394 2210/1673/394
f 2208/1671/394 2210/1673/394 2211/1674/394
s 1
f 2212/1673/396 2213/1672/396 2214/1671/397
f 2212/1673/396 2214/1671/397 2215/1674/398
f 2216/1675/399 2217/1676/400 2218/1677/401
f 2216/1675/399 2218/1677/401 2219/1678/401
s 0
f 2220/1674/396 2221/1673/396 2222/1672/396
f 2220/1674/396 2222/1672/396 2223/1671/396
f 2224/1679/394 2225/1680/394 2226/1681/394
f 2224/1679/394 2226/1681/394 2227/1682/394
f 2228/1682/396 2229/1681/396 2230/1680/396
f 2228/1682/396 2230/1680/396 2231/1679/396
f 2232/1683/402 2233/1684/402 2234/1685/402
f 2232/1683/402 2234/1685/402 2235/1686/402
f 2236/1687/403 2237/1688/403 2238/1686/403
f 2236/1687/403 2238/1686/403 2239/1685/403
s 1
f 2240/1689/404 2241/1690/405 2242/1691/406
f 2240/1689/404 2242/1691/406 2243/1692/406
f 2244/1672/394 2245/1673/394 2246/1693/405
f 2244/1672/394 2246/1693/405 2247/1694/407
s 0
f 2248/1695/393 2249/1696/393 2250/1697/393
f 2248/1695/393 2250/1697/393 2251/1698/393
f 2252/1699/394 2253/1700/394 2254/1701/394
f 2252/1699/394 2254/1701/394 2255/1702/394
f 2256/1698/395 2257/1697/395 2258/1696/395
f 2256/1698/395 2258/1696/395 2259/1695/395
f 2260/1703/408 2261/1704/408 2262/1705/408
f 2260/1703/408 2262/1705/408 2263/1706/408
f 2264/1702/396 2265/1701/396 2266/1700/396
f 2264/1702/396 2266/1700/396 2267/1699/396
f 2268/1707/409 2269/1708/409 2270/1709/409
f 2268/1707/409 2270/1709/409 2724/1704/409
f 2271/1710/410 2725/1705/410 2272/1711/410
f 2271/1710/410 2272/1711/410 2273/1712/410
f 2274/1713/411 2722/1711/411 2723/1709/411
f 2274/1713/411 2723/1709/411 2275/1714/411
f 2276/1715/395 2277/1716/395 2278/1717/395
f 2277/1716/395 2276/1715/395 2279/1718/395
f 2279/1718/395 2276/1715/395 2280/1719/395
f 2281/1718/393 2282/1717/393 2283/1716/393
f 2282/1717/393 2281/1718/393 2284/1715/393
f 2284/1715/393 2281/1718/393 2285/1719/393
f 2286/1720/393 2287/1716/393 2288/1721/393
f 2287/1716/393 2286/1720/393 2289/1722/393
f 2289/1722/393 2286/1720/393 2290/1723/393
f 2291/1722/395 2292/1721/395 2293/1716/395
f 2292/1721/395 2291/1722/395 2294/1720/395
f 2294/1720/395 2291/1722/395 2295/1723/395
f 2296/1711/412 2728/1710/412 2733/1712/412
f 2728/1710/412 2296/1711/412 2297/1705/412
f 2297/1705/412 2296/1711/412 2298/1709/412
f 2297/1705/412 2298/1709/412 2299/1704/412
f 2299/1704/412 2298/1709/412 2732/1708/412
f 2299/1704/412 2732/1708/412 2729/1707/412
f 2720/1714/412 2296/1711/412 2721/1713/412
f 2296/1711/412 2720/1714/412 2297/1705/412
f 2297/1705/412 2720/1714/412 2717/1706/412
f 2717/1706/412 2720/1714/412 2716/1703/412
s 1
f 2300/1724/413 2301/1725/414 2302/1726/415
f 2300/1724/413 2302/1726/415 2303/1727/415
f 2304/1728/416 2305/1729/417 2306/1730/418
f 2304/1728/416 2306/1730/418 2307/1731/419
f 2308/1732/420 2309/1733/421 2305/1729/417
f 2308/1732/420 2305/1729/417 2304/1728/416
f 2718/1727/422 2713/1726/422 2310/1734/423
f 2718/1727/422 2310/1734/423 2311/1735/424
f 2312/1731/425 2313/1730/426 2314/1729/427
f 2312/1731/425 2314/1729/427 2315/1728/428
f 2315/1728/428 2314/1729/427 2316/1733/429
f 2315/1728/428 2316/1733/429 2317/1732/430
f 2318/1727/431 2319/1726/431 2320/1725/432
f 2318/1727/431 2320/1725/432 2321/1724/433
f 2322/1735/434 2323/1734/435 2714/1726/436
f 2322/1735/434 2714/1726/436 2712/1727/436
s 0
f 2324/1736/395 2325/1737/395 2326/1738/395
f 2324/1736/395 2326/1738/395 2327/1739/395
f 2328/1739/393 2329/1738/393 2330/1737/393
f 2328/1739/393 2330/1737/393 2331/1736/393
s 1
f 2332/1740/412 2333/1741/412 2334/1742/412
s 0
f 2332/1740/412 2334/1742/412 2335/1743/412
f 2336/1744/412 2337/1745/412 2338/1746/412
f 2336/1744/412 2338/1746/412 2339/1747/412
f 2340/1748/412 2341/1749/412 2342/1750/412
f 2340/1748/412 2342/1750/412 2343/1751/412
f 2344/1752/412 2345/1753/412 2346/1754/412
f 2344/1752/412 2346/1754/412 2347/1755/412
f 2348/1756/412 2349/1757/412 2350/1758/412
s 1
f 2348/1756/412 2350/1758/412 2351/1759/412
s 0
f 2352/1760/412 2353/1761/412 2354/1762/412
f 2352/1760/412 2354/1762/412 2355/1763/412
f 2356/1764/437 2357/1765/437 2358/1766/437
f 2356/1764/437 2358/1766/437 2359/1767/437
f 2360/1768/437 2361/1769/437 2362/1770/437
f 2360/1768/437 2362/1770/437 2363/1771/437
f 2364/1772/437 2365/1773/437 2366/1774/437
s 1
f 2364/1772/437 2366/1774/437 2367/1775/437
f 2368/1776/437 2369/1777/437 2370/1778/437
s 0
f 2368/1776/437 2370/1778/437 2371/1779/437
f 2372/1780/437 2373/1781/437 2374/1782/437
f 2372/1780/437 2374/1782/437 2375/1783/437
f 2376/1784/437 2377/1785/437 2378/1786/437
f 2376/1784/437 2378/1786/437 2379/1787/437
f 2380/1788/438 2381/1789/438 2382/1790/438
f 2380/1788/438 2382/1790/438 2383/1791/438
f 2384/1792/439 2385/1793/439 2386/1794/439
f 2384/1792/439 2386/1794/439 2387/1795/439
f 2388/1796/440 2389/1797/440 2390/1798/440
f 2388/1796/440 2390/1798/440 2391/1799/440
f 2392/1800/441 2393/1801/441 2394/1802/441
f 2392/1800/441 2394/1802/441 2395/1803/441
f 2396/1804/442 2397/1805/442 2398/1806/442
f 2396/1804/442 2398/1806/442 2399/1807/442
f 2400/1808/443 2401/1809/443 2402/1810/443
f 2400/1808/443 2402/1810/443 2403/1811/443
f 2404/1812/444 2405/1813/444 2406/1814/444
f 2404/1812/444 2406/1814/444 2407/1815/444
f 2408/1807/445 2409/1806/445 2410/1805/445
f 2408/1807/445 2410/1805/445 2411/1804/445
f 2412/1816/446 2413/1817/446 2414/1818/446
f 2412/1816/446 2414/1818/446 2415/1819/446
f 2416/1791/447 2417/1790/447 2418/1820/447
f 2416/1791/447 2418/1820/447 2419/1821/447
f 2420/1822/448 2421/1823/448 2422/1809/448
f 2420/1822/448 2422/1809/448 2423/1808/448
f 2424/1824/449 2425/1825/449 2426/1826/449
f 2424/1824/449 2426/1826/449 2427/1827/449
f 2428/1828/450 2429/1829/450 2430/1830/450
f 2428/1828/450 2430/1830/450 2431/1831/450
f 2432/1832/451 2433/1833/451 2434/1834/451
f 2432/1832/451 2434/1834/451 2435/1835/451
f 2436/1836/452 2437/1837/452 2438/1838/452
f 2436/1836/452 2438/1838/452 2439/1839/452
f 2440/1815/453 2441/1814/453 2442/1813/453
f 2440/1815/453 2442/1813/453 2443/1812/453
f 2444/1840/454 2445/1841/454 2446/1829/454
f 2444/1840/454 2446/1829/454 2447/1828/454
f 2448/1842/455 2449/1843/455 2450/1844/455
f 2448/1842/455 2450/1844/455 2451/1845/455
f 2452/1835/456 2453/1834/456 2454/1846/456
f 2452/1835/456 2454/1846/456 2455/1847/456
f 2456/1839/457 2457/1838/457 2458/1837/457
f 2456/1839/457 2458/1837/457 2459/1836/457
f 2460/1803/458 2461/1802/458 2462/1801/458
f 2460/1803/458 2462/1801/458 2463/1800/458
f 2464/1827/459 2465/1826/459 2466/1825/459
f 2464/1827/459 2466/1825/459 2467/1824/459
f 2468/1848/394 2469/1849/394 2470/1850/394
f 2468/1848/394 2470/1850/394 2471/1851/394
f 2472/1851/396 2473/1850/396 2474/1849/396
f 2472/1851/396 2474/1849/396 2475/1848/396
f 2476/1852/460 2477/1853/460 2478/1854/460
f 2476/1852/460 2478/1854/460 2479/1855/460
f 2480/1856/461 2481/1857/461 2711/1853/461
f 2480/1856/461 2711/1853/461 2710/1852/461
f 2482/1855/462 2483/1854/462 2484/1853/462
f 2482/1855/462 2484/1853/462 2485/1852/462
f 2708/1852/463 2709/1853/463 2486/1857/463
f 2708/1852/463 2486/1857/463 2487/1856/463
f 2488/1858/437 2489/1859/437 2490/1860/437
f 2489/1859/437 2488/1858/437 2491/1861/437
f 2491/1861/437 2488/1858/437 2492/1862/437
f 2491/1861/437 2492/1862/437 2493/1863/437
f 2494/1861/412 2495/1860/412 2496/1859/412
f 2495/1860/412 2494/1861/412 2497/1858/412
f 2497/1858/412 2494/1861/412 2498/1863/412
f 2497/1858/412 2498/1863/412 2499/1862/412
f 2500/1864/464 2501/1865/464 2502/1866/464
f 2500/1864/464 2502/1866/464 2503/1867/464
s 1
f 2504/1868/465 2505/1869/465 2705/1865/465
s 0
f 2504/1868/465 2705/1865/465 2707/1864/465
f 2506/1870/466 2507/1871/466 2508/1872/466
f 2506/1870/466 2508/1872/466 2509/1873/466
f 2510/1874/467 2511/1872/467 2512/1871/467
f 2510/1874/467 2512/1871/467 2513/1875/467
f 2514/1876/468 2515/1864/468 2516/1867/468
f 2514/1876/469 2516/1867/469 2517/1866/469
f 2518/1869/470 2519/1868/470 2706/1864/470
f 2518/1869/470 2706/1864/470 2719/1876/470
s 1
f 2520/1877/471 2521/1878/471 2522/1879/471
s 0
f 2520/1877/471 2522/1879/471 2523/1880/471
f 2524/1881/472 2525/1882/472 2703/1878/472
f 2524/1881/472 2703/1878/472 2704/1877/472
f 2526/1883/473 2527/1884/473 2528/1885/473
f 2526/1883/473 2528/1885/473 2529/1886/473
f 2530/1887/474 2531/1885/474 2532/1884/474
f 2530/1887/474 2532/1884/474 2533/1888/474
f 2534/1880/475 2535/1879/475 2536/1878/475
f 2534/1880/475 2536/1878/475 2537/1889/475
f 2701/1889/476 2702/1878/476 2538/1882/476
f 2701/1889/477 2538/1882/477 2539/1881/477
f 2540/1890/412 2541/1891/412 2542/1892/412
f 2541/1891/412 2540/1890/412 2543/1893/412
f 2541/1891/412 2543/1893/412 2544/1894/412
f 2544/1894/412 2543/1893/412 2545/1895/412
f 2546/1896/437 2547/1897/437 2548/1898/437
f 2547/1897/437 2546/1896/437 2549/1899/437
f 2547/1897/437 2549/1899/437 2550/1900/437
f 2550/1900/437 2549/1899/437 2551/1901/437
f 2552/1897/412 2553/1896/412 2554/1898/412
f 2553/1896/412 2552/1897/412 2555/1900/412
f 2553/1896/412 2555/1900/412 2556/1899/412
f 2556/1899/412 2555/1900/412 2557/1901/412
f 2558/1902/437 2559/1903/437 2560/1904/437
f 2559/1903/437 2558/1902/437 2561/1905/437
f 2559/1903/437 2561/1905/437 2562/1906/437
f 2562/1906/437 2561/1905/437 2563/1907/437
f 2564/1908/464 2565/1909/464 2566/1910/464
f 2564/1908/464 2566/1910/464 2567/1911/464
s 1
f 2568/1912/465 2569/1913/465 2700/1909/465
s 0
f 2568/1912/465 2700/1909/465 2731/1908/465
f 2570/1870/466 2571/1871/466 2572/1872/466
f 2570/1870/466 2572/1872/466 2573/1873/466
f 2574/1874/467 2575/1872/467 2576/1871/467
f 2574/1874/467 2576/1871/467 2577/1875/467
f 2578/1914/468 2579/1908/468 2580/1911/468
f 2578/1914/469 2580/1911/469 2581/1910/469
f 2582/1913/470 2583/1912/470 2730/1908/470
f 2582/1913/470 2730/1908/470 2699/1914/470
s 1
f 2584/1915/471 2585/1916/471 2586/1917/471
s 0
f 2584/1915/471 2586/1917/471 2587/1918/471
f 2588/1919/472 2589/1920/472 2697/1916/472
f 2588/1919/472 2697/1916/472 2698/1915/472
f 2590/1883/473 2591/1884/473 2592/1885/473
f 2590/1883/473 2592/1885/473 2593/1886/473
f 2594/1887/474 2595/1885/474 2596/1884/474
f 2594/1887/474 2596/1884/474 2597/1888/474
f 2598/1918/475 2599/1917/475 2600/1916/475
f 2598/1918/475 2600/1916/475 2601/1921/475
f 2715/1921/476 2696/1916/476 2602/1920/476
f 2715/1921/477 2602/1920/477 2603/1919/477
f 2604/1922/412 2605/1923/412 2606/1924/412
f 2605/1923/412 2604/1922/412 2607/1925/412
f 2605/1923/412 2607/1925/412 2608/1926/412
f 2608/1926/412 2607/1925/412 2609/1927/412
f 2610/1928/437 2611/1929/437 2612/1930/437
f 2611/1929/437 2610/1928/437 2613/1931/437
f 2611/1929/437 2613/1931/437 2614/1932/437
f 2614/1932/437 2613/1931/437 2615/1933/437
f 2616/1929/412 2617/1928/412 2618/1930/412
f 2617/1928/412 2616/1929/412 2619/1932/412
f 2617/1928/412 2619/1932/412 2620/1931/412
f 2620/1931/412 2619/1932/412 2621/1933/412
f 2622/1934/437 2623/1935/437 2624/1936/437
f 2623/1935/437 2622/1934/437 2625/1937/437
f 2623/1935/437 2625/1937/437 2626/1938/437
f 2626/1938/437 2625/1937/437 2627/1939/437
f 2628/1908/464 2629/1909/464 2630/1910/464
f 2628/1908/464 2630/1910/464 2631/1911/464
f 2632/1912/465 2633/1913/465 2695/1909/465
s 1
f 2632/1912/478 2695/1909/478 2727/1908/478
s 0
f 2634/1940/466 2635/1941/466 2636/1942/466
f 2634/1940/466 2636/1942/466 2637/1943/466
f 2638/1944/467 2639/1942/467 2640/1941/467
f 2638/1944/467 2640/1941/467 2641/1945/467
f 2642/1914/468 2643/1908/468 2644/1911/468
s 1
f 2642/1914/469 2644/1911/469 2645/1910/469
s 0
f 2646/1913/470 2647/1912/470 2726/1908/470
f 2646/1913/470 2726/1908/470 2694/1914/470
f 2648/1915/479 2649/1916/479 2650/1917/479
f 2648/1915/471 2650/1917/471 2651/1918/471
f 2652/1919/472 2653/1920/472 2735/1916/472
f 2652/1919/472 2735/1916/472 2693/1915/472
f 2654/1946/473 2655/1947/473 2656/1948/473
f 2654/1946/473 2656/1948/473 2657/1949/473
f 2658/1950/474 2659/1948/474 2660/1947/474
f 2658/1950/474 2660/1947/474 2661/1951/474
f 2662/1918/475 2663/1917/475 2664/1916/475
f 2662/1918/475 2664/1916/475 2665/1921/475
f 2692/1921/476 2734/1916/476 2666/1920/476
s 1
f 2692/1921/477 2666/1920/477 2667/1919/477
s 0
f 2668/1952/412 2669/1953/412 2670/1954/412
f 2669/1953/412 2668/1952/412 2671/1955/412
f 2669/1953/412 2671/1955/412 2672/1956/412
f 2672/1956/412 2671/1955/412 2673/1957/412
f 2674/1958/437 2675/1959/437 2676/1960/437
f 2675/1959/437 2674/1958/437 2677/1961/437
f 2675/1959/437 2677/1961/437 2678/1962/437
f 2678/1962/437 2677/1961/437 2679/1963/437
f 2680/1959/412 2681/1958/412 2682/1960/412
f 2681/1958/412 2680/1959/412 2683/1962/412
f 2681/1958/412 2683/1962/412 2684/1961/412
f 2684/1961/412 2683/1962/412 2685/1963/412
f 2686/1964/437 2687/1965/437 2688/1966/437
f 2687/1965/437 2686/1964/437 2689/1967/437
f 2687/1965/437 2689/1967/437 2690/1968/437
f 2690/1968/437 2689/1967/437 2691/1969/437
o Object_77
v 29.015297 2.015388 -3.331689
v 28.798012 2.204331 -3.558420
v 28.798012 2.015388 -3.558420
v 29.728554 2.015388 -4.044948
v 29.506548 2.015388 -4.266955
v 29.506548 2.204331 -4.266955
v 33.978191 -4.109503 -10.706751
v 33.978191 -4.156739 -10.706751
v 33.978191 -4.156739 -9.699057
v 33.978191 -4.109503 -9.699057
v 34.497784 -3.794599 -10.706751
v 34.497784 -4.345681 -10.706751
v 33.978191 -4.156739 -10.706751
v 33.978191 -4.109503 -10.706751
v 33.978191 -4.109503 -9.699057
v 33.978191 -4.156739 -9.699057
v 34.497784 -4.345681 -9.699057
v 34.497784 -3.794599 -9.699057
v 34.497784 -4.345681 -9.699057
v 33.978191 -4.156739 -9.699057
v 33.978191 -4.156739 -10.706751
v 34.497784 -4.345681 -10.706751
v 29.160152 1.842191 -3.180535
v 28.798012 1.653248 -3.558420
v 29.506548 1.653248 -4.266955
v 29.876560 1.842191 -3.896943
v 29.160152 1.889427 -3.180535
v 29.160152 1.842191 -3.180535
v 29.876560 1.842191 -3.896943
v 29.876560 1.889427 -3.896943
v 29.876560 1.889427 -3.896943
v 29.876560 1.842191 -3.896943
v 29.506548 1.653248 -4.266955
v 28.798012 1.653248 -3.558420
v 29.160152 1.842191 -3.180535
v 29.160152 1.889427 -3.180535
v 29.876560 2.050185 -4.274828
v 29.876560 1.745673 -4.274828
v 29.687616 1.745673 -4.085885
v 29.687616 2.050185 -4.085885
v 29.687616 1.745673 -4.085885
v 29.876560 1.745673 -4.274828
v 30.065502 1.842191 -4.085885
v 30.065502 1.889427 -4.085885
v 30.065502 1.842191 -4.085885
v 30.065502 1.842191 -4.085885
v 30.065502 1.889427 -4.085885
v 29.687616 2.050185 -4.085885
v 29.876560 1.745673 -4.274828
v 29.876560 2.050185 -4.274828
v 29.876560 1.842191 -3.896943
v 29.876560 1.842191 -3.896943
v 29.876560 1.889427 -3.896943
v 29.687616 1.745673 -4.085885
vn -0.7220 -0.0000 0.6919
vn 0.7071 -0.0000 -0.7071
vn -1.0000 -0.0000 -0.0000
vn -0.0000 -0.0000 -1.0000
vn -0.0000 -0.0000 1.0000
vn -0.3417 -0.9398 -0.0000
vn 0.2401 -0.9406 0.2401
vn 0.7071 -0.0000 0.7071
vn -0.7071 -0.0000 -0.7071
vn 0.2402 -0.9405 0.2402
vn -0.7071 -0.0000 0.7071
vt 6.206250 -3.593750
vt 6.656250 -3.968750
vt 6.656250 -3.593750
vt 8.028125 -3.000000
vt 8.468750 -3.000000
vt 8.468750 -3.375000
vt 21.093750 9.656250
vt 21.093750 9.750000
vt 19.093750 9.750000
vt 19.093750 9.656250
vt 68.062500 9.031250
vt 68.062500 10.125000
vt 67.031250 9.750000
vt 67.031250 9.656250
vt 67.437500 9.156250
vt 67.437500 9.250000
vt 68.468750 9.625000
vt 68.468750 8.531250
vt 68.062500 -17.250000
vt 67.031250 -17.250000
vt 67.031250 -19.250000
vt 68.062500 -19.250000
vt 57.468750 -5.468750
vt 56.750000 -6.218750
vt 58.156250 -7.625000
vt 58.890625 -6.890625
vt 7.312500 -3.343750
vt 7.312500 -3.250000
vt 8.734375 -3.250000
vt 8.734375 -3.343750
vt 7.734375 -2.750000
vt 8.468750 -2.281250
vt 7.734375 -2.656250
vt 6.656250 -2.875000
vt 5.906250 -3.343750
vt 5.906250 -3.250000
vt 8.484375 -3.069063
vt 8.484375 -2.464688
vt 8.109375 -2.464688
vt 8.109375 -3.069063
vt 58.515625 -7.265625
vt 58.890625 -7.640625
vt 59.265625 -7.265625
vt 8.109375 -2.750000
vt 8.109375 -2.656250
vt 9.109375 -3.250000
vt 9.109375 -3.343750
s 0
usemtl material_37_73
f 2736/1970/480 2737/1971/480 2738/1972/480
s 1
f 2739/1973/481 2740/1974/481 2741/1975/481
s 0
f 2742/1976/482 2743/1977/482 2744/1978/482
f 2742/1976/482 2744/1978/482 2745/1979/482
f 2746/1980/483 2747/1981/483 2748/1982/483
f 2746/1980/483 2748/1982/483 2749/1983/483
f 2750/1984/484 2751/1985/484 2752/1986/484
f 2750/1984/484 2752/1986/484 2753/1987/484
s 1
f 2754/1988/485 2755/1989/485 2756/1990/485
f 2754/1988/485 2756/1990/485 2757/1991/485
f 2758/1992/486 2759/1993/486 2760/1994/486
s 0
f 2758/1992/486 2760/1994/486 2761/1995/486
s 1
f 2762/1996/487 2763/1997/487 2764/1998/487
f 2762/1996/487 2764/1998/487 2765/1999/487
s 0
f 2766/2000/481 2740/1974/481 2739/1973/481
s 1
f 2740/1974/481 2766/2000/481 2768/2001/481
s 0
f 2768/2001/481 2766/2000/481 2767/2002/481
f 2769/2003/480 2736/1970/480 2738/1972/480
f 2736/1970/480 2769/2003/480 2771/2004/480
s 1
f 2771/2004/480 2769/2003/480 2770/2005/480
s 0
f 2772/2006/488 2773/2007/488 2774/2008/488
s 1
f 2772/2006/488 2774/2008/488 2775/2009/488
s 0
f 2786/1995/489 2776/2010/489 2777/2011/489
f 2786/1995/489 2777/2011/489 2778/2012/489
s 1
f 2779/2013/481 2780/2014/481 2784/2007/481
s 0
f 2779/2013/481 2784/2007/481 2785/2006/481
f 2783/2009/490 2789/2008/490 2787/2002/490
s 1
f 2783/2009/490 2787/2002/490 2788/2000/490
f 2765/1999/487 2764/1998/487 2781/2015/487
f 2765/1999/487 2781/2015/487 2782/2016/487
o Object_78
v 17.886574 -5.668280 -8.817325
v 18.012535 -5.668280 -8.817325
v 17.886574 -5.668280 -8.943287
v 28.782267 2.314548 -3.558420
v 28.813757 2.314548 -3.589911
v 28.813757 2.314548 -3.526930
v 28.782267 2.314548 -3.495440
v 28.750776 2.314548 -3.463949
v 28.750776 2.314548 -3.526930
v 34.497784 -2.897121 -10.706751
v 34.245857 -2.897121 -10.706751
v 34.245857 -2.897121 -9.950981
v 34.497784 -2.897121 -9.950981
v 34.497784 -2.897121 -10.706751
v 34.497784 -3.621401 -10.706751
v 34.434803 -3.621401 -10.706751
v 34.245857 -2.897121 -10.706751
v 34.497784 -3.621401 -9.950981
v 34.434803 -3.621401 -9.950981
v 34.434803 -3.621401 -10.706751
v 34.497784 -3.621401 -10.706751
v 34.245857 -2.897121 -9.950981
v 34.434803 -3.621401 -9.950981
v 34.497784 -3.621401 -9.950981
v 34.497784 -2.897121 -9.950981
v 34.497784 -2.897121 -9.950981
v 34.497784 -3.621401 -9.950981
v 34.497784 -3.621401 -10.706751
v 34.497784 -2.897121 -10.706751
v 34.497784 -3.794599 -9.699057
v 34.497784 -4.345681 -9.699057
v 34.497784 -4.345681 -10.706751
v 34.497784 -3.794599 -10.706751
v 20.279846 -5.668280 -10.958675
v 20.279846 -5.668280 -12.142874
v 18.264458 -5.668280 -12.980046
v 18.264458 -5.668280 -10.958675
v 20.799438 -6.046165 -10.706751
v 20.799438 -6.046165 -8.817325
v 28.750776 3.038828 -3.180535
v 28.750776 2.314548 -3.180535
v 28.813757 2.314548 -3.180535
v 29.002701 3.038828 -3.180535
v 29.002701 3.038828 -3.936306
v 28.750776 3.038828 -3.936306
v 28.750776 3.038828 -3.180535
v 29.002701 3.038828 -3.180535
v 29.002701 3.038828 -3.936306
v 28.813757 2.314548 -3.936306
v 28.750776 2.314548 -3.936306
v 28.750776 3.038828 -3.936306
v 29.506548 2.204331 -4.266955
v 29.506548 2.015388 -4.266955
v 28.798012 2.015388 -3.558420
v 28.798012 2.204331 -3.558420
v 29.506548 1.653248 -4.266955
v 28.798012 1.653248 -3.558420
v 20.279846 -5.668280 -7.249258
v 20.279846 -5.668280 -8.565401
v 18.264458 -5.668280 -8.565401
v 18.264458 -5.668280 -6.404527
v 18.264458 -5.668280 -10.958675
v 17.886574 -5.668280 -13.131516
v 17.886574 -5.668280 -10.580790
v 18.264458 -5.668280 -12.980046
v 17.886574 -5.668280 -13.137026
v 28.750776 2.314548 -3.936306
v 28.750776 3.038828 -3.180535
v 28.750776 3.038828 -3.936306
v 28.750776 2.314548 -3.180535
v 28.813757 2.314548 -3.180535
v 28.750776 2.314548 -3.180535
v 28.750776 2.314548 -3.936306
v 28.813757 2.314548 -3.936306
v 28.637724 -5.668280 -3.778853
v 28.215439 -5.668280 -1.385580
v 29.623220 -5.668280 -1.385580
v 27.711592 -5.668280 -1.385580
v 26.703897 -5.668280 -1.385580
v 26.703897 -5.668280 -3.778853
v 24.688509 -5.668280 -1.385580
v 24.184662 -5.668280 -1.385580
v 22.776880 -5.668280 -1.385580
v 23.762377 -5.668280 -3.778853
v 18.264458 -5.668280 -6.404527
v 17.886574 -5.668280 -6.266599
v 17.886574 -5.668280 -6.246287
v 18.264458 -5.668280 -8.565401
v 25.192356 -4.282701 -15.997147
v 25.192356 -4.786548 -15.997147
v 25.192356 -4.786548 -16.028637
v 25.192356 -4.282701 -16.028637
v 27.207745 -4.282701 -16.028637
v 27.207745 -4.786548 -16.028637
v 27.207745 -4.786548 -15.997147
v 27.207745 -4.282701 -15.997147
v 28.798012 -4.282701 -15.997147
v 28.798012 -4.282701 -16.028637
v 27.207745 -4.282701 -16.028637
v 27.207745 -4.282701 -15.997147
v 23.586344 -4.282701 -16.028637
v 23.602089 -4.282701 -15.997147
v 25.192356 -4.282701 -15.997147
v 25.192356 -4.282701 -16.028637
v 34.513527 2.015388 -12.155312
v 32.372177 2.015388 -12.155312
v 32.372177 2.015388 -12.108076
v 34.513527 2.015388 -12.108076
v 34.403313 -4.755057 -11.635719
v 34.419056 -4.755057 -11.635719
v 34.419056 -4.755057 -11.131872
v 34.403313 -4.755057 -11.131872
v 32.419415 2.015388 -7.620687
v 32.372177 2.015388 -7.620687
v 32.025784 2.015388 -6.801936
v 32.057274 2.015388 -6.770446
v 31.307674 2.015388 -6.020846
v 31.276184 2.015388 -6.052337
v 28.782267 2.015388 -3.558420
v 28.813757 2.015388 -3.526930
v 32.057274 2.015388 -6.770446
v 32.025784 2.015388 -6.801936
v 32.057274 2.015388 -6.770446
v 32.057274 1.511541 -6.770446
v 32.025784 1.511541 -6.801936
v 32.025784 2.015388 -6.801936
v 28.782267 2.015388 -3.558420
v 28.782267 1.511541 -3.558420
v 28.813757 1.511541 -3.526930
v 28.813757 2.015388 -3.526930
v 28.750776 2.015388 -3.526930
v 30.262318 2.015388 -2.015388
v 30.293808 2.015388 -2.046879
v 28.750776 1.511541 -3.526930
v 28.750776 2.015388 -3.526930
v 34.513527 -4.282701 -6.266599
v 34.513527 -4.282701 -6.298089
v 32.529629 -4.282701 -7.116840
v 32.498138 -4.282701 -7.101095
v 28.798012 -4.282701 -16.028637
v 28.798012 -4.282701 -15.997147
v 32.498138 -4.282701 -12.297019
v 32.529629 -4.282701 -12.297019
v 32.529629 -4.282701 -8.770089
v 32.498138 -4.282701 -8.770089
v 32.498138 -4.282701 -7.101095
v 32.529629 -4.282701 -7.116840
v 32.529629 -4.282701 -10.643770
v 32.498138 -4.282701 -10.628025
v 32.419415 2.015388 -12.108076
v 32.419415 1.511541 -12.108076
v 32.372177 1.511541 -12.108076
v 32.372177 2.015388 -12.108076
v 32.419415 2.015388 -8.581146
v 32.372177 2.015388 -8.581146
v 32.372177 2.015388 -7.620687
v 32.419415 2.015388 -7.620687
v 32.419415 2.015388 -11.147617
v 32.372177 2.015388 -11.147617
v 32.419415 2.015388 -12.108076
v 32.372177 2.015388 -12.108076
v 28.782267 1.511541 -3.558420
v 28.782267 2.015388 -3.558420
v 28.782267 2.015388 -3.558420
v 28.813757 2.314548 -3.526930
v 28.750776 2.314548 -3.463949
v 28.750776 2.314548 -3.526930
vn -0.0000 1.0000 -0.0000
vn -0.0000 -1.0000 -0.0000
vn -0.0000 -0.0000 -1.0000
vn -0.0000 -0.0000 1.0000
vn 1.0000 -0.0000 -0.0000
vn -0.7071 -0.0000 -0.7071
vn -1.0000 -0.0000 -0.0000
vn 0.7071 -0.0000 -0.7071
vn -0.7071 -0.0000 0.7071
vt 8.562500 -0.437500
vt 8.625000 -0.437500
vt 8.562500 -0.468750
vt 29.000000 -1.484375
vt 29.031250 -1.500000
vt 29.031250 -1.468750
vt 29.000000 -1.453125
vt 28.968750 -1.437500
vt 28.968750 -1.468750
vt 34.031250 -4.835938
vt 33.781250 -4.835938
vt 33.781250 -4.460938
vt 34.031250 -4.460938
vt 34.703125 2.500000
vt 34.703125 2.859375
vt 34.640625 2.859375
vt 34.453125 2.500000
vt 33.968750 -4.460938
vt 33.968750 -4.835938
vt 9.968750 2.257813
vt 9.968750 2.617188
vt 10.718750 2.617188
vt 10.718750 2.257813
vt 9.718750 3.007813
vt 9.718750 3.281250
vt 10.718750 3.281250
vt 10.718750 3.007813
vt 9.187500 -0.906250
vt 9.187500 -1.200039
vt 8.187500 -1.407734
vt 8.187500 -0.906250
vt 28.640625 -0.500000
vt 28.640625 -0.140625
vt 28.703125 -0.140625
vt 28.890625 -0.500000
vt 29.218750 -1.671875
vt 28.968750 -1.671875
vt 28.968750 -1.296875
vt 29.218750 -1.296875
vt 4.906250 0.007812
vt 4.906250 0.101562
vt 4.203125 0.101562
vt 4.203125 0.007812
vt 4.906250 0.281250
vt 4.203125 0.281250
vt 9.187500 0.014023
vt 9.187500 -0.312500
vt 8.187500 -0.312500
vt 8.187500 0.223594
vt 8.750000 -0.843750
vt 8.562500 -1.382813
vt 8.562500 -0.750000
vt 8.750000 -1.345234
vt 8.562500 -1.384180
vt 4.390625 0.617187
vt 3.640625 0.257812
vt 4.390625 0.257812
vt 3.640625 0.617187
vt 29.031250 -1.296875
vt 29.031250 -1.671875
vt 1.015625 7.917265
vt -0.171875 7.812500
vt -0.171875 8.161758
vt -0.171875 7.687500
vt -0.171875 7.437500
vt 1.015625 7.437500
vt -0.171875 6.937500
vt -0.171875 6.812500
vt -0.171875 6.463242
vt 1.015625 6.707735
vt 8.750000 0.161094
vt 8.562500 0.195312
vt 8.562500 0.200352
vt 8.750000 -0.375000
vt 15.656250 2.757813
vt 15.656250 3.007813
vt 15.687500 3.007813
vt 15.687500 2.757813
vt 15.906250 2.757813
vt 15.906250 3.007813
vt 15.875000 3.007813
vt 15.875000 2.757813
vt 28.578125 -7.304688
vt 28.578125 -7.320313
vt 27.000000 -7.320313
vt 27.000000 -7.304688
vt 23.187500 -7.320313
vt 23.203125 -7.304688
vt 24.781250 -7.304688
vt 24.781250 -7.320313
vt 34.125000 -4.984375
vt 32.000000 -4.984375
vt 32.000000 -4.960938
vt 34.125000 -4.960938
vt 33.437500 -4.125000
vt 33.453125 -4.125000
vt 33.453125 -3.875000
vt 33.437500 -3.875000
vt 32.437500 -2.578125
vt 32.390625 -2.578125
vt 32.046875 -2.171875
vt 32.078125 -2.156250
vt 26.459333 10.075106
vt 26.459333 10.053008
vt 22.959333 10.053008
vt 22.959333 10.075106
vt 27.511333 10.075106
vt 27.511333 10.053008
vt 6.430712 2.871455
vt 6.077159 3.048232
vt 6.099256 3.059280
vt 6.452809 2.882504
vt 3.796875 0.203125
vt 3.796875 0.453125
vt 3.765625 0.453125
vt 3.765625 0.203125
vt 22.915138 10.053008
vt 22.915138 11.113668
vt 22.959333 11.113668
vt 33.531250 -1.500000
vt 33.531250 -1.515625
vt 31.562500 -1.921875
vt 31.531250 -1.914063
vt 28.359375 -7.320313
vt 28.359375 -7.304688
vt 32.031250 -5.468750
vt 32.062500 -5.468750
vt 32.062500 -3.718750
vt 32.031250 -3.718750
vt 32.031250 -2.890625
vt 32.062500 -2.898438
vt 32.062500 -4.648438
vt 32.031250 -4.640625
vt 32.171875 0.000000
vt 32.171875 0.250000
vt 32.125000 0.250000
vt 32.125000 0.000000
vt 32.093750 -3.054688
vt 32.046875 -3.054688
vt 32.046875 -2.578125
vt 32.093750 -2.578125
vt 32.093750 -4.328125
vt 32.046875 -4.328125
vt 32.093750 -4.804688
vt 32.046875 -4.804688
s 0
usemtl material_37_74
f 2790/2017/491 2791/2018/491 2792/2019/491
f 2793/2020/492 2794/2021/492 2795/2022/492
f 2796/2023/492 2797/2024/492 2798/2025/492
f 2799/2026/491 2800/2027/491 2801/2028/491
f 2799/2026/491 2801/2028/491 2802/2029/491
f 2803/2030/493 2804/2031/493 2805/2032/493
f 2803/2030/493 2805/2032/493 2806/2033/493
f 2807/2029/492 2808/2034/492 2809/2035/492
f 2807/2029/492 2809/2035/492 2810/2026/492
f 2811/2033/494 2812/2032/494 2813/2031/494
f 2811/2033/494 2813/2031/494 2814/2030/494
f 2815/2036/495 2816/2037/495 2817/2038/495
f 2815/2036/495 2817/2038/495 2818/2039/495
f 2819/2040/495 2820/2041/495 2821/2042/495
f 2819/2040/495 2821/2042/495 2822/2043/495
s 1
f 2823/2044/491 2824/2045/491 2825/2046/491
s 0
f 2823/2044/491 2825/2046/491 2826/2047/491
f 2829/2048/494 2830/2049/494 2831/2050/494
f 2829/2048/494 2831/2050/494 2832/2051/494
f 2833/2052/491 2834/2053/491 2835/2054/491
f 2833/2052/491 2835/2054/491 2836/2055/491
f 2837/2051/493 2838/2050/493 2839/2049/493
f 2837/2051/493 2839/2049/493 2840/2048/493
f 2841/2056/496 2842/2057/496 2843/2058/496
f 2841/2056/496 2843/2058/496 2844/2059/496
f 2842/2057/496 2845/2060/496 2846/2061/496
f 2842/2057/496 2846/2061/496 2843/2058/496
f 2847/2062/491 2848/2063/491 2849/2064/491
f 2847/2062/491 2849/2064/491 2850/2065/491
s 1
f 2851/2066/491 2852/2067/491 2853/2068/491
s 0
f 2852/2067/491 2851/2066/491 2854/2069/491
f 2852/2067/491 2854/2069/491 2855/2070/491
f 2856/2071/497 2857/2072/497 2858/2073/497
f 2857/2072/497 2856/2071/497 2859/2074/497
f 2955/2024/492 2860/2075/492 2861/2054/492
f 2860/2075/492 2955/2024/492 2954/2022/492
f 2862/2053/492 2793/2020/492 2956/2025/492
f 2793/2020/492 2862/2053/492 2794/2021/492
f 2794/2021/492 2862/2053/492 2863/2076/492
f 2864/2077/491 2865/2078/491 2866/2079/491
f 2865/2078/491 2864/2077/491 2867/2080/491
f 2867/2080/491 2864/2077/491 2868/2081/491
f 2868/2081/491 2864/2077/491 2869/2082/491
f 2869/2082/491 2870/2083/491 2868/2081/491
f 2870/2083/491 2869/2082/491 2871/2084/491
f 2871/2084/491 2869/2082/491 2872/2085/491
f 2872/2085/491 2869/2082/491 2873/2086/491
s 1
f 2874/2087/491 2875/2088/491 2876/2089/491
f 2875/2088/491 2874/2087/491 2790/2017/491
s 0
f 2790/2017/491 2874/2087/491 2877/2090/491
f 2790/2017/491 2877/2090/491 2791/2018/491
f 2878/2091/495 2879/2092/495 2880/2093/495
f 2878/2091/495 2880/2093/495 2881/2094/495
f 2882/2095/497 2883/2096/497 2884/2097/497
f 2882/2095/497 2884/2097/497 2885/2098/497
f 2886/2099/491 2887/2100/491 2888/2101/491
f 2886/2099/491 2888/2101/491 2889/2102/491
f 2890/2103/491 2891/2104/491 2892/2105/491
f 2890/2103/491 2892/2105/491 2893/2106/491
f 2894/2107/491 2895/2108/491 2896/2109/491
f 2894/2107/491 2896/2109/491 2897/2110/491
f 2898/2111/492 2899/2112/492 2900/2113/492
f 2898/2111/492 2900/2113/492 2901/2114/492
f 2902/2115/491 2903/2116/491 2904/2117/491
f 2902/2115/491 2904/2117/491 2905/2118/491
f 2906/2119/491 2907/2120/491 2908/2121/491
f 2906/2119/491 2908/2121/491 2909/2122/491
f 2906/2119/491 2910/2123/491 2911/2124/491
f 2906/2119/491 2911/2124/491 2907/2120/491
f 2912/2125/498 2913/2126/498 2914/2127/498
f 2912/2125/498 2914/2127/498 2915/2128/498
f 2916/2129/499 2917/2130/499 2918/2131/499
f 2916/2129/499 2918/2131/499 2919/2132/499
f 2952/2121/491 2920/2133/491 2921/2134/491
f 2952/2121/491 2921/2134/491 2922/2135/491
f 2953/2129/496 2951/2130/496 2923/2131/496
f 2953/2129/496 2923/2131/496 2924/2132/496
f 2925/2136/491 2926/2137/491 2927/2138/491
f 2925/2136/491 2927/2138/491 2928/2139/491
s 1
f 2929/2140/491 2930/2141/491 2931/2142/491
s 0
f 2929/2140/491 2931/2142/491 2932/2143/491
f 2933/2144/491 2934/2145/491 2935/2146/491
f 2933/2144/491 2935/2146/491 2936/2147/491
f 2937/2148/491 2934/2145/491 2933/2144/491
f 2934/2145/491 2937/2148/491 2938/2149/491
f 2938/2149/491 2937/2148/491 2931/2142/491
f 2931/2142/491 2937/2148/491 2932/2143/491
f 2939/2150/493 2940/2151/493 2941/2152/493
f 2939/2150/493 2941/2152/493 2942/2153/493
f 2943/2154/491 2944/2155/491 2945/2156/491
f 2943/2154/491 2945/2156/491 2946/2157/491
f 2947/2158/491 2944/2155/491 2943/2154/491
f 2944/2155/491 2947/2158/491 2948/2159/491
f 2948/2159/491 2947/2158/491 2949/2160/491
f 2948/2159/491 2949/2160/491 2950/2161/491
l 2827 2828
o Object_79
v 18.327438 -5.668280 -8.817325
v 18.012535 -5.668280 -8.817325
v 18.264458 -5.668280 -8.565401
v 17.886574 -5.668280 -9.100739
v 18.012535 -5.668280 -9.132229
v 18.012535 -5.668280 -10.391847
v 17.886574 -5.668280 -10.423337
v 25.192356 -5.668280 -8.817325
v 25.192356 -6.046165 -8.817325
v 25.192356 -6.046165 -9.447134
v 25.192356 -5.668280 -9.447134
v 25.192356 -5.668280 -10.076942
v 25.192356 -6.046165 -10.076942
v 25.192356 -6.046165 -10.706751
v 25.192356 -5.668280 -10.706751
v 18.012535 -5.668280 -9.132229
v 18.012535 -5.668280 -10.391847
v 18.327438 -5.668280 -10.706751
v 18.327438 -5.668280 -8.817325
v 21.791388 -5.668280 -8.817325
v 20.799438 -6.046165 -8.817325
v 20.799438 -5.668280 -8.817325
v 23.554853 -6.046165 -8.817325
v 23.554853 -5.668280 -8.817325
v 18.327438 -5.668280 -8.817325
v 17.886574 -5.668280 -8.943287
v 18.327438 -5.668280 -10.706751
v 17.886574 -5.668280 -10.423337
v 18.012535 -5.668280 -10.391847
v 17.886574 -5.668280 -10.580790
v 18.264458 -5.668280 -10.958675
v 25.192356 -5.668280 -10.958675
v 23.554853 -5.668280 -10.706751
v 25.192356 -5.668280 -10.706751
v 21.791388 -5.668280 -10.706751
v 21.791388 -5.668280 -10.958675
v 20.799438 -5.668280 -10.706751
v 18.327438 -5.668280 -10.706751
v 18.264458 -5.668280 -10.958675
v 25.192356 -6.046165 -10.706751
v 25.192356 -5.668280 -10.958675
v 25.192356 -5.668280 -10.706751
v 25.192356 -7.305783 -10.958675
v 25.192356 -7.305783 -10.706751
v 23.554853 -6.046165 -10.706751
v 20.799438 -5.668280 -10.706751
v 20.799438 -6.046165 -10.706751
v 21.791388 -5.668280 -10.706751
v 23.554853 -5.668280 -10.706751
v 25.192356 -5.668280 -9.447134
v 23.554853 -6.046165 -8.817325
v 23.554853 -5.668280 -8.817325
v 24.326368 -6.046165 -9.114061
v 25.192356 -6.046165 -9.447134
v 24.326368 -6.046165 -10.410015
v 25.192356 -5.668280 -10.076942
v 25.192356 -6.046165 -10.076942
v 18.327438 -5.668280 -10.706751
v 27.711592 -5.668280 -1.133656
v 26.703897 -5.668280 -1.007694
v 27.711592 -5.668280 -1.007694
v 26.703897 -5.668280 -1.385580
v 27.711592 -5.668280 -1.385580
v 24.688509 -5.668280 -1.007694
v 24.688509 -5.668280 -1.133656
v 24.688509 -5.668280 -1.385580
v 25.192356 -5.668280 -8.817325
v 21.917351 -5.668280 -8.565401
v 25.192356 -5.668280 -8.565401
v 21.791388 -5.668280 -8.565401
v 21.791388 -5.668280 -8.817325
v 20.279846 -5.668280 -8.565401
v 18.264458 -5.668280 -8.565401
v 18.327438 -5.668280 -8.817325
v 25.192356 -7.305783 -8.565401
v 25.192356 -5.668280 -8.565401
v 25.192356 -7.305783 -8.817325
v 20.799438 -5.668280 -10.706751
v 20.799438 -5.668280 -8.817325
vn -0.0000 1.0000 -0.0000
vn 1.0000 -0.0000 -0.0000
vn -0.0000 -0.0000 -1.0000
vn -0.1324 -0.0000 -0.9912
vn -0.1819 -0.0000 -0.9833
vn -0.0474 -0.0000 0.9989
vn -0.0000 -0.0000 1.0000
vn -0.2168 -0.0000 0.9762
vn -0.3590 -0.0000 -0.9333
vn -0.1327 -0.0000 -0.9912
vn -0.1823 -0.0000 -0.9833
vn -0.3590 -0.0000 0.9333
vt 16.562500 36.875000
vt 16.562500 36.250000
vt 16.062500 36.750000
vt 17.125000 36.000000
vt 17.187500 36.250000
vt 19.687500 36.250000
vt 19.750000 36.000000
vt 17.000000 12.250000
vt 17.000000 13.000000
vt 18.250000 13.000000
vt 18.250000 12.250000
vt 20.000000 12.250000
vt 20.000000 13.000000
vt 21.250000 13.000000
vt 21.250000 12.250000
vt -10.437500 43.781250
vt -11.187500 41.812500
vt -10.437500 41.812500
vt -11.187500 47.281250
vt -10.437500 47.281250
vt 16.812500 36.000000
vt 20.812500 37.375000
vt 20.250000 36.500000
vt 20.187500 36.750000
vt 20.562500 36.500000
vt 21.312500 37.250000
vt 21.531250 50.250000
vt 21.031250 47.000000
vt 21.031250 50.250000
vt 21.031250 43.500000
vt 21.531250 43.500000
vt 21.031250 41.531250
vt 21.031250 36.625000
vt 21.531250 36.500000
vt 20.750000 13.000000
vt 20.750000 12.250000
vt 21.250000 15.500000
vt 20.750000 15.500000
vt 46.750000 13.000000
vt 41.281250 12.250000
vt 41.281250 13.000000
vt 43.250000 12.250000
vt 46.750000 12.250000
vt -11.250000 50.750000
vt -12.000000 47.500000
vt -11.250000 47.500000
vt -12.000000 49.031250
vt -12.000000 50.750000
vt 48.281250 13.000000
vt 50.000000 12.250000
vt 50.000000 13.000000
vt 2.125000 55.375000
vt 1.875000 53.375000
vt 1.875000 55.375000
vt 2.625000 53.375000
vt 2.625000 55.375000
vt 1.875000 49.375000
vt 2.125000 49.375000
vt 2.625000 49.375000
vt 17.281250 50.250000
vt 16.781250 43.750000
vt 16.781250 50.250000
vt 16.781250 43.500000
vt 17.281250 43.500000
vt 16.781250 40.500000
vt 16.781250 36.500000
vt 17.281250 36.625000
vt 16.500000 15.500000
vt 16.500000 12.250000
vt 17.000000 15.500000
s 0
usemtl material_37_75
f 2957/2162/500 2958/2163/500 2959/2164/500
f 2960/2165/500 2961/2166/500 2962/2167/500
f 2960/2165/500 2962/2167/500 2963/2168/500
f 2964/2169/501 2965/2170/501 2966/2171/501
f 2964/2169/501 2966/2171/501 2967/2172/501
f 2968/2173/501 2969/2174/501 2970/2175/501
f 2968/2173/501 2970/2175/501 2971/2176/501
s 1
f 2976/2177/502 2977/2178/502 2978/2179/502
f 2977/2178/502 2976/2177/502 2979/2180/503
f 2979/2180/503 2976/2177/502 2980/2181/504
s 0
f 2961/2166/500 2958/2163/500 2957/2162/500
f 2958/2163/500 2961/2166/500 2982/2182/500
f 2982/2182/500 2961/2166/500 2960/2165/500
f 2983/2183/500 2984/2184/500 2985/2185/500
f 2984/2184/500 2983/2183/500 2986/2186/500
f 2986/2186/500 2983/2183/500 2987/2187/500
f 2988/2188/500 2989/2189/500 2990/2190/500
f 2989/2189/500 2988/2188/500 2991/2191/500
f 2991/2191/500 2988/2188/500 2992/2192/500
f 2992/2192/500 2993/2193/500 2991/2191/500
f 2993/2193/500 2992/2192/500 2994/2194/500
f 2994/2194/500 2992/2192/500 2995/2195/500
f 2996/2196/501 2997/2176/501 2998/2197/501
f 2997/2176/501 2996/2196/501 2999/2198/501
f 2999/2198/501 2996/2196/501 3000/2199/501
s 1
f 3001/2200/505 3002/2201/506 3003/2202/506
f 3002/2201/506 3001/2200/505 3004/2203/506
f 3004/2203/506 3001/2200/505 3005/2204/507
f 3006/2205/508 3007/2206/509 3008/2207/510
f 3007/2206/509 3006/2205/508 3009/2208/508
s 0
f 3009/2208/508 3006/2205/508 3010/2209/508
s 1
f 3011/2210/511 3005/2204/507 3001/2200/505
f 3005/2204/507 3011/2210/511 3012/2211/511
s 0
f 3012/2211/511 3011/2210/511 3013/2212/511
f 3015/2213/500 3016/2214/500 3017/2215/500
f 3016/2214/500 3015/2213/500 3018/2216/500
f 3018/2216/500 3015/2213/500 3019/2217/500
f 3018/2216/500 3020/2218/500 3016/2214/500
f 3020/2218/500 3018/2216/500 3021/2219/500
f 3021/2219/500 3018/2216/500 3022/2220/500
f 3023/2221/500 3024/2222/500 3025/2223/500
f 3024/2222/500 3023/2221/500 3026/2224/500
f 3026/2224/500 3023/2221/500 3027/2225/500
f 3027/2225/500 3028/2226/500 3026/2224/500
f 3028/2226/500 3027/2225/500 3029/2227/500
s 1
f 3029/2227/500 3027/2225/500 3030/2228/500
s 0
f 3031/2229/501 2964/2169/501 3032/2230/501
f 2964/2169/501 3031/2229/501 2965/2170/501
f 2965/2170/501 3031/2229/501 3033/2231/501
l 2972 2973
l 2973 2974
l 2972 2975
l 2981 3035
l 3014 3034
o Object_80
v 27.176254 -5.164433 -8.817325
v 27.207745 -5.164433 -8.817325
v 27.176254 -5.164433 -8.848815
v 27.176254 -5.164433 -10.801223
v 27.443922 -5.164433 -11.068892
v 27.176254 -5.164433 -11.224139
v 27.176254 -5.164433 -10.801223
v 26.908585 -5.164433 -10.533554
v 27.176254 -5.164433 -10.092688
v 27.176254 -5.164433 -8.848815
v 27.176254 -5.164433 -9.557350
v 26.908585 -5.164433 -9.116484
v 27.207745 -5.164433 -8.817325
v 27.443922 -5.164433 -8.581146
v 27.566229 -5.164433 -8.817325
v 27.900534 -5.164433 -10.187159
v 27.443922 -5.164433 -11.068892
v 25.932381 -5.164433 -10.801223
v 25.759184 -5.164433 -11.494013
v 24.961216 -5.164433 -11.071568
v 25.491516 -5.164433 -10.533554
v 25.192356 -5.164433 -8.817325
v 25.924168 -5.164433 -8.817325
v 25.932381 -5.164433 -8.848815
v 25.491516 -5.164433 -9.116484
v 24.956179 -5.164433 -8.581146
v 25.743439 -5.164433 -8.124535
v 26.703897 -5.164433 -8.817325
v 26.475592 -5.164433 -8.817325
v 26.640917 -5.164433 -8.156025
v 26.703897 -5.164433 -8.189368
v 16.343540 -1.401325 -7.888357
v 16.280560 -1.432815 -7.888357
v 16.280560 -1.432815 -7.447490
v 16.343540 -1.401325 -7.447490
v 16.280560 -1.432815 -7.888357
v 16.343540 -1.401325 -7.888357
v 16.469503 -1.810701 -7.888357
v 16.406523 -1.842191 -7.888357
v 16.343540 -1.401325 -7.447490
v 16.280560 -1.432815 -7.447490
v 16.406523 -1.842191 -7.447490
v 16.469503 -1.810701 -7.447490
v 16.469503 -1.810701 -7.447490
v 16.406523 -1.842191 -7.447490
v 16.406523 -1.842191 -7.888357
v 16.469503 -1.810701 -7.888357
v 16.469503 -1.810701 -7.888357
v 16.343540 -1.401325 -7.888357
v 16.343540 -1.401325 -7.447490
v 16.469503 -1.810701 -7.447490
v 16.406523 -1.842191 -7.447490
v 16.280560 -1.432815 -7.447490
v 16.280560 -1.432815 -7.888357
v 16.406523 -1.842191 -7.888357
v 27.900534 -5.164433 -9.462879
v 26.467720 -5.164433 -10.801223
v 26.908585 -5.164433 -10.533554
v 26.656662 -5.164433 -11.525503
v 26.467720 -5.164433 -8.848815
v 26.908585 -5.164433 -9.116484
v 27.443922 -5.164433 -8.581146
v 16.563974 -1.905172 -7.888357
v 16.563974 -1.968153 -7.888357
v 16.406523 -1.968153 -7.888357
v 16.406523 -1.905172 -7.888357
v 16.563974 -1.779210 -7.888357
v 16.406523 -1.779210 -7.888357
v 16.406523 -1.779210 -7.919847
v 16.563974 -1.779210 -7.919847
v 16.595465 -1.779210 -7.888357
v 16.595465 -1.779210 -7.919847
v 16.705681 -1.779210 -7.919847
v 16.721426 -1.779210 -7.888357
v 16.689936 -1.747720 -7.951337
v 16.689936 -1.779210 -7.951337
v 16.406523 -1.779210 -7.951337
v 16.406523 -1.747720 -7.951337
v 16.721426 -1.747720 -7.888357
v 16.689936 -1.747720 -7.951337
v 16.406523 -1.747720 -7.951337
v 16.406523 -1.747720 -7.888357
v 16.563974 -1.905172 -7.447490
v 16.406523 -1.905172 -7.447490
v 16.406523 -1.968153 -7.447490
v 16.563974 -1.968153 -7.447490
v 16.422268 -1.905172 -7.604942
v 16.422268 -1.905172 -7.730904
v 16.406523 -1.905172 -7.730904
v 16.406523 -1.905172 -7.604942
v 16.453758 -1.905172 -7.604942
v 16.815897 -1.905172 -7.604942
v 16.815897 -1.905172 -7.730904
v 16.453758 -1.905172 -7.730904
v 16.438013 -1.826446 -7.730904
v 16.406523 -1.842191 -7.730904
v 16.406523 -1.842191 -7.604942
v 16.438013 -1.826446 -7.604942
v 16.406523 -1.747720 -7.447490
v 16.406523 -1.747720 -7.384510
v 16.689936 -1.747720 -7.384510
v 16.721426 -1.747720 -7.447490
v 16.406523 -1.747720 -7.384510
v 16.406523 -1.779210 -7.384510
v 16.689936 -1.779210 -7.384510
v 16.689936 -1.747720 -7.384510
v 16.595465 -1.779210 -7.447490
v 16.721426 -1.779210 -7.447490
v 16.705681 -1.779210 -7.416000
v 16.595465 -1.779210 -7.416000
v 16.563974 -1.779210 -7.447490
v 16.563974 -1.779210 -7.416000
v 16.406523 -1.779210 -7.416000
v 16.406523 -1.779210 -7.447490
v 16.563974 -1.779210 -7.888357
v 16.406523 -1.747720 -7.888357
v 16.406523 -1.779210 -7.888357
v 16.721426 -1.747720 -7.888357
v 16.595465 -1.779210 -7.888357
v 16.721426 -1.779210 -7.888357
v 16.815897 -1.905172 -7.888357
v 16.595465 -1.968153 -7.888357
v 16.595465 -1.905172 -7.888357
v 16.626955 -1.968153 -7.888357
v 16.784407 -1.968153 -7.888357
v 16.406523 -1.779210 -7.951337
v 16.689936 -1.779210 -7.951337
v 16.406523 -1.779210 -7.951337
v 16.406523 -1.747720 -7.888357
v 16.406523 -1.747720 -7.951337
v 16.406523 -1.779210 -7.888357
v 16.721426 -1.779210 -7.888357
v 16.689936 -1.747720 -7.951337
v 16.721426 -1.747720 -7.888357
v 16.689936 -1.779210 -7.951337
v 16.626955 -1.968153 -7.636433
v 16.784407 -1.968153 -7.447490
v 16.626955 -1.968153 -7.447490
v 16.784407 -1.968153 -7.888357
v 16.626955 -1.968153 -7.699414
v 16.626955 -1.968153 -7.888357
v 16.406523 -1.968153 -7.888357
v 16.563974 -1.968153 -7.447490
v 16.406523 -1.968153 -7.447490
v 16.563974 -1.968153 -7.636433
v 16.563974 -1.968153 -7.699414
v 16.563974 -1.968153 -7.888357
v 16.595465 -1.968153 -7.447490
v 16.406523 -1.779210 -7.447490
v 16.406523 -1.747720 -7.384510
v 16.406523 -1.747720 -7.447490
v 16.406523 -1.779210 -7.384510
v 16.406523 -1.968153 -7.888357
v 16.406523 -1.905172 -7.730904
v 16.406523 -1.905172 -7.888357
v 16.406523 -1.905172 -7.604942
v 16.406523 -1.905172 -7.447490
v 16.406523 -1.968153 -7.447490
v 16.626955 -1.968153 -7.447490
v 16.595465 -1.905172 -7.447490
v 16.595465 -1.968153 -7.447490
v 16.815897 -1.905172 -7.447490
v 16.784407 -1.968153 -7.447490
v 16.721426 -1.747720 -7.447490
v 16.406523 -1.779210 -7.447490
v 16.406523 -1.747720 -7.447490
v 16.563974 -1.779210 -7.447490
v 16.595465 -1.779210 -7.447490
v 16.721426 -1.779210 -7.447490
v 16.815897 -1.905172 -7.888357
v 16.406523 -1.905172 -7.888357
v 16.595465 -1.905172 -7.447490
v 16.815897 -1.905172 -7.447490
v 16.563974 -1.905172 -7.447490
v 16.406523 -1.905172 -7.447490
v 16.784407 -1.968153 -7.447490
v 16.815897 -1.905172 -7.604942
v 16.815897 -1.905172 -7.447490
v 16.815897 -1.905172 -7.730904
v 16.815897 -1.905172 -7.888357
v 16.784407 -1.968153 -7.888357
v 16.689936 -1.779210 -7.384510
v 16.721426 -1.747720 -7.447490
v 16.689936 -1.747720 -7.384510
v 16.721426 -1.779210 -7.447490
v 16.689936 -1.779210 -7.384510
v 16.406523 -1.779210 -7.384510
v 16.815897 -1.905172 -7.604942
v 16.406523 -1.779210 -7.416000
v 16.406523 -1.905172 -7.604942
v 16.705681 -1.779210 -7.416000
vn -0.0000 1.0000 -0.0000
vn -0.4472 0.8944 -0.0000
vn -0.0000 -0.0000 -1.0000
vn -0.0000 -0.0000 1.0000
vn 0.4472 -0.8944 -0.0000
vn 0.9558 0.2941 -0.0000
vn -0.9558 -0.2941 -0.0000
vn -0.0000 -1.0000 -0.0000
vn -1.0000 -0.0000 -0.0000
vn 0.8944 -0.0000 -0.4472
vn 0.8944 -0.4472 -0.0000
vn 0.8944 -0.0000 0.4472
vt 26.656250 -7.437500
vt 26.687500 -7.437500
vt 26.656250 -7.468750
vt 26.656250 -9.406250
vt 26.921875 -9.671875
vt 26.656250 -9.825937
vt 26.171875 -9.937500
vt 25.906250 -9.671875
vt 26.171875 -9.234375
vt 26.171875 -8.500000
vt 26.171875 -9.203125
vt 25.906250 -8.765625
vt 26.203125 -8.468750
vt 26.437500 -8.234375
vt 26.558872 -8.468750
vt 26.890625 -9.328125
vt 26.437500 -10.203125
vt 25.421875 -9.406250
vt 25.250000 -10.093750
vt 24.458124 -9.674531
vt 24.984375 -9.140625
vt 24.687500 -7.437500
vt 25.413723 -7.437500
vt 25.421875 -7.468750
vt 24.984375 -7.734375
vt 24.453125 -7.203125
vt 25.234375 -6.750000
vt 26.187500 -7.437500
vt 25.960938 -7.437500
vt 26.125000 -6.781250
vt 26.187500 -6.814339
vt 15.843750 -6.796875
vt 15.781250 -6.796875
vt 15.781250 -6.359375
vt 15.843750 -6.359375
vt 15.781250 1.890625
vt 15.843750 1.859375
vt 15.968750 2.265625
vt 15.906250 2.296875
vt 15.968750 -6.359375
vt 15.906250 -6.359375
vt 15.906250 -6.796875
vt 15.968750 -6.796875
vt 7.578125 2.265625
vt 7.578125 1.859375
vt 7.140625 1.859375
vt 7.140625 2.265625
vt 7.140625 2.296875
vt 7.140625 1.890625
vt 7.578125 1.890625
vt 7.578125 2.296875
vt 26.890625 -9.109375
vt 25.953125 -9.406250
vt 26.390625 -9.140625
vt 26.140625 -10.125000
vt 25.953125 -7.468750
vt 26.390625 -7.734375
vt 26.921875 -7.203125
vt 16.281250 2.593750
vt 16.281250 2.656250
vt 16.125000 2.656250
vt 16.125000 2.593750
vt 15.687500 -6.671875
vt 15.531250 -6.671875
vt 15.531250 -6.703125
vt 15.687500 -6.703125
vt 15.718750 -6.671875
vt 15.718750 -6.703125
vt 15.828125 -6.703125
vt 15.843750 -6.671875
vt 16.281250 2.531250
vt 16.281250 2.562500
vt 16.000000 2.562500
vt 16.000000 2.531250
vt 15.812500 -6.734375
vt 15.531250 -6.734375
vt 15.921875 -6.515625
vt 15.921875 -6.640625
vt 15.906250 -6.640625
vt 15.906250 -6.515625
vt 15.953125 -6.515625
vt 16.312500 -6.515625
vt 16.312500 -6.640625
vt 15.953125 -6.640625
vt 16.125000 -6.609375
vt 16.093750 -6.609375
vt 16.093750 -6.484375
vt 16.125000 -6.484375
vt 16.031250 -6.234375
vt 16.031250 -6.171875
vt 16.312500 -6.171875
vt 16.343750 -6.234375
vt 16.218750 -6.234375
vt 16.328125 -6.203125
vt 16.218750 -6.203125
vt 16.187500 -6.234375
vt 16.187500 -6.203125
vt 16.031250 -6.203125
vt 16.156250 2.562500
vt 16.312500 2.531250
vt 16.187500 2.562500
vt 16.312500 2.562500
vt 16.531250 2.593750
vt 16.312500 2.656250
vt 16.312500 2.593750
vt 16.343750 2.656250
vt 16.500000 2.656250
vt 7.265625 2.562500
vt 7.203125 2.531250
vt 7.265625 2.531250
vt 7.203125 2.562500
vt 16.125000 -6.546875
vt 16.281250 -6.359375
vt 16.125000 -6.359375
vt 16.281250 -6.796875
vt 16.125000 -6.796875
vt 16.062500 -6.359375
vt 16.062500 -6.546875
vt 16.062500 -6.609375
vt 16.062500 -6.796875
vt 16.093750 -6.359375
vt 7.578125 2.656250
vt 7.421875 2.593750
vt 7.578125 2.593750
vt 7.296875 2.593750
vt 7.140625 2.593750
vt 7.140625 2.656250
vt 16.312500 -6.796875
vt 16.312500 -6.359375
s 0
usemtl material_37_76
f 3036/2232/512 3037/2233/512 3038/2234/512
f 3039/2235/512 3040/2236/512 3041/2237/512
f 3042/2238/512 3043/2239/512 3044/2240/512
f 3045/2241/512 3046/2242/512 3047/2243/512
f 3048/2244/512 3049/2245/512 3050/2246/512
f 3051/2247/512 3052/2248/512 3042/2238/512
f 3051/2247/512 3042/2238/512 3044/2240/512
f 3053/2249/512 3054/2250/512 3055/2251/512
f 3053/2249/512 3055/2251/512 3056/2252/512
f 3057/2253/512 3058/2254/512 3059/2255/512
f 3057/2253/512 3059/2255/512 3060/2256/512
f 3057/2253/512 3061/2257/512 3062/2258/512
f 3057/2253/512 3062/2258/512 3058/2254/512
f 3063/2259/512 3064/2260/512 3065/2261/512
f 3063/2259/512 3065/2261/512 3066/2262/512
f 3067/2263/513 3068/2264/513 3069/2265/513
f 3067/2263/513 3069/2265/513 3070/2266/513
f 3071/2267/514 3072/2268/514 3073/2269/514
f 3071/2267/514 3073/2269/514 3074/2270/514
f 3075/2268/515 3076/2267/515 3077/2270/515
f 3075/2268/515 3077/2270/515 3078/2269/515
f 3079/2271/516 3080/2272/516 3081/2273/516
f 3079/2271/516 3081/2273/516 3082/2274/516
s 1
f 3083/2275/517 3084/2276/517 3085/2277/517
f 3083/2275/517 3085/2277/517 3086/2278/517
f 3087/2279/518 3088/2280/518 3089/2281/518
f 3087/2279/518 3089/2281/518 3090/2282/518
s 0
f 3091/2283/512 3048/2244/512 3050/2246/512
f 3048/2244/512 3091/2283/512 3045/2241/512
f 3045/2241/512 3091/2283/512 3046/2242/512
f 3039/2235/512 3092/2284/512 3093/2285/512
f 3092/2284/512 3039/2235/512 3041/2237/512
f 3092/2284/512 3041/2237/512 3094/2286/512
f 3038/2234/512 3063/2259/512 3036/2232/512
f 3063/2259/512 3038/2234/512 3064/2260/512
f 3064/2260/512 3038/2234/512 3095/2287/512
f 3095/2287/512 3038/2234/512 3096/2288/512
f 3097/2289/512 3063/2259/512 3066/2262/512
f 3063/2259/512 3097/2289/512 3037/2233/512
f 3098/2290/514 3099/2291/514 3100/2292/514
f 3098/2290/514 3100/2292/514 3101/2293/514
f 3102/2294/519 3103/2295/519 3104/2296/519
f 3102/2294/519 3104/2296/519 3105/2297/519
f 3106/2298/519 3107/2299/519 3108/2300/519
f 3106/2298/519 3108/2300/519 3109/2301/519
f 3110/2302/514 3111/2303/514 3112/2304/514
f 3110/2302/514 3112/2304/514 3113/2305/514
f 3114/2301/512 3115/2306/512 3116/2307/512
f 3114/2301/512 3116/2307/512 3117/2295/512
f 3118/2290/515 3119/2293/515 3120/2292/515
f 3118/2290/515 3120/2292/515 3121/2291/515
f 3122/2308/512 3123/2309/512 3124/2310/512
f 3122/2308/512 3124/2310/512 3125/2311/512
f 3126/2312/512 3127/2313/512 3128/2314/512
f 3126/2312/512 3128/2314/512 3129/2315/512
f 3130/2316/513 3131/2317/513 3132/2318/513
f 3130/2316/513 3132/2318/513 3133/2319/513
f 3134/2320/512 3135/2321/512 3136/2322/512
f 3134/2320/512 3136/2322/512 3137/2323/512
f 3138/2305/515 3139/2304/515 3140/2303/515
f 3138/2305/515 3140/2303/515 3141/2302/515
f 3142/2324/519 3143/2323/519 3144/2325/519
f 3142/2324/519 3144/2325/519 3145/2326/519
f 3146/2327/519 3147/2328/519 3148/2329/519
f 3146/2327/519 3148/2329/519 3149/2320/519
f 3150/2330/515 3151/2305/515 3152/2304/515
f 3151/2305/515 3150/2330/515 3153/2331/515
f 3153/2331/515 3150/2330/515 3154/2332/515
f 3153/2331/515 3154/2332/515 3155/2333/515
f 3156/2334/514 3157/2335/514 3158/2336/514
f 3157/2335/514 3156/2334/514 3159/2337/514
f 3159/2337/514 3156/2334/514 3160/2338/514
f 3161/2307/519 3105/2297/519 3104/2296/519
f 3105/2297/519 3161/2307/519 3107/2299/519
f 3107/2299/519 3161/2307/519 3108/2300/519
f 3108/2300/519 3161/2307/519 3162/2306/519
f 3163/2339/520 3164/2340/520 3165/2341/520
f 3164/2340/520 3163/2339/520 3166/2342/520
f 3167/2342/521 3168/2341/521 3169/2340/521
f 3168/2341/521 3167/2342/521 3170/2339/521
f 3171/2343/519 3172/2344/519 3173/2345/519
f 3172/2344/519 3171/2343/519 3174/2346/519
f 3174/2346/519 3171/2343/519 3175/2316/519
f 3174/2346/519 3175/2316/519 3176/2347/519
f 3177/2273/519 3178/2348/519 3179/2272/519
f 3178/2348/519 3177/2273/519 3180/2349/519
f 3180/2349/519 3177/2273/519 3181/2350/519
f 3181/2350/519 3177/2273/519 3182/2351/519
f 3180/2349/519 3183/2352/519 3178/2348/519
f 3183/2352/519 3180/2349/519 3173/2345/519
f 3173/2345/519 3180/2349/519 3171/2343/519
f 3182/2351/519 3175/2316/519 3181/2350/519
f 3175/2316/519 3182/2351/519 3176/2347/519
f 3184/2339/520 3185/2340/520 3186/2341/520
f 3185/2340/520 3184/2339/520 3187/2342/520
f 3188/2353/520 3189/2354/520 3190/2355/520
f 3189/2354/520 3188/2353/520 3191/2356/520
f 3191/2356/520 3188/2353/520 3192/2357/520
f 3192/2357/520 3188/2353/520 3193/2358/520
f 3194/2337/515 3195/2336/515 3196/2335/515
f 3195/2336/515 3194/2337/515 3197/2334/515
f 3197/2334/515 3194/2337/515 3198/2338/515
f 3199/2331/514 3200/2304/514 3201/2305/514
f 3200/2304/514 3199/2331/514 3202/2330/514
f 3202/2330/514 3199/2331/514 3203/2332/514
f 3203/2332/514 3199/2331/514 3204/2333/514
f 3205/2359/512 3129/2315/512 3128/2314/512
f 3129/2315/512 3205/2359/512 3123/2309/512
f 3123/2309/512 3205/2359/512 3124/2310/512
f 3124/2310/512 3205/2359/512 3206/2273/512
f 3223/2313/512 3207/2352/512 3208/2360/512
f 3207/2352/512 3223/2313/512 3209/2348/512
f 3209/2348/512 3223/2313/512 3210/2272/512
f 3210/2272/512 3223/2313/512 3225/2311/512
f 3211/2358/522 3212/2356/522 3213/2357/522
f 3212/2356/522 3211/2358/522 3214/2354/522
f 3214/2354/522 3211/2358/522 3215/2355/522
f 3215/2355/522 3211/2358/522 3216/2353/522
f 3217/2342/523 3218/2341/523 3219/2340/523
f 3218/2341/523 3217/2342/523 3220/2339/523
f 3224/2329/519 3221/2322/519 3222/2321/519
f 3221/2322/519 3224/2329/519 3226/2325/519
o Object_81
v 27.176254 -5.652535 -8.848815
v 27.207745 -5.652535 -8.817325
v 27.176254 -5.652535 -8.817325
v 27.176254 -5.652535 -10.801223
v 27.176254 -5.652535 -11.224139
v 27.443922 -5.652535 -11.068892
v 27.176254 -5.652535 -10.801223
v 27.176254 -5.652535 -10.092688
v 26.908585 -5.652535 -10.533554
v 27.176254 -5.652535 -8.848815
v 26.908585 -5.652535 -9.116484
v 27.176254 -5.652535 -9.557350
v 27.566229 -5.652535 -8.817325
v 27.443922 -5.652535 -8.581146
v 27.207745 -5.652535 -8.817325
v 27.443922 -5.652535 -11.068892
v 27.900534 -5.652535 -10.187159
v 27.176254 -5.652535 -9.557350
v 27.176254 -5.164433 -9.557350
v 27.900534 -5.164433 -9.462879
v 27.900534 -5.652535 -9.462879
v 27.900534 -5.652535 -10.187159
v 27.900534 -5.164433 -10.187159
v 27.176254 -5.164433 -10.092688
v 27.176254 -5.652535 -10.092688
v 26.703897 0.755771 -9.825019
v 26.451973 0.755771 -10.265885
v 26.326012 0.755771 -10.045452
v 26.451973 0.755771 -9.825019
v 26.326012 0.755771 -9.604586
v 26.074089 0.755771 -9.604586
v 25.948128 0.755771 -9.384152
v 26.451973 0.755771 -9.384152
v 25.948128 0.755771 -9.825019
v 26.074089 0.755771 -10.045452
v 25.948128 0.755771 -10.265885
v 25.696203 0.755771 -9.825019
v 26.703897 1.637503 -9.825019
v 26.703897 1.133656 -9.825019
v 26.451973 1.133656 -10.265885
v 26.451973 1.637503 -10.265885
v 26.451973 1.637503 -10.265885
v 26.451973 1.133656 -10.265885
v 25.948128 1.133656 -10.265885
v 25.948128 1.637503 -10.265885
v 25.948128 1.637503 -9.384152
v 25.948128 1.133656 -9.384152
v 26.451973 1.133656 -9.384152
v 26.451973 1.637503 -9.384152
v 25.948128 1.637503 -10.265885
v 25.948128 1.133656 -10.265885
v 25.696203 1.133656 -9.825019
v 25.696203 1.637503 -9.825019
v 25.696203 1.637503 -9.825019
v 25.696203 1.133656 -9.825019
v 25.948128 1.133656 -9.384152
v 25.948128 1.637503 -9.384152
v 26.451973 1.637503 -9.384152
v 26.451973 1.133656 -9.384152
v 25.696203 0.755771 -9.825019
v 25.696203 0.125962 -9.825019
v 25.948128 -0.125962 -9.825019
v 25.948128 0.755771 -9.825019
v 26.451973 0.755771 -9.825019
v 26.451973 -0.125962 -9.825019
v 26.703897 0.125962 -9.825019
v 26.703897 0.755771 -9.825019
v 25.696203 0.125962 -9.825019
v 25.948128 0.125962 -10.265885
v 26.074089 -0.125962 -10.045452
v 25.948128 -0.125962 -9.825019
v 25.759184 -5.652535 -11.494013
v 25.759184 -5.164433 -11.494013
v 25.932381 -5.164433 -10.801223
v 25.932381 -5.652535 -10.801223
v 26.467720 -5.652535 -10.801223
v 26.467720 -5.164433 -10.801223
v 26.656662 -5.164433 -11.525503
v 26.656662 -5.652535 -11.525503
v 24.956179 -5.652535 -11.068892
v 25.759184 -5.652535 -11.494013
v 25.932381 -5.652535 -10.801223
v 25.491516 -5.652535 -10.533554
v 26.326012 0.755771 -10.045452
v 26.326012 -0.125962 -10.045452
v 26.451973 -0.125962 -9.825019
v 26.451973 0.755771 -9.825019
v 26.074089 0.755771 -10.045452
v 26.074089 -0.125962 -10.045452
v 25.948128 0.125962 -10.265885
v 25.948128 0.755771 -10.265885
v 25.948128 0.755771 -9.825019
v 25.948128 -0.125962 -9.825019
v 25.696203 0.125962 -9.825019
v 25.696203 0.755771 -9.825019
v 26.451973 0.755771 -10.265885
v 26.451973 0.125962 -10.265885
v 26.326012 -0.125962 -10.045452
v 26.326012 0.755771 -10.045452
v 26.703897 0.755771 -9.825019
v 26.703897 0.125962 -9.825019
v 26.451973 0.125962 -10.265885
v 26.451973 0.755771 -10.265885
v 26.451973 0.125962 -10.265885
v 26.703897 0.125962 -9.825019
v 26.451973 -0.125962 -9.825019
v 26.326012 -0.125962 -10.045452
v 26.451973 0.125962 -9.384152
v 25.948128 0.125962 -9.384152
v 26.074089 -0.125962 -9.604586
v 26.326012 -0.125962 -9.604586
v 25.924168 -5.652535 -8.817325
v 25.192356 -5.652535 -8.817325
v 25.491516 -5.652535 -9.116484
v 25.932381 -5.652535 -8.848815
v 25.924168 -5.652535 -8.817325
v 25.932381 -5.652535 -8.848815
v 25.932381 -5.164433 -8.848815
v 25.924168 -5.164433 -8.817325
v 26.475592 -5.652535 -8.817325
v 26.475592 -5.164433 -8.817325
v 26.467720 -5.164433 -8.848815
v 26.467720 -5.652535 -8.848815
v 25.192356 -5.652535 -8.817325
v 25.192356 -5.164433 -8.817325
v 25.491516 -5.164433 -9.116484
v 25.491516 -5.652535 -9.116484
v 25.948128 0.755771 -9.384152
v 26.451973 0.755771 -9.384152
v 26.326012 0.755771 -9.604586
v 26.074089 0.755771 -9.604586
v 26.074089 0.755771 -9.604586
v 26.074089 -0.125962 -9.604586
v 25.948128 0.125962 -9.384152
v 25.948128 0.755771 -9.384152
v 26.451973 0.755771 -9.384152
v 26.451973 0.125962 -9.384152
v 26.326012 -0.125962 -9.604586
v 26.326012 0.755771 -9.604586
v 26.640917 -5.652535 -8.156025
v 26.640917 -5.164433 -8.156025
v 25.743439 -5.652535 -8.124535
v 24.956179 -5.652535 -8.581146
v 25.743439 -5.164433 -8.124535
v 25.743439 -5.652535 -8.124535
v 24.956179 -5.652535 -8.581146
v 24.956179 -5.164433 -8.581146
v 26.703897 -5.652535 -8.817325
v 26.703897 -5.652535 -8.189368
v 26.640917 -5.652535 -8.156025
v 26.475592 -5.652535 -8.817325
v 26.703897 1.637503 -9.825019
v 25.948128 1.637503 -9.384152
v 26.451973 1.637503 -9.384152
v 25.696203 1.637503 -9.825019
v 26.451973 1.637503 -10.265885
v 25.948128 1.637503 -10.265885
v 27.900534 -5.652535 -9.462879
v 25.696203 1.133656 -9.825019
v 26.451973 1.133656 -9.384152
v 25.948128 1.133656 -9.384152
v 26.703897 1.133656 -9.825019
v 25.948128 1.133656 -10.265885
v 26.451973 1.133656 -10.265885
v 26.467720 -5.652535 -10.801223
v 26.908585 -5.652535 -10.533554
v 26.656662 -5.652535 -11.525503
v 26.467720 -5.652535 -8.848815
v 26.908585 -5.652535 -9.116484
v 27.443922 -5.652535 -8.581146
v 17.162292 -0.566828 -12.218292
v 16.910370 -0.566828 -12.218292
v 16.910370 -0.566828 -11.210598
v 17.162292 -0.566828 -11.210598
v 17.162292 -0.566828 -12.218292
v 17.162292 -0.566828 -11.210598
v 17.162292 -0.692790 -11.210598
v 17.162292 -0.692790 -12.218292
v 34.513527 1.511541 -7.620687
v 34.513527 1.259618 -7.620687
v 34.513527 1.259618 -10.816968
v 34.513527 1.511541 -10.816968
v 33.537323 1.511541 -5.290395
v 33.537323 1.259618 -5.290395
v 32.025784 1.259618 -6.801936
v 32.025784 1.511541 -6.801936
v 30.262318 1.259618 -2.015388
v 33.005627 1.511541 -4.758696
v 30.262318 1.511541 -2.015388
v 33.005627 1.259618 -4.758696
v 15.115414 -2.267312 -5.857223
v 15.115414 -2.267312 -5.731261
v 13.918777 -2.267312 -5.731261
v 13.918777 -2.267312 -5.857223
v 15.115414 -0.566828 -5.731261
v 15.115414 -0.566828 -5.857223
v 13.918777 -0.566828 -5.857223
v 13.918777 -0.566828 -5.731261
v 15.115414 -0.566828 -5.731261
v 15.115414 -2.267312 -5.731261
v 15.115414 -2.267312 -5.857223
v 15.115414 -0.566828 -5.857223
v 13.918777 -0.566828 -5.857223
v 13.918777 -2.267312 -5.857223
v 13.918777 -2.267312 -5.731261
v 13.918777 -0.566828 -5.731261
v 15.115414 -0.566828 -5.857223
v 14.989452 -0.692790 -5.857223
v 14.044739 -0.692790 -5.857223
v 13.918777 -0.566828 -5.857223
v 14.044739 -1.511541 -5.857223
v 14.863490 -1.511541 -5.857223
v 14.863490 -1.574522 -5.857223
v 14.044739 -1.574522 -5.857223
v 13.918777 -2.267312 -5.857223
v 14.044739 -2.141350 -5.857223
v 14.989452 -2.141350 -5.857223
v 15.115414 -2.267312 -5.857223
v 13.918777 -0.566828 -5.731261
v 14.044739 -0.692790 -5.731261
v 14.989452 -0.692790 -5.731261
v 15.115414 -0.566828 -5.731261
v 14.863490 -1.511541 -5.731261
v 14.044739 -1.511541 -5.731261
v 14.044739 -1.574522 -5.731261
v 14.863490 -1.574522 -5.731261
v 15.115414 -2.267312 -5.731261
v 14.989452 -2.141350 -5.731261
v 14.044739 -2.141350 -5.731261
v 13.918777 -2.267312 -5.731261
v 14.863490 -1.511541 -5.731261
v 14.863490 -1.511541 -5.857223
v 14.044739 -1.511541 -5.857223
v 14.044739 -1.511541 -5.731261
v 14.044739 -0.692790 -5.731261
v 14.044739 -1.511541 -5.731261
v 14.044739 -1.511541 -5.857223
v 14.044739 -0.692790 -5.857223
v 14.989452 -0.692790 -5.857223
v 14.989452 -1.259618 -5.857223
v 14.989452 -1.259618 -5.731261
v 14.989452 -0.692790 -5.731261
v 14.989452 -0.692790 -5.857223
v 14.989452 -0.692790 -5.731261
v 14.044739 -0.692790 -5.731261
v 14.044739 -0.692790 -5.857223
v 14.863490 -1.385580 -5.857223
v 14.863490 -1.511541 -5.857223
v 14.863490 -1.511541 -5.731261
v 14.863490 -1.385580 -5.731261
v 14.989452 -1.259618 -5.731261
v 14.989452 -1.259618 -5.857223
v 14.863490 -1.385580 -5.857223
v 14.863490 -1.385580 -5.731261
v 14.044739 -1.574522 -5.731261
v 14.044739 -2.141350 -5.731261
v 14.044739 -2.141350 -5.857223
v 14.044739 -1.574522 -5.857223
v 14.989452 -1.826446 -5.857223
v 14.989452 -2.141350 -5.857223
v 14.989452 -2.141350 -5.731261
v 14.989452 -1.826446 -5.731261
v 14.989452 -2.141350 -5.731261
v 14.989452 -2.141350 -5.857223
v 14.044739 -2.141350 -5.857223
v 14.044739 -2.141350 -5.731261
v 14.863490 -1.574522 -5.857223
v 14.863490 -1.700484 -5.857223
v 14.863490 -1.700484 -5.731261
v 14.863490 -1.574522 -5.731261
v 14.863490 -1.700484 -5.731261
v 14.863490 -1.700484 -5.857223
v 14.989452 -1.826446 -5.857223
v 14.989452 -1.826446 -5.731261
v 14.863490 -1.574522 -5.857223
v 14.863490 -1.574522 -5.731261
v 14.044739 -1.574522 -5.731261
v 14.044739 -1.574522 -5.857223
v 14.044739 -0.692790 -5.857223
v 13.918777 -2.267312 -5.857223
v 13.918777 -0.566828 -5.857223
v 14.044739 -2.141350 -5.857223
v 14.989452 -1.259618 -5.857223
v 14.863490 -1.511541 -5.857223
v 14.863490 -1.385580 -5.857223
v 14.863490 -1.574522 -5.857223
v 14.863490 -1.700484 -5.857223
v 14.989452 -1.826446 -5.857223
v 15.115414 -0.566828 -5.857223
v 14.989452 -1.259618 -5.857223
v 14.989452 -0.692790 -5.857223
v 14.989452 -1.826446 -5.857223
v 14.989452 -2.141350 -5.857223
v 15.115414 -2.267312 -5.857223
v 14.044739 -2.141350 -5.731261
v 13.918777 -0.566828 -5.731261
v 13.918777 -2.267312 -5.731261
v 14.044739 -0.692790 -5.731261
v 14.989452 -1.826446 -5.731261
v 14.863490 -1.574522 -5.731261
v 14.863490 -1.700484 -5.731261
v 14.863490 -1.511541 -5.731261
v 14.863490 -1.385580 -5.731261
v 14.989452 -1.259618 -5.731261
v 15.115414 -2.267312 -5.731261
v 14.989452 -1.826446 -5.731261
v 14.989452 -2.141350 -5.731261
v 14.989452 -1.259618 -5.731261
v 14.989452 -0.692790 -5.731261
v 15.115414 -0.566828 -5.731261
v 15.115414 -2.267312 -13.288968
v 15.115414 -2.267312 -13.163006
v 13.918777 -2.267312 -13.163006
v 13.918777 -2.267312 -13.288968
v 15.115414 -0.566828 -13.163006
v 15.115414 -0.566828 -13.288968
v 13.918777 -0.566828 -13.288968
v 13.918777 -0.566828 -13.163006
v 15.115414 -0.566828 -13.163006
v 15.115414 -2.267312 -13.163006
v 15.115414 -2.267312 -13.288968
v 15.115414 -0.566828 -13.288968
v 13.918777 -0.566828 -13.288968
v 13.918777 -2.267312 -13.288968
v 13.918777 -2.267312 -13.163006
v 13.918777 -0.566828 -13.163006
v 15.115414 -0.566828 -13.288968
v 14.989452 -0.692790 -13.288968
v 14.044739 -0.692790 -13.288968
v 13.918777 -0.566828 -13.288968
v 14.044739 -1.511541 -13.288968
v 14.863490 -1.511541 -13.288968
v 14.863490 -1.574522 -13.288968
v 14.044739 -1.574522 -13.288968
v 13.918777 -2.267312 -13.288968
v 14.044739 -2.141350 -13.288968
v 14.989452 -2.141350 -13.288968
v 15.115414 -2.267312 -13.288968
v 13.918777 -0.566828 -13.163006
v 14.044739 -0.692790 -13.163006
v 14.989452 -0.692790 -13.163006
v 15.115414 -0.566828 -13.163006
v 14.863490 -1.511541 -13.163006
v 14.044739 -1.511541 -13.163006
v 14.044739 -1.574522 -13.163006
v 14.863490 -1.574522 -13.163006
v 15.115414 -2.267312 -13.163006
v 14.989452 -2.141350 -13.163006
v 14.044739 -2.141350 -13.163006
v 13.918777 -2.267312 -13.163006
v 14.863490 -1.511541 -13.163006
v 14.863490 -1.511541 -13.288968
v 14.044739 -1.511541 -13.288968
v 14.044739 -1.511541 -13.163006
v 14.044739 -0.692790 -13.163006
v 14.044739 -1.511541 -13.163006
v 14.044739 -1.511541 -13.288968
v 14.044739 -0.692790 -13.288968
v 14.989452 -0.692790 -13.288968
v 14.989452 -1.259618 -13.288968
v 14.989452 -1.259618 -13.163006
v 14.989452 -0.692790 -13.163006
v 14.989452 -0.692790 -13.288968
v 14.989452 -0.692790 -13.163006
v 14.044739 -0.692790 -13.163006
v 14.044739 -0.692790 -13.288968
v 14.863490 -1.385580 -13.288968
v 14.863490 -1.511541 -13.288968
v 14.863490 -1.511541 -13.163006
v 14.863490 -1.385580 -13.163006
v 14.989452 -1.259618 -13.163006
v 14.989452 -1.259618 -13.288968
v 14.863490 -1.385580 -13.288968
v 14.863490 -1.385580 -13.163006
v 14.044739 -1.574522 -13.163006
v 14.044739 -2.141350 -13.163006
v 14.044739 -2.141350 -13.288968
v 14.044739 -1.574522 -13.288968
v 14.989452 -1.826446 -13.288968
v 14.989452 -2.141350 -13.288968
v 14.989452 -2.141350 -13.163006
v 14.989452 -1.826446 -13.163006
v 14.989452 -2.141350 -13.163006
v 14.989452 -2.141350 -13.288968
v 14.044739 -2.141350 -13.288968
v 14.044739 -2.141350 -13.163006
v 14.863490 -1.574522 -13.288968
v 14.863490 -1.700484 -13.288968
v 14.863490 -1.700484 -13.163006
v 14.863490 -1.574522 -13.163006
v 14.863490 -1.700484 -13.163006
v 14.863490 -1.700484 -13.288968
v 14.989452 -1.826446 -13.288968
v 14.989452 -1.826446 -13.163006
v 14.863490 -1.574522 -13.288968
v 14.863490 -1.574522 -13.163006
v 14.044739 -1.574522 -13.163006
v 14.044739 -1.574522 -13.288968
v 14.044739 -0.692790 -13.288968
v 13.918777 -2.267312 -13.288968
v 13.918777 -0.566828 -13.288968
v 14.044739 -2.141350 -13.288968
v 14.989452 -1.259618 -13.288968
v 14.863490 -1.511541 -13.288968
v 14.863490 -1.385580 -13.288968
v 14.863490 -1.574522 -13.288968
v 14.863490 -1.700484 -13.288968
v 14.989452 -1.826446 -13.288968
v 15.115414 -0.566828 -13.288968
v 14.989452 -1.259618 -13.288968
v 14.989452 -0.692790 -13.288968
v 14.989452 -1.826446 -13.288968
v 14.989452 -2.141350 -13.288968
v 15.115414 -2.267312 -13.288968
v 14.044739 -2.141350 -13.163006
v 13.918777 -0.566828 -13.163006
v 13.918777 -2.267312 -13.163006
v 14.044739 -0.692790 -13.163006
v 14.989452 -1.826446 -13.163006
v 14.863490 -1.574522 -13.163006
v 14.863490 -1.700484 -13.163006
v 14.863490 -1.511541 -13.163006
v 14.863490 -1.385580 -13.163006
v 14.989452 -1.259618 -13.163006
v 15.115414 -2.267312 -13.163006
v 14.989452 -1.826446 -13.163006
v 14.989452 -2.141350 -13.163006
v 14.989452 -1.259618 -13.163006
v 14.989452 -0.692790 -13.163006
v 15.115414 -0.566828 -13.163006
v 26.326012 -0.125962 -9.604586
v 26.074089 -0.125962 -9.604586
v 26.074089 -0.125962 -10.045452
v 25.948128 0.125962 -10.265885
v 26.703897 1.637503 -9.825019
v 25.948128 0.755771 -10.265885
v 26.074089 0.755771 -10.045452
v 30.262318 1.259618 -2.015388
v 26.703897 1.133656 -9.825019
v 33.537323 1.511541 -5.290395
v 33.537323 1.259618 -5.290395
v 33.537323 1.259618 -5.290395
vn -0.0000 -1.0000 -0.0000
vn 0.1293 -0.0000 -0.9916
vn 0.1293 -0.0000 0.9916
vn -0.0000 1.0000 -0.0000
vn 0.8682 -0.0000 -0.4961
vn -0.0000 -0.0000 -1.0000
vn -0.0000 -0.0000 1.0000
vn -0.8682 -0.0000 -0.4961
vn -0.8682 -0.0000 0.4961
vn 0.8682 -0.0000 0.4961
vn -0.8513 -0.1964 -0.4865
vn -0.8427 -0.2408 -0.4815
vn -0.6556 -0.6556 -0.3746
vn 0.9701 -0.0000 -0.2425
vn -0.9676 -0.0000 -0.2524
vn -0.8428 -0.2405 -0.4816
vn -0.8514 -0.1962 -0.4865
vn 0.8428 -0.2405 -0.4816
vn 0.8514 -0.1962 -0.4865
vn 0.8513 -0.1964 -0.4865
vn 0.8427 -0.2408 -0.4815
vn 0.6556 -0.6556 -0.3746
vn -0.0000 -0.1982 0.9802
vn -0.0000 -0.2425 0.9701
vn -0.0000 -0.6585 0.7526
vn 0.9676 -0.0000 0.2524
vn -0.9701 -0.0000 0.2425
vn -0.7071 -0.0000 -0.7071
vn 1.0000 -0.0000 -0.0000
vn 0.7071 -0.0000 -0.7071
vn 0.7071 -0.0000 0.7071
vn -1.0000 -0.0000 -0.0000
vn -0.9839 0.1786 -0.0000
vn -0.8944 0.4472 -0.0000
vn -0.9839 0.1789 -0.0000
vn -0.8943 0.4475 -0.0000
vn -0.9616 -0.2744 -0.0000
vn -0.8944 -0.4472 -0.0000
vn -0.8943 -0.4475 -0.0000
vn -0.9615 -0.2747 -0.0000
vt 13.187500 -2.468750
vt 13.203125 -2.453125
vt 13.187500 -2.453125
vt 13.187500 -3.437500
vt 13.187500 -3.647344
vt 13.320313 -3.570313
vt 12.945313 -3.703125
vt 12.945313 -3.351563
vt 12.812500 -3.570313
vt 12.945313 -3.484375
vt 12.812500 -3.617188
vt 12.945313 -3.835938
vt 13.138811 -3.468750
vt 13.078125 -3.351563
vt 12.960938 -3.468750
vt 13.078125 -3.835938
vt 13.304688 -3.398438
vt 13.351563 3.179688
vt 13.351563 2.937500
vt 13.710938 2.937500
vt 13.710938 3.179688
vt 13.953125 -3.953125
vt 13.828125 -4.171875
vt 13.765625 -4.062500
vt 13.828125 -3.953125
vt 13.765625 -3.390625
vt 13.640625 -3.390625
vt 13.578125 -3.281250
vt 13.828125 -3.281250
vt 13.578125 -3.500000
vt 13.640625 -3.609375
vt 13.578125 -3.718750
vt 13.453125 -3.500000
vt 4.953125 0.562500
vt 4.953125 0.812500
vt 5.171875 0.812500
vt 5.171875 0.562500
vt 13.828125 0.562500
vt 13.828125 0.812500
vt 13.578125 0.812500
vt 13.578125 0.562500
vt 5.796875 0.562500
vt 5.796875 0.812500
vt 5.578125 0.812500
vt 5.578125 0.562500
vt 4.734375 0.812500
vt 4.734375 0.562500
vt 13.453125 1.000000
vt 13.453125 1.312500
vt 13.578125 1.437500
vt 13.578125 1.000000
vt 13.828125 1.000000
vt 13.828125 1.437500
vt 13.953125 1.312500
vt 13.953125 1.000000
vt 5.406250 3.179688
vt 5.406250 2.937500
vt 5.062500 2.937500
vt 5.062500 3.179688
vt 5.421875 2.937500
vt 5.421875 3.179688
vt 12.085938 -3.570313
vt 12.484375 -3.781250
vt 12.570313 -3.437500
vt 12.351563 -3.304688
vt 5.062500 1.000000
vt 5.062500 1.437500
vt 4.953125 1.437500
vt 4.953125 1.000000
vt 5.687500 1.000000
vt 5.687500 1.437500
vt 5.796875 1.312500
vt 5.796875 1.000000
vt 5.578125 1.000000
vt 5.578125 1.437500
vt 5.578125 1.312500
vt 4.953125 1.312500
vt 5.171875 1.312500
vt 5.171875 1.000000
vt 13.203125 -3.718750
vt 13.328125 -3.500000
vt 13.203125 -3.500000
vt 13.140625 -3.609375
vt 13.828125 1.312500
vt 13.578125 1.312500
vt 13.640625 1.437500
vt 13.765625 1.437500
vt 12.566236 -2.453125
vt 12.203125 -2.453125
vt 12.351563 -2.601563
vt 12.570313 -2.468750
vt 4.078125 3.179688
vt 4.093750 3.179688
vt 4.093750 2.937500
vt 4.078125 2.937500
vt 4.226563 2.937500
vt 4.226563 3.179688
vt 13.765625 1.000000
vt 13.640625 1.000000
vt 5.468750 1.000000
vt 5.468750 1.437500
vt 5.359375 1.312500
vt 5.359375 1.000000
vt 3.750000 3.179688
vt 3.750000 2.937500
vt 12.476563 -2.109375
vt 12.085938 -2.335938
vt 3.734375 2.937500
vt 3.734375 3.179688
vt 3.960938 3.179688
vt 3.960938 2.937500
vt 12.953125 -2.453125
vt 12.953125 -2.141544
vt 12.921875 -2.125000
vt 12.839844 -2.453125
vt 13.578125 -3.734375
vt 13.828125 -3.734375
vt 13.453125 -3.953125
vt 13.578125 -4.171875
vt 13.304688 -3.789063
vt 12.835938 -3.437500
vt 13.054688 -3.304688
vt 12.929688 -3.796875
vt 12.835938 -2.468750
vt 13.054688 -2.601563
vt 13.320313 -2.335938
vt 8.515625 -5.062500
vt 8.390625 -5.062500
vt 8.390625 -4.562500
vt 8.515625 -4.562500
vt 6.031250 1.562500
vt 5.531250 1.562500
vt 5.531250 1.625000
vt 6.031250 1.625000
vt 0.585938 3.278646
vt 0.502604 3.278646
vt 0.502604 4.335938
vt 0.585938 4.335938
vt 0.085938 3.507813
vt 0.002604 3.507813
vt 0.002604 4.007813
vt 0.085938 4.007813
vt 0.002604 2.424479
vt 0.085938 3.331933
vt 0.085938 2.424479
vt 0.002604 3.331933
vt 9.234375 -2.609375
vt 9.234375 -2.531250
vt 8.492188 -2.531250
vt 8.492188 -2.609375
vt -9.304688 4.484375
vt -9.304688 4.562500
vt -8.562500 4.562500
vt -8.562500 4.484375
vt 0.085938 4.375000
vt -0.968750 4.375000
vt -0.968750 4.453125
vt 0.085938 4.453125
vt -0.250000 4.414063
vt -1.304688 4.414063
vt -1.304688 4.335938
vt -0.250000 4.335938
vt -9.257813 0.750000
vt -9.179688 0.671875
vt -8.593750 0.671875
vt -8.515625 0.750000
vt 6.664063 1.601563
vt 7.070313 1.601563
vt 7.070313 1.632813
vt 6.664063 1.632813
vt 8.445313 2.257813
vt 8.523438 2.179688
vt 9.109375 2.179688
vt 9.187500 2.257813
vt 2.757813 8.179688
vt 2.820313 8.179688
vt 2.820313 7.773438
vt 2.757813 7.773438
vt -0.328125 4.335938
vt -0.835938 4.335938
vt -0.835938 4.414063
vt -0.328125 4.414063
vt 0.007813 4.453125
vt -0.343750 4.453125
vt -0.343750 4.375000
vt 0.007813 4.375000
vt -9.226563 4.562500
vt -9.226563 4.484375
vt -8.640625 4.484375
vt -8.640625 4.562500
vt -0.726563 3.687500
vt -0.789063 3.687500
vt -0.789063 3.625000
vt -0.726563 3.625000
vt 2.585938 8.218750
vt 2.648438 8.218750
vt 2.648438 8.156250
vt 2.585938 8.156250
vt -0.875000 4.335938
vt -1.226563 4.335938
vt -1.226563 4.414063
vt -0.875000 4.414063
vt -0.695313 4.453125
vt -0.890625 4.453125
vt -0.890625 4.375000
vt -0.695313 4.375000
vt 3.265625 10.148438
vt 3.343750 10.148438
vt 3.343750 9.562500
vt 3.265625 9.562500
vt -0.820313 3.687500
vt -0.882813 3.687500
vt -0.882813 3.625000
vt -0.820313 3.625000
vt 2.804688 8.156250
vt 2.867188 8.156250
vt 2.867188 8.218750
vt 2.804688 8.218750
vt -0.304688 9.546875
vt -1.281250 9.468750
vt -0.226563 9.468750
vt -1.203125 9.546875
vt 0.453125 -6.257813
vt 0.578125 -6.195313
vt 0.515625 -6.195313
vt 0.609375 -6.195313
vt 0.671875 -6.195313
vt 0.734375 -6.257813
vt -0.054688 -8.203125
vt 0.375000 -8.125000
vt 0.023438 -8.125000
vt 0.726563 -8.125000
vt 0.921875 -8.125000
vt 1.000000 -8.203125
vt -1.226563 9.546875
vt -0.250000 9.468750
vt -1.304688 9.468750
vt -0.328125 9.546875
vt -0.945313 8.375000
vt -0.820313 8.312500
vt -0.882813 8.312500
vt -0.789063 8.312500
vt -0.726563 8.312500
vt -0.664063 8.375000
vt -1.304688 10.210938
vt -1.031250 10.132813
vt -1.226563 10.132813
vt -0.679688 10.132813
vt -0.328125 10.132813
vt -0.250000 10.210938
vt 9.234375 -7.109375
vt 9.234375 -7.031250
vt 8.492188 -7.031250
vt 8.492188 -7.109375
vt -9.304688 8.984375
vt -9.304688 9.062500
vt -8.562500 9.062500
vt -8.562500 8.984375
vt 0.085938 9.125000
vt -0.968750 9.125000
vt -0.968750 9.203125
vt 0.085938 9.203125
vt 6.625000 1.375000
vt 6.625000 2.218750
vt 6.562500 2.218750
vt 6.562500 1.375000
vt 7.000000 1.843750
vt 7.406250 1.843750
vt 7.406250 1.875000
vt 7.000000 1.875000
vt 7.406250 -5.437500
vt 7.406250 -5.500000
vt 7.000000 -5.500000
vt 7.000000 -5.437500
vt 6.562500 1.437500
vt 6.562500 1.843750
vt 6.625000 1.843750
vt 6.625000 1.437500
vt 0.007813 9.203125
vt -0.343750 9.203125
vt -0.343750 9.125000
vt 0.007813 9.125000
vt -9.226563 9.062500
vt -9.226563 8.984375
vt -8.640625 8.984375
vt -8.640625 9.062500
vt -0.726563 7.437500
vt -0.789063 7.437500
vt -0.789063 7.375000
vt -0.726563 7.375000
vt 6.273438 8.281250
vt 6.335938 8.281250
vt 6.335938 8.218750
vt 6.273438 8.218750
vt 6.562500 1.875000
vt 6.562500 2.156250
vt 6.625000 2.156250
vt 6.625000 1.875000
vt -0.695313 9.203125
vt -0.890625 9.203125
vt -0.890625 9.125000
vt -0.695313 9.125000
vt 7.765625 10.148438
vt 7.843750 10.148438
vt 7.843750 9.562500
vt 7.765625 9.562500
vt -0.820313 7.437500
vt -0.882813 7.437500
vt -0.882813 7.375000
vt -0.820313 7.375000
vt 6.492188 8.218750
vt 6.554688 8.218750
vt 6.554688 8.281250
vt 6.492188 8.281250
vt 7.000000 1.437500
vt 6.937500 2.218750
vt 6.937500 1.375000
vt 7.000000 2.156250
s 0
usemtl material_37_77
f 3227/2361/524 3228/2362/524 3229/2363/524
f 3230/2364/524 3231/2365/524 3232/2366/524
f 3233/2367/524 3234/2368/524 3235/2369/524
f 3236/2370/524 3237/2371/524 3238/2372/524
f 3239/2373/524 3240/2374/524 3241/2375/524
f 3233/2367/524 3242/2376/524 3243/2377/524
f 3233/2367/524 3243/2377/524 3234/2368/524
f 3244/2378/525 3245/2379/525 3246/2380/525
f 3244/2378/525 3246/2380/525 3247/2381/525
f 3248/2381/526 3249/2380/526 3250/2379/526
f 3248/2381/526 3250/2379/526 3251/2378/526
f 3252/2382/527 3253/2383/527 3254/2384/527
f 3252/2382/527 3254/2384/527 3255/2385/527
f 3256/2386/527 3257/2387/527 3258/2388/527
f 3256/2386/527 3258/2388/527 3259/2389/527
f 3260/2390/527 3261/2391/527 3262/2392/527
f 3260/2390/527 3262/2392/527 3263/2393/527
s 1
f 3264/2394/528 3265/2395/528 3266/2396/528
f 3264/2394/528 3266/2396/528 3267/2397/528
s 0
f 3268/2398/529 3269/2399/529 3270/2400/529
f 3268/2398/529 3270/2400/529 3271/2401/529
f 3272/2401/530 3273/2400/530 3274/2399/530
f 3272/2401/530 3274/2399/530 3275/2398/530
s 1
f 3276/2402/531 3277/2403/531 3278/2404/531
f 3276/2402/531 3278/2404/531 3279/2405/531
f 3280/2394/532 3281/2395/532 3282/2406/532
f 3280/2394/532 3282/2406/532 3283/2407/532
f 3284/2407/533 3285/2406/533 3665/2395/533
f 3284/2407/533 3665/2395/533 3661/2394/533
s 0
f 3286/2408/530 3287/2409/530 3288/2410/530
f 3286/2408/530 3288/2410/530 3289/2411/530
f 3290/2412/530 3291/2413/530 3292/2414/530
f 3290/2412/530 3292/2414/530 3293/2415/530
s 1
f 3294/2393/534 3295/2392/535 3296/2391/536
f 3294/2393/534 3296/2391/536 3297/2390/536
s 0
f 3298/2416/537 3299/2417/537 3300/2418/537
f 3298/2416/537 3300/2418/537 3301/2419/537
f 3302/2419/538 3303/2418/538 3304/2420/538
f 3302/2419/538 3304/2420/538 3305/2421/538
f 3306/2422/524 3307/2423/524 3308/2424/524
f 3306/2422/524 3308/2424/524 3309/2425/524
f 3310/2426/532 3311/2427/532 3312/2428/532
f 3310/2426/532 3312/2428/532 3313/2429/532
f 3314/2430/528 3315/2431/528 3660/2432/528
f 3314/2430/528 3660/2432/528 3317/2433/528
f 3318/2434/533 3319/2435/533 3659/2431/533
f 3318/2434/533 3659/2431/533 3663/2430/533
s 1
f 3662/2433/531 3316/2432/539 3320/2436/540
f 3662/2433/531 3320/2436/540 3321/2434/531
s 0
f 3322/2433/531 3323/2432/531 3324/2431/531
f 3322/2433/531 3324/2431/531 3325/2430/531
s 1
f 3326/2429/528 3327/2437/541 3328/2438/542
f 3326/2429/528 3328/2438/542 3329/2439/528
f 3330/2440/543 3331/2441/544 3332/2442/545
f 3330/2440/543 3332/2442/545 3333/2443/545
f 3334/2444/546 3335/2445/547 3336/2446/548
f 3334/2444/546 3336/2446/548 3337/2447/548
s 0
f 3338/2448/524 3339/2449/524 3340/2450/524
f 3338/2448/524 3340/2450/524 3341/2451/524
f 3342/2452/549 3343/2453/549 3344/2454/549
f 3342/2452/549 3344/2454/549 3345/2455/549
f 3346/2452/550 3347/2455/550 3348/2454/550
f 3346/2452/550 3348/2454/550 3349/2453/550
f 3350/2452/551 3351/2455/551 3352/2456/551
f 3350/2452/551 3352/2456/551 3353/2457/551
s 1
f 3354/2411/530 3335/2445/547 3334/2444/546
f 3354/2411/530 3334/2444/546 3355/2412/530
s 0
f 3356/2458/529 3657/2447/529 3658/2446/529
f 3356/2458/529 3658/2446/529 3357/2459/529
f 3358/2460/531 3359/2461/531 3360/2462/531
f 3358/2460/531 3360/2462/531 3361/2463/531
f 3362/2463/528 3363/2462/528 3364/2461/528
f 3362/2463/528 3364/2461/528 3365/2460/528
s 1
f 3346/2452/550 3366/2464/550 3367/2465/550
f 3346/2452/550 3367/2465/550 3347/2455/550
s 0
f 3338/2448/524 3368/2466/524 3369/2467/524
f 3338/2448/524 3369/2467/524 3339/2449/524
f 3342/2452/549 3345/2455/549 3370/2468/549
f 3342/2452/549 3370/2468/549 3371/2469/549
f 3350/2452/551 3372/2470/551 3373/2471/551
f 3350/2452/551 3373/2471/551 3351/2455/551
f 3374/2472/524 3375/2473/524 3376/2474/524
f 3374/2472/524 3376/2474/524 3377/2475/524
f 3378/2382/527 3379/2476/527 3380/2477/527
f 3379/2476/527 3378/2382/527 3381/2478/527
f 3381/2478/527 3378/2382/527 3382/2383/527
f 3381/2478/527 3382/2383/527 3383/2479/527
f 3236/2370/524 3239/2373/524 3241/2375/524
f 3239/2373/524 3236/2370/524 3384/2480/524
f 3384/2480/524 3236/2370/524 3238/2372/524
f 3385/2478/524 3386/2477/524 3387/2476/524
f 3386/2477/524 3385/2478/524 3388/2382/524
f 3388/2382/524 3385/2478/524 3389/2479/524
f 3388/2382/524 3389/2479/524 3390/2383/524
f 3391/2481/524 3230/2364/524 3392/2482/524
f 3230/2364/524 3391/2481/524 3393/2483/524
f 3230/2364/524 3393/2483/524 3231/2365/524
f 3394/2484/524 3374/2472/524 3377/2475/524
f 3374/2472/524 3394/2484/524 3229/2363/524
f 3229/2363/524 3394/2484/524 3227/2361/524
f 3227/2361/524 3394/2484/524 3395/2485/524
f 3374/2472/524 3396/2486/524 3375/2473/524
f 3396/2486/524 3374/2472/524 3228/2362/524
f 3397/2487/527 3398/2488/527 3399/2489/527
f 3397/2487/527 3399/2489/527 3400/2490/527
f 3401/2491/552 3402/2492/552 3403/2493/552
f 3401/2491/552 3403/2493/552 3404/2494/552
f 3405/2495/552 3406/2496/552 3407/2497/552
f 3405/2495/552 3407/2497/552 3408/2498/552
f 3409/2499/553 3410/2500/553 3411/2501/553
f 3409/2499/553 3411/2501/553 3412/2502/553
s 1
f 3413/2503/554 3414/2504/554 3415/2505/554
s 0
f 3414/2504/554 3413/2503/554 3666/2499/554
s 1
f 3666/2499/554 3413/2503/554 3667/2500/554
s 0
f 3668/2500/527 3664/2503/527 3416/2506/527
f 3417/2507/524 3418/2508/524 3419/2509/524
f 3417/2507/524 3419/2509/524 3420/2510/524
f 3421/2511/527 3422/2512/527 3423/2513/527
f 3421/2511/527 3423/2513/527 3424/2514/527
f 3425/2515/552 3426/2516/552 3427/2517/552
f 3425/2515/552 3427/2517/552 3428/2518/552
f 3429/2519/555 3430/2520/555 3431/2521/555
f 3429/2519/555 3431/2521/555 3432/2522/555
f 3433/2523/529 3434/2524/529 3435/2525/529
f 3433/2523/529 3435/2525/529 3436/2526/529
f 3437/2527/529 3438/2528/529 3439/2529/529
f 3437/2527/529 3439/2529/529 3440/2530/529
f 3441/2531/529 3442/2532/529 3443/2533/529
f 3441/2531/529 3443/2533/529 3444/2534/529
f 3445/2526/530 3446/2525/530 3447/2524/530
f 3445/2526/530 3447/2524/530 3448/2523/530
f 3449/2528/530 3450/2527/530 3451/2530/530
f 3449/2528/530 3451/2530/530 3452/2529/530
f 3453/2534/530 3454/2533/530 3455/2532/530
f 3453/2534/530 3455/2532/530 3456/2531/530
f 3457/2535/527 3458/2536/527 3459/2537/527
f 3457/2535/527 3459/2537/527 3460/2538/527
f 3461/2539/552 3462/2540/552 3463/2541/552
f 3461/2539/552 3463/2541/552 3464/2542/552
s 1
f 3465/2543/555 3466/2544/556 3467/2545/556
f 3465/2543/555 3467/2545/556 3468/2546/555
s 0
f 3469/2547/524 3470/2548/524 3471/2549/524
f 3469/2547/524 3471/2549/524 3472/2550/524
s 1
f 3473/2551/557 3474/2552/555 3475/2553/555
f 3473/2551/557 3475/2553/555 3476/2554/557
f 3477/2555/558 3478/2556/558 3479/2557/559
f 3477/2555/558 3479/2557/559 3480/2558/559
s 0
f 3481/2559/552 3482/2560/552 3483/2561/552
f 3481/2559/552 3483/2561/552 3484/2562/552
s 1
f 3485/2563/560 3486/2564/555 3487/2565/555
f 3485/2563/560 3487/2565/555 3488/2566/560
s 0
f 3489/2567/527 3490/2568/527 3491/2569/527
f 3489/2567/527 3491/2569/527 3492/2570/527
s 1
f 3493/2571/555 3494/2572/561 3495/2573/561
f 3493/2571/555 3495/2573/561 3496/2574/555
f 3497/2575/562 3498/2576/562 3499/2577/563
f 3497/2575/562 3499/2577/563 3500/2578/563
s 0
f 3501/2536/524 3502/2535/524 3503/2538/524
f 3501/2536/524 3503/2538/524 3504/2537/524
f 3505/2579/529 3506/2580/529 3507/2581/529
f 3506/2580/529 3505/2579/529 3508/2582/529
f 3509/2583/529 3510/2584/529 3511/2585/529
f 3510/2584/529 3509/2583/529 3512/2586/529
f 3512/2586/529 3509/2583/529 3513/2587/529
f 3513/2587/529 3509/2583/529 3514/2588/529
f 3515/2589/529 3516/2590/529 3517/2591/529
f 3516/2590/529 3515/2589/529 3518/2592/529
f 3518/2592/529 3515/2589/529 3519/2593/529
f 3519/2593/529 3515/2589/529 3520/2594/529
f 3521/2595/530 3522/2596/530 3523/2597/530
f 3522/2596/530 3521/2595/530 3524/2598/530
f 3525/2599/530 3526/2600/530 3527/2601/530
f 3526/2600/530 3525/2599/530 3528/2602/530
f 3528/2602/530 3525/2599/530 3529/2603/530
f 3529/2603/530 3525/2599/530 3530/2604/530
f 3531/2605/530 3532/2606/530 3533/2607/530
f 3532/2606/530 3531/2605/530 3534/2608/530
f 3534/2608/530 3531/2605/530 3535/2609/530
f 3535/2609/530 3531/2605/530 3536/2610/530
f 3537/2611/524 3538/2612/524 3539/2613/524
f 3537/2611/524 3539/2613/524 3540/2614/524
f 3541/2615/527 3542/2616/527 3543/2617/527
f 3541/2615/527 3543/2617/527 3544/2618/527
f 3545/2619/552 3546/2620/552 3547/2621/552
f 3545/2619/552 3547/2621/552 3548/2622/552
f 3549/2623/555 3550/2624/555 3551/2625/555
f 3549/2623/555 3551/2625/555 3552/2626/555
f 3553/2523/529 3554/2524/529 3555/2525/529
f 3553/2523/529 3555/2525/529 3556/2526/529
f 3557/2627/529 3558/2628/529 3559/2629/529
f 3557/2627/529 3559/2629/529 3560/2630/529
f 3561/2531/529 3562/2532/529 3563/2533/529
f 3561/2531/529 3563/2533/529 3564/2534/529
f 3565/2526/530 3566/2525/530 3567/2524/530
f 3565/2526/530 3567/2524/530 3568/2523/530
f 3569/2628/530 3570/2627/530 3571/2630/530
f 3569/2628/530 3571/2630/530 3572/2629/530
f 3573/2534/530 3574/2533/530 3575/2532/530
f 3573/2534/530 3575/2532/530 3576/2531/530
f 3577/2631/527 3578/2632/527 3579/2633/527
f 3577/2631/527 3579/2633/527 3580/2634/527
f 3581/2635/552 3582/2636/552 3583/2637/552
f 3581/2635/552 3583/2637/552 3584/2638/552
s 1
f 3585/2639/555 3586/2640/556 3587/2641/556
f 3585/2639/555 3587/2641/556 3588/2642/555
s 0
f 3589/2643/524 3590/2644/524 3591/2645/524
f 3589/2643/524 3591/2645/524 3592/2646/524
s 1
f 3593/2647/557 3594/2648/555 3595/2649/555
f 3593/2647/557 3595/2649/555 3596/2650/557
f 3597/2651/558 3598/2652/558 3599/2653/559
f 3597/2651/558 3599/2653/559 3600/2654/559
s 0
f 3601/2655/552 3602/2656/552 3603/2657/552
f 3601/2655/552 3603/2657/552 3604/2658/552
s 1
f 3605/2659/560 3606/2660/555 3607/2661/555
f 3605/2659/560 3607/2661/555 3608/2662/560
s 0
f 3609/2663/527 3610/2664/527 3611/2665/527
f 3609/2663/527 3611/2665/527 3612/2666/527
s 1
f 3613/2667/555 3614/2668/561 3615/2669/561
f 3613/2667/555 3615/2669/561 3616/2670/555
f 3617/2671/562 3618/2672/562 3619/2673/563
f 3617/2671/562 3619/2673/563 3620/2674/563
s 0
f 3621/2632/524 3622/2631/524 3623/2634/524
f 3621/2632/524 3623/2634/524 3624/2633/524
f 3625/2675/529 3626/2676/529 3627/2677/529
f 3626/2676/529 3625/2675/529 3628/2678/529
f 3629/2583/529 3630/2584/529 3631/2585/529
f 3630/2584/529 3629/2583/529 3632/2586/529
f 3632/2586/529 3629/2583/529 3633/2587/529
f 3633/2587/529 3629/2583/529 3634/2588/529
f 3635/2589/529 3636/2590/529 3637/2591/529
f 3636/2590/529 3635/2589/529 3638/2592/529
f 3638/2592/529 3635/2589/529 3639/2593/529
f 3639/2593/529 3635/2589/529 3640/2594/529
f 3641/2678/530 3642/2677/530 3643/2676/530
f 3642/2677/530 3641/2678/530 3644/2675/530
f 3645/2599/530 3646/2600/530 3647/2601/530
f 3646/2600/530 3645/2599/530 3648/2602/530
f 3648/2602/530 3645/2599/530 3649/2603/530
f 3649/2603/530 3645/2599/530 3650/2604/530
f 3651/2605/530 3652/2606/530 3653/2607/530
f 3652/2606/530 3651/2605/530 3654/2608/530
f 3654/2608/530 3651/2605/530 3655/2609/530
f 3655/2609/530 3651/2605/530 3656/2610/530
o Object_82
v 17.792101 -1.007694 -9.950981
v 17.729120 -1.007694 -9.950981
v 17.729120 -1.637503 -9.950981
v 17.792101 -1.637503 -9.950981
v 14.989452 -0.692790 -5.762752
v 14.989452 -0.692790 -5.825732
v 14.044739 -0.692790 -5.825732
v 14.044739 -0.692790 -5.762752
v 14.989452 -2.141350 -5.825732
v 14.989452 -2.141350 -5.762752
v 14.044739 -2.141350 -5.762752
v 14.044739 -2.141350 -5.825732
v 14.989452 -0.692790 -5.762752
v 14.989452 -2.141350 -5.762752
v 14.989452 -2.141350 -5.825732
v 14.989452 -0.692790 -5.825732
v 14.044739 -0.692790 -5.825732
v 14.044739 -2.141350 -5.825732
v 14.044739 -2.141350 -5.762752
v 14.044739 -0.692790 -5.762752
v 14.044739 -0.692790 -5.762752
v 14.044739 -2.141350 -5.762752
v 14.989452 -2.141350 -5.762752
v 14.989452 -0.692790 -5.762752
v 14.989452 -0.692790 -5.825732
v 14.989452 -2.141350 -5.825732
v 14.044739 -2.141350 -5.825732
v 14.044739 -0.692790 -5.825732
v 14.989452 -0.692790 -13.194496
v 14.989452 -0.692790 -13.257478
v 14.044739 -0.692790 -13.257478
v 14.044739 -0.692790 -13.194496
v 14.989452 -2.141350 -13.257478
v 14.989452 -2.141350 -13.194496
v 14.044739 -2.141350 -13.194496
v 14.044739 -2.141350 -13.257478
v 14.989452 -0.692790 -13.194496
v 14.989452 -2.141350 -13.194496
v 14.989452 -2.141350 -13.257478
v 14.989452 -0.692790 -13.257478
v 14.044739 -0.692790 -13.257478
v 14.044739 -2.141350 -13.257478
v 14.044739 -2.141350 -13.194496
v 14.044739 -0.692790 -13.194496
v 14.989452 -0.692790 -13.257478
v 14.989452 -2.141350 -13.257478
v 14.044739 -2.141350 -13.257478
v 14.044739 -0.692790 -13.257478
v 14.044739 -0.692790 -13.194496
v 14.044739 -2.141350 -13.194496
v 14.989452 -2.141350 -13.194496
v 14.989452 -0.692790 -13.194496
v 26.766878 9.447134 -16.406523
v 26.766878 9.258191 -16.406523
v 26.766878 9.258191 -17.414217
v 26.766878 9.447134 -17.414217
v 25.759184 9.447134 -16.406523
v 25.759184 9.258191 -16.406523
v 26.766878 9.258191 -16.406523
v 26.766878 9.447134 -16.406523
v 25.759184 9.447134 -17.414217
v 25.759184 9.258191 -17.414217
v 25.759184 9.258191 -16.406523
v 25.759184 9.447134 -16.406523
v 26.766878 9.447134 -17.414217
v 26.766878 9.258191 -17.414217
v 25.759184 9.258191 -17.414217
v 25.759184 9.447134 -17.414217
v 26.766878 9.447134 -17.414217
v 25.759184 9.447134 -17.414217
v 25.759184 9.447134 -16.406523
v 26.766878 9.447134 -16.406523
v 26.766878 9.258191 -16.406523
v 25.759184 9.258191 -16.406523
v 25.759184 9.258191 -17.414217
v 26.766878 9.258191 -17.414217
vn -0.0000 -0.0000 1.0000
vn -0.0000 1.0000 -0.0000
vn -0.0000 -1.0000 -0.0000
vn 1.0000 -0.0000 -0.0000
vn -1.0000 -0.0000 -0.0000
vn -0.0000 -0.0000 -1.0000
vt 8.828125 1.500000
vt 8.796875 1.500000
vt 8.796875 1.812500
vt 8.828125 1.812500
vt 7.437500 -1.859375
vt 7.437500 -1.890625
vt 6.968750 -1.890625
vt 6.968750 -1.859375
vt 2.859375 1.343750
vt 2.859375 2.062500
vt 2.890625 2.062500
vt 2.890625 1.343750
vt 6.968750 1.343750
vt 6.968750 2.062500
vt 7.437500 2.062500
vt 7.437500 1.343750
vt 7.437500 -5.546875
vt 7.437500 -5.578125
vt 6.968750 -5.578125
vt 6.968750 -5.546875
vt 6.546875 1.343750
vt 6.546875 2.062500
vt 6.578125 2.062500
vt 6.578125 1.343750
vt 8.140625 -3.687500
vt 8.140625 -3.593750
vt 8.640625 -3.593750
vt 8.640625 -3.687500
vt 12.781250 -3.687500
vt 12.781250 -3.593750
vt 13.281250 -3.593750
vt 13.281250 -3.687500
vt 13.281250 -7.640625
vt 12.781250 -7.640625
vt 12.781250 -7.140625
vt 13.281250 -7.140625
s 0
usemtl material_37_78
f 3669/2679/564 3670/2680/564 3671/2681/564
f 3669/2679/564 3671/2681/564 3672/2682/564
f 3673/2683/565 3674/2684/565 3675/2685/565
f 3673/2683/565 3675/2685/565 3676/2686/565
f 3677/2684/566 3678/2683/566 3679/2686/566
f 3677/2684/566 3679/2686/566 3680/2685/566
f 3681/2687/567 3682/2688/567 3683/2689/567
f 3681/2687/567 3683/2689/567 3684/2690/567
f 3685/2690/568 3686/2689/568 3687/2688/568
f 3685/2690/568 3687/2688/568 3688/2687/568
f 3689/2691/564 3690/2692/564 3691/2693/564
f 3689/2691/564 3691/2693/564 3692/2694/564
f 3693/2694/569 3694/2693/569 3695/2692/569
f 3693/2694/569 3695/2692/569 3696/2691/569
f 3697/2695/565 3698/2696/565 3699/2697/565
f 3697/2695/565 3699/2697/565 3700/2698/565
f 3701/2696/566 3702/2695/566 3703/2698/566
f 3701/2696/566 3703/2698/566 3704/2697/566
f 3705/2699/567 3706/2700/567 3707/2701/567
f 3705/2699/567 3707/2701/567 3708/2702/567
f 3709/2702/568 3710/2701/568 3711/2700/568
f 3709/2702/568 3711/2700/568 3712/2699/568
f 3713/2694/569 3714/2693/569 3715/2692/569
f 3713/2694/569 3715/2692/569 3716/2691/569
f 3717/2691/564 3718/2692/564 3719/2693/564
f 3717/2691/564 3719/2693/564 3720/2694/564
f 3721/2703/567 3722/2704/567 3723/2705/567
f 3721/2703/567 3723/2705/567 3724/2706/567
f 3725/2707/564 3726/2708/564 3727/2709/564
f 3725/2707/564 3727/2709/564 3728/2710/564
f 3729/2706/568 3730/2705/568 3731/2704/568
f 3729/2706/568 3731/2704/568 3732/2703/568
f 3733/2710/569 3734/2709/569 3735/2708/569
f 3733/2710/569 3735/2708/569 3736/2707/569
f 3737/2711/565 3738/2712/565 3739/2713/565
f 3737/2711/565 3739/2713/565 3740/2714/565
f 3741/2714/566 3742/2713/566 3743/2712/566
f 3741/2714/566 3743/2712/566 3744/2711/566
o Object_83
v 28.813757 2.015388 -3.526930
v 28.782267 2.015388 -3.495440
v 28.750776 2.015388 -3.526930
v 28.782267 2.015388 -3.558420
v 28.813757 2.015388 -3.526930
v 28.813757 2.314548 -3.526930
v 28.782267 2.314548 -3.495440
v 28.782267 2.015388 -3.495440
v 28.750776 2.314548 -3.526930
v 28.750776 2.015388 -3.526930
v 28.782267 2.314548 -3.558420
v 28.782267 2.015388 -3.558420
v 28.782267 2.314548 -3.495440
v 28.782267 2.314548 -3.558420
v 28.782267 2.015388 -3.558420
v 28.782267 2.015388 -3.495440
v 28.750776 2.015388 -3.526930
v 28.813757 2.015388 -3.526930
v 28.813757 2.314548 -3.526930
v 28.750776 2.314548 -3.526930
vn -0.0000 -1.0000 -0.0000
vn 0.7071 -0.0000 0.7071
vn -0.7071 -0.0000 0.7071
vn -0.7071 -0.0000 -0.7071
vn 0.7071 -0.0000 -0.7071
vt 1.750000 58.312500
vt 1.734375 58.250000
vt 1.750000 58.187500
vt 1.765625 58.250000
vt 1.000000 8.125000
vt 1.148438 8.125000
vt 1.148438 8.062500
vt 1.000000 8.062500
vt 1.148438 8.187500
vt 1.000000 8.187500
s 0
usemtl material_37_79
f 3745/2715/570 3746/2716/570 3747/2717/570
f 3745/2715/570 3747/2717/570 3748/2718/570
f 3749/2719/571 3750/2720/571 3751/2721/571
f 3749/2719/571 3751/2721/571 3752/2722/571
f 3760/2722/572 3757/2721/572 3753/2720/572
f 3760/2722/572 3753/2720/572 3754/2719/572
f 3761/2719/573 3764/2720/573 3755/2723/573
f 3761/2719/573 3755/2723/573 3756/2724/573
f 3759/2724/574 3758/2723/574 3763/2720/574
f 3759/2724/574 3763/2720/574 3762/2719/574
o Object_84
v 15.115414 -2.267312 -13.100025
v 15.115414 -2.267312 -13.351949
v 13.918777 -2.267312 -13.351949
v 13.918777 -2.267312 -13.100025
v 15.115414 -2.267312 -5.668280
v 15.115414 -2.267312 -5.920204
v 13.918777 -2.267312 -5.920204
v 13.918777 -2.267312 -5.668280
v 15.115414 -2.267312 -13.351949
v 13.918777 -2.267312 -13.351949
vn -0.0000 1.0000 -0.0000
vt 14.562500 -11.562500
vt 14.562500 -11.812500
vt 13.375000 -11.812500
vt 13.375000 -11.562500
vt 14.562500 -4.187500
vt 14.562500 -4.437500
vt 13.375000 -4.437500
vt 13.375000 -4.187500
s 0
usemtl material_37_80
f 3765/2725/575 3766/2726/575 3767/2727/575
f 3765/2725/575 3767/2727/575 3768/2728/575
f 3769/2729/575 3770/2730/575 3771/2731/575
f 3769/2729/575 3771/2731/575 3772/2732/575
l 3773 3774
o Object_85
v 26.703897 -3.400968 -1.401325
v 25.696203 -3.400968 -1.401325
v 25.696203 -3.400968 -1.653248
v 26.703897 -3.400968 -1.653248
v 17.162292 -0.692790 -12.218292
v 17.162292 -0.692790 -11.210598
v 16.910370 -0.692790 -11.210598
v 16.910370 -0.692790 -12.218292
vn -0.0000 -1.0000 -0.0000
vt 6.000000 27.000000
vt 6.000000 26.000000
vt 7.000000 26.000000
vt 7.000000 27.000000
vt 68.000000 -11.000000
vt 68.000000 -10.000000
vt 67.000000 -10.000000
vt 67.000000 -11.000000
s 0
usemtl material_37_81
f 3775/2733/576 3776/2734/576 3777/2735/576
f 3775/2733/576 3777/2735/576 3778/2736/576
f 3779/2737/576 3780/2738/576 3781/2739/576
f 3779/2737/576 3781/2739/576 3782/2740/576
o Object_86
v 15.650751 -1.149401 -5.920204
v 15.146904 -1.149401 -5.920204
v 15.146904 -1.779210 -5.920204
v 15.650751 -1.779210 -5.920204
v 30.482750 12.218292 -17.130802
v 34.513527 12.218292 -13.100025
v 34.513527 12.218292 -8.817325
v 30.482750 12.218292 -8.817325
v 17.886574 12.218292 -13.131516
v 28.750776 12.218292 -8.817325
v 17.886574 12.218292 -8.817325
v 22.767591 12.218292 -18.012535
v 29.601019 12.218292 -18.012535
v 29.632509 12.218292 -1.385580
v 28.750776 12.218292 -1.385580
v 34.513527 12.218292 -6.266599
v 17.886574 12.218292 -6.266599
v 22.767591 12.218292 -1.385580
v 34.513527 12.218292 -8.817325
vn -0.0000 -0.0000 1.0000
vn -0.0000 -1.0000 -0.0000
vt 30.875000 2.875000
vt 29.875000 2.875000
vt 29.875000 4.125000
vt 30.875000 4.125000
vt 3.025000 -0.700000
vt 3.425000 -0.300000
vt 3.425000 0.125000
vt 3.025000 0.125000
vt 1.775000 -0.303125
vt 2.853125 0.125000
vt 1.775000 0.125000
vt 2.259375 -0.787500
vt 2.937500 -0.787500
vt 2.940625 0.862500
vt 2.853125 0.862500
vt 3.425000 0.378125
vt 1.775000 0.378125
vt 2.259375 0.862500
s 0
usemtl material_37_82
f 3783/2741/577 3784/2742/577 3785/2743/577
f 3783/2741/577 3785/2743/577 3786/2744/577
f 3787/2745/578 3788/2746/578 3789/2747/578
f 3787/2745/578 3789/2747/578 3790/2748/578
f 3791/2749/578 3792/2750/578 3793/2751/578
f 3792/2750/578 3791/2749/578 3790/2748/578
f 3790/2748/578 3791/2749/578 3787/2745/578
f 3787/2745/578 3791/2749/578 3794/2752/578
f 3787/2745/578 3794/2752/578 3795/2753/578
f 3792/2750/578 3796/2754/578 3797/2755/578
f 3796/2754/578 3792/2750/578 3798/2756/578
f 3798/2756/578 3792/2750/578 3801/2747/578
f 3799/2757/578 3797/2755/578 3800/2758/578
f 3797/2755/578 3799/2757/578 3792/2750/578
f 3792/2750/578 3799/2757/578 3793/2751/578
o Object_87
o Object_88
v 29.978905 5.668280 -9.573095
v 29.978905 5.416357 -9.573095
v 29.978905 5.416357 -9.950981
v 29.978905 5.668280 -9.950981
v 29.726980 5.164433 -9.573095
v 29.475056 5.164433 -9.573095
v 29.475056 5.164433 -9.950981
v 29.726980 5.164433 -9.950981
v 29.978905 5.668280 -9.573095
v 29.475056 5.164433 -9.573095
v 29.726980 5.164433 -9.573095
v 29.978905 5.416357 -9.573095
v 29.475056 5.164433 -9.950981
v 29.978905 5.668280 -9.950981
v 29.978905 5.416357 -9.950981
v 29.726980 5.164433 -9.950981
v 29.978905 5.668280 -9.950981
v 29.978905 5.668280 -9.573095
v 25.948128 5.668280 -5.920204
v 25.948128 5.416357 -5.920204
v 26.326012 5.416357 -5.920204
v 26.326012 5.668280 -5.920204
v 26.326012 5.164433 -6.424051
v 26.326012 5.164433 -6.172127
v 25.948128 5.164433 -6.172127
v 25.948128 5.164433 -6.424051
v 26.326012 5.416357 -5.920204
v 26.326012 5.164433 -6.172127
v 26.326012 5.164433 -6.424051
v 26.326012 5.668280 -5.920204
v 25.948128 5.668280 -5.920204
v 25.948128 5.164433 -6.424051
v 25.948128 5.164433 -6.172127
v 25.948128 5.416357 -5.920204
v 26.326012 5.668280 -5.920204
v 25.948128 5.668280 -5.920204
v 22.421196 5.668280 -9.950981
v 22.421196 5.416357 -9.950981
v 22.421196 5.416357 -9.573095
v 22.421196 5.668280 -9.573095
v 22.925045 5.164433 -9.573095
v 22.673120 5.164433 -9.573095
v 22.673120 5.164433 -9.950981
v 22.925045 5.164433 -9.950981
v 22.421196 5.416357 -9.573095
v 22.673120 5.164433 -9.573095
v 22.925045 5.164433 -9.573095
v 22.421196 5.668280 -9.573095
v 22.421196 5.668280 -9.950981
v 22.925045 5.164433 -9.950981
v 22.673120 5.164433 -9.950981
v 22.421196 5.416357 -9.950981
v 22.421196 5.668280 -9.573095
v 22.421196 5.668280 -9.950981
v 26.326012 5.668280 -13.477911
v 26.326012 5.416357 -13.477911
v 25.948128 5.416357 -13.477911
v 25.948128 5.668280 -13.477911
v 26.326012 5.164433 -13.225986
v 26.326012 5.164433 -12.974064
v 25.948128 5.164433 -12.974064
v 25.948128 5.164433 -13.225986
v 26.326012 5.668280 -13.477911
v 26.326012 5.164433 -12.974064
v 26.326012 5.164433 -13.225986
v 26.326012 5.416357 -13.477911
v 25.948128 5.164433 -12.974064
v 25.948128 5.668280 -13.477911
v 25.948128 5.416357 -13.477911
v 25.948128 5.164433 -13.225986
v 25.948128 5.668280 -13.477911
v 26.326012 5.668280 -13.477911
v 22.925045 5.164433 -9.950981
v 22.925045 5.164433 -9.573095
v 25.948128 5.164433 -12.974064
v 25.948128 5.164433 -6.424051
v 29.475056 5.164433 -9.950981
v 29.475056 5.164433 -9.573095
v 26.326012 5.164433 -12.974064
v 26.326012 5.164433 -6.424051
vn 1.0000 -0.0000 -0.0000
vn -0.0000 -1.0000 -0.0000
vn -0.0000 -0.0000 1.0000
vn -0.0000 -0.0000 -1.0000
vn -0.7071 0.7071 -0.0000
vn -1.0000 -0.0000 -0.0000
vn -0.0000 0.7071 -0.7071
vn 0.7071 0.7071 -0.0000
vn -0.0000 0.7071 0.7071
vt 2.375000 -0.406250
vt 2.375000 -0.343750
vt 2.468750 -0.343750
vt 2.468750 -0.406250
vt 7.375000 -1.375000
vt 7.312500 -1.375000
vt 7.312500 -1.468750
vt 7.375000 -1.468750
vt 7.437500 -0.406250
vt 7.312500 -0.281250
vt 7.375000 -0.281250
vt 7.437500 -0.343750
vt 7.437500 -1.468750
vt 7.437500 -1.375000
vt 6.437500 -0.406250
vt 6.437500 -0.343750
vt 6.531250 -0.343750
vt 6.531250 -0.406250
vt 6.531250 -0.593750
vt 6.531250 -0.531250
vt 6.437500 -0.531250
vt 6.437500 -0.593750
vt 1.468750 -0.343750
vt 1.531250 -0.281250
vt 1.593750 -0.281250
vt 1.468750 -0.406250
vt 6.531250 -0.468750
vt 6.437500 -0.468750
vt 5.687500 -1.375000
vt 5.625000 -1.375000
vt 5.625000 -1.468750
vt 5.687500 -1.468750
vt 5.562500 -0.343750
vt 5.625000 -0.281250
vt 5.687500 -0.281250
vt 5.562500 -0.406250
vt 5.562500 -1.375000
vt 5.562500 -1.468750
vt 6.531250 -2.281250
vt 6.531250 -2.218750
vt 6.437500 -2.218750
vt 6.437500 -2.281250
vt 3.343750 -0.406250
vt 3.218750 -0.281250
vt 3.281250 -0.281250
vt 3.343750 -0.343750
vt 6.437500 -2.343750
vt 6.531250 -2.343750
s 0
usemtl material_37_84
f 3802/2759/579 3803/2760/579 3804/2761/579
f 3802/2759/579 3804/2761/579 3805/2762/579
f 3806/2763/580 3807/2764/580 3808/2765/580
f 3806/2763/580 3808/2765/580 3809/2766/580
f 3810/2767/581 3811/2768/581 3812/2769/581
f 3810/2767/581 3812/2769/581 3813/2770/581
f 3814/2768/582 3815/2767/582 3816/2770/582
f 3814/2768/582 3816/2770/582 3817/2769/582
f 3818/2771/583 3878/2765/583 3879/2764/583
f 3818/2771/583 3879/2764/583 3819/2772/583
f 3820/2773/581 3821/2774/581 3822/2775/581
f 3820/2773/581 3822/2775/581 3823/2776/581
f 3824/2777/580 3825/2778/580 3826/2779/580
f 3824/2777/580 3826/2779/580 3827/2780/580
f 3828/2781/579 3829/2782/579 3830/2783/579
f 3828/2781/579 3830/2783/579 3831/2784/579
f 3832/2784/584 3833/2783/584 3834/2782/584
f 3832/2784/584 3834/2782/584 3835/2781/584
f 3836/2785/585 3881/2777/585 3877/2780/585
f 3836/2785/585 3877/2780/585 3837/2786/585
f 3838/2762/584 3839/2761/584 3840/2760/584
f 3838/2762/584 3840/2760/584 3841/2759/584
f 3842/2787/580 3843/2788/580 3844/2789/580
f 3842/2787/580 3844/2789/580 3845/2790/580
f 3846/2791/581 3847/2792/581 3848/2793/581
f 3846/2791/581 3848/2793/581 3849/2794/581
f 3850/2794/582 3851/2793/582 3852/2792/582
f 3850/2794/582 3852/2792/582 3853/2791/582
f 3854/2795/586 3875/2787/586 3874/2790/586
f 3854/2795/586 3874/2790/586 3855/2796/586
f 3856/2776/582 3857/2775/582 3858/2774/582
f 3856/2776/582 3858/2774/582 3859/2773/582
f 3860/2797/580 3861/2798/580 3862/2799/580
f 3860/2797/580 3862/2799/580 3863/2800/580
f 3864/2801/579 3865/2802/579 3866/2803/579
f 3864/2801/579 3866/2803/579 3867/2804/579
f 3868/2802/584 3869/2801/584 3870/2804/584
f 3868/2802/584 3870/2804/584 3871/2803/584
f 3872/2805/587 3876/2799/587 3880/2798/587
f 3872/2805/587 3880/2798/587 3873/2806/587
o Object_89
v 15.808204 -1.637503 -5.794242
v 15.808204 -0.629809 -5.794242
v 16.721426 -0.629809 -5.794242
v 16.721426 -1.637503 -5.794242
vn -0.0000 -0.0000 -1.0000
vt 9.324902 1.664063
vt 9.324902 1.164063
vt 9.900298 1.164063
vt 9.900298 1.664063
s 0
usemtl material_37_85
f 3882/2807/588 3883/2808/588 3884/2809/588
f 3882/2807/588 3884/2809/588 3885/2810/588
o Object_90
o Object_91
v 23.743795 -5.668280 -12.785121
v 23.491873 -5.668280 -13.037045
v 23.491873 -5.416357 -13.037045
v 23.051006 -5.668280 -12.092331
v 22.799082 -5.416357 -12.344254
v 22.799082 -5.668280 -12.344254
v 23.051006 -5.668280 -12.092331
v 22.799082 -5.668280 -12.344254
v 23.491873 -5.668280 -13.037045
v 23.743795 -5.668280 -12.785121
v 28.656305 -5.668280 -12.785121
v 28.908228 -5.416357 -13.037045
v 28.908228 -5.668280 -13.037045
v 29.349094 -5.668280 -12.092331
v 29.601019 -5.668280 -12.344254
v 29.601019 -5.416357 -12.344254
v 29.601019 -5.668280 -12.344254
v 29.349094 -5.668280 -12.092331
v 28.656305 -5.668280 -12.785121
v 28.908228 -5.668280 -13.037045
v 28.656305 -5.668280 -6.612993
v 28.908228 -5.668280 -6.361070
v 28.908228 -5.416357 -6.361070
v 29.349094 -5.668280 -7.305783
v 29.601019 -5.416357 -7.053860
v 29.601019 -5.668280 -7.053860
v 28.908228 -5.668280 -6.361070
v 28.656305 -5.668280 -6.612993
v 29.349094 -5.668280 -7.305783
v 29.601019 -5.668280 -7.053860
v 23.743795 -5.668280 -6.612993
v 23.491873 -5.416357 -6.361070
v 23.491873 -5.668280 -6.361070
v 23.051006 -5.668280 -7.305783
v 22.799082 -5.668280 -7.053860
v 22.799082 -5.416357 -7.053860
v 23.743795 -5.668280 -6.612993
v 23.491873 -5.668280 -6.361070
v 22.799082 -5.668280 -7.053860
v 23.051006 -5.668280 -7.305783
v 34.497784 4.912509 -11.084637
v 34.497784 4.912509 -11.462523
v 34.434803 4.912509 -11.383796
v 34.434803 4.912509 -11.163363
v 34.497784 4.786548 -11.462523
v 34.497784 4.786548 -11.084637
v 34.434803 4.786548 -11.163363
v 34.434803 4.786548 -11.383796
v 34.497784 4.912509 -11.084637
v 34.497784 4.786548 -11.084637
v 34.497784 4.786548 -11.462523
v 34.497784 4.912509 -11.462523
v 34.434803 4.786548 -11.383796
v 34.434803 4.912509 -11.383796
v 34.434803 4.912509 -11.163363
v 34.434803 4.786548 -11.163363
v 33.553070 4.912509 -5.337630
v 33.553070 4.786548 -5.337630
v 33.458599 4.786548 -5.337630
v 33.458599 4.912509 -5.337630
v 34.497784 4.912509 -8.061554
v 34.497784 4.912509 -8.439440
v 34.434803 4.912509 -8.360713
v 34.434803 4.912509 -8.140280
v 34.497784 4.786548 -8.439440
v 34.497784 4.786548 -8.061554
v 34.434803 4.786548 -8.140280
v 34.434803 4.786548 -8.360713
v 34.497784 4.912509 -8.061554
v 34.497784 4.786548 -8.061554
v 34.497784 4.786548 -8.439440
v 34.497784 4.912509 -8.439440
v 34.434803 4.786548 -8.360713
v 34.434803 4.912509 -8.360713
v 34.434803 4.912509 -8.140280
v 34.434803 4.786548 -8.140280
v 30.766165 4.912509 -2.645197
v 30.577223 4.912509 -2.456255
v 30.577223 4.912509 -2.361784
v 30.860636 4.912509 -2.645197
v 33.458599 4.912509 -5.337630
v 33.269657 4.912509 -5.148688
v 33.269657 4.912509 -5.054216
v 33.553070 4.912509 -5.337630
v 30.577223 4.912509 -2.456255
v 30.577223 4.786548 -2.456255
v 30.577223 4.786548 -2.361784
v 30.577223 4.912509 -2.361784
v 30.860636 4.912509 -2.645197
v 30.860636 4.786548 -2.645197
v 30.766165 4.786548 -2.645197
v 30.766165 4.912509 -2.645197
v 33.269657 4.912509 -5.148688
v 33.269657 4.786548 -5.148688
v 33.269657 4.786548 -5.054216
v 33.269657 4.912509 -5.054216
v 33.553070 4.786548 -5.337630
v 33.269657 4.786548 -5.054216
v 33.269657 4.786548 -5.148688
v 33.458599 4.786548 -5.337630
v 33.553070 4.786548 -5.337630
v 33.553070 4.912509 -5.337630
v 30.860636 4.786548 -2.645197
v 30.577223 4.786548 -2.361784
v 30.577223 4.786548 -2.456255
v 30.766165 4.786548 -2.645197
v 30.860636 4.786548 -2.645197
v 30.860636 4.912509 -2.645197
v 26.703897 -3.400968 -1.401325
v 26.703897 -3.400968 -1.653248
v 26.703897 -3.275006 -1.653248
v 26.703897 -3.149045 -1.401325
v 25.696203 -3.275006 -1.653248
v 26.703897 -3.275006 -1.653248
v 26.703897 -3.400968 -1.653248
v 25.696203 -3.400968 -1.653248
v 25.696203 -3.149045 -1.401325
v 25.696203 -3.275006 -1.653248
v 25.696203 -3.400968 -1.653248
v 25.696203 -3.400968 -1.401325
v 26.703897 -3.149045 -1.401325
v 26.703897 -3.275006 -1.653248
v 25.696203 -3.275006 -1.653248
v 25.696203 -3.149045 -1.401325
v 30.577223 4.912509 -2.361784
v 29.601019 -5.668280 -12.344254
v 29.601019 -5.668280 -7.053860
v 23.491873 -5.668280 -13.037045
v 23.491873 -5.668280 -6.361070
v 28.908228 -5.668280 -13.037045
v 28.908228 -5.668280 -6.361070
v 28.908228 -5.416357 -13.037045
v 28.908228 -5.416357 -6.361070
v 22.799082 -5.416357 -7.053860
v 22.799082 -5.416357 -12.344254
v 29.601019 -5.416357 -12.344254
v 29.601019 -5.416357 -7.053860
v 34.497784 4.912509 -11.084637
v 34.497784 4.912509 -11.462523
v 34.497784 4.912509 -8.061554
v 34.497784 4.912509 -8.439440
v 34.497784 4.786548 -11.462523
v 34.497784 4.786548 -11.084637
v 34.497784 4.786548 -8.439440
v 34.497784 4.786548 -8.061554
v 23.491873 -5.416357 -13.037045
v 23.491873 -5.416357 -6.361070
v 33.269657 4.912509 -5.054216
v 30.577223 4.786548 -2.361784
v 22.799082 -5.668280 -12.344254
v 22.799082 -5.668280 -7.053860
v 33.269657 4.786548 -5.054216
vn 0.7071 -0.0000 -0.7071
vn -0.7071 -0.0000 0.7071
vn -0.0000 -1.0000 -0.0000
vn -0.7071 -0.0000 -0.7071
vn 0.7071 -0.0000 0.7071
vn -0.0000 1.0000 -0.0000
vn 1.0000 -0.0000 -0.0000
vn -0.7809 -0.0000 -0.6247
vn -0.7809 -0.0000 0.6247
vn -0.0000 -0.0000 -1.0000
vn -1.0000 -0.0000 -0.0000
vn -0.0000 0.8944 -0.4472
vt -4.900000 11.050000
vt -4.900000 11.250000
vt -4.700000 11.250000
vt -4.900000 10.500000
vt -4.700000 10.700000
vt -4.900000 10.700000
vt 9.200000 19.200001
vt 9.400001 19.000000
vt 9.950000 19.550001
vt 9.750000 19.750000
vt 9.400001 24.400000
vt 9.200000 24.200001
vt 9.750000 23.650000
vt 9.950000 23.850000
vt -4.900000 6.150000
vt -4.900000 5.950000
vt -4.700000 5.950000
vt -4.900000 6.700000
vt -4.700000 6.500000
vt -4.900000 6.500000
vt 4.650000 23.850000
vt 4.850000 23.650000
vt 5.400000 24.200001
vt 5.200000 24.400000
vt 4.850000 19.750000
vt 4.650000 19.550001
vt 5.200000 19.000000
vt 5.400000 19.200001
vt 8.400001 28.287500
vt 8.700000 28.287500
vt 8.637500 28.237501
vt 8.462501 28.237501
vt 2.900000 9.700000
vt 2.800000 9.700000
vt 2.800000 10.000000
vt 2.900000 10.000000
vt 2.800000 9.937500
vt 2.900000 9.937500
vt 2.900000 9.762500
vt 2.800000 9.762500
vt 2.900000 27.550001
vt 2.800000 27.550001
vt 2.800000 27.475000
vt 2.900000 27.475000
vt 6.000000 28.300001
vt 6.300000 28.300001
vt 6.237500 28.250000
vt 6.062500 28.250000
vt 2.900000 7.300000
vt 2.800000 7.300000
vt 2.800000 7.600000
vt 2.900000 7.600000
vt 2.800000 7.537500
vt 2.900000 7.537500
vt 2.900000 7.362500
vt 2.800000 7.362500
vt 1.700000 25.337500
vt 1.550000 25.187500
vt 1.475000 25.187500
vt 1.700000 25.412500
vt 3.837500 27.475000
vt 3.687500 27.325001
vt 3.612500 27.325001
vt 3.837500 27.550001
vt 2.900000 2.850000
vt 2.800000 2.850000
vt 2.800000 2.775000
vt 2.900000 2.775000
vt 2.900000 25.412500
vt 2.800000 25.412500
vt 2.800000 25.337500
vt 2.900000 25.337500
vt 2.900000 4.987500
vt 2.800000 4.987500
vt 2.800000 4.912500
vt 2.900000 4.912500
vt 2.800000 5.137500
vt 2.900000 5.137500
vt 2.800000 3.000000
vt 2.900000 3.000000
vt -3.100000 2.000000
vt -3.100000 2.200000
vt -3.000000 2.200000
vt -2.900000 2.000000
vt -3.000000 21.300001
vt -3.000000 22.100000
vt -3.100000 22.100000
vt -3.100000 21.300001
vt 0.700000 22.100000
vt 0.900000 22.100000
vt 0.900000 21.300001
vt 0.700000 21.300001
s 0
usemtl material_37_87
f 3886/2811/589 3887/2812/589 3888/2813/589
f 3889/2814/590 3890/2815/590 3891/2816/590
f 3892/2817/591 3893/2818/591 3894/2819/591
f 3892/2817/591 3894/2819/591 3895/2820/591
f 4031/2813/592 4013/2812/592 4035/2816/592
f 4031/2813/592 4035/2816/592 4020/2815/592
f 3896/2811/592 3897/2813/592 3898/2812/592
f 3899/2814/593 3900/2816/593 3901/2815/593
f 3902/2821/591 3903/2822/591 3904/2823/591
f 3902/2821/591 3904/2823/591 3905/2824/591
f 4021/2815/589 4011/2816/589 4015/2812/589
f 4021/2815/589 4015/2812/589 4017/2813/589
f 3906/2825/590 3907/2826/590 3908/2827/590
f 3909/2828/589 3910/2829/589 3911/2830/589
f 3912/2831/591 3913/2832/591 3914/2833/591
f 3912/2831/591 3914/2833/591 3915/2834/591
f 4018/2827/593 4016/2826/593 4012/2830/593
f 4018/2827/593 4012/2830/593 4022/2829/593
f 3916/2825/593 3917/2827/593 3918/2826/593
f 3919/2828/592 3920/2830/592 3921/2829/592
f 3922/2835/591 3923/2836/591 3924/2837/591
f 3922/2835/591 3924/2837/591 3925/2838/591
f 4019/2829/590 4036/2830/590 4014/2826/590
f 4019/2829/590 4014/2826/590 4032/2827/590
f 3926/2839/594 3927/2840/594 3928/2841/594
f 3926/2839/594 3928/2841/594 3929/2842/594
f 3930/2840/591 3931/2839/591 3932/2842/591
f 3930/2840/591 3932/2842/591 3933/2841/591
f 3934/2843/595 3935/2844/595 3936/2845/595
f 3934/2843/595 3936/2845/595 3937/2846/595
f 4024/2846/596 4027/2845/596 3938/2847/596
f 4024/2846/596 3938/2847/596 3939/2848/596
f 3940/2849/597 3941/2850/597 4028/2844/597
f 3940/2849/597 4028/2844/597 4023/2843/597
f 3942/2851/598 3943/2852/598 3944/2853/598
f 3942/2851/598 3944/2853/598 3945/2854/598
f 3946/2855/594 3947/2856/594 3948/2857/594
f 3946/2855/594 3948/2857/594 3949/2858/594
f 3950/2856/591 3951/2855/591 3952/2858/591
f 3950/2856/591 3952/2858/591 3953/2857/591
f 3954/2859/595 3955/2860/595 3956/2861/595
f 3954/2859/595 3956/2861/595 3957/2862/595
f 4026/2862/596 4029/2861/596 3958/2863/596
f 4026/2862/596 3958/2863/596 3959/2864/596
f 3960/2865/597 3961/2866/597 4030/2860/597
f 3960/2865/597 4030/2860/597 4025/2859/597
f 3962/2867/594 3963/2868/594 3964/2869/594
f 3962/2867/594 3964/2869/594 3965/2870/594
f 3966/2871/594 3967/2872/594 3968/2873/594
f 3966/2871/594 3968/2873/594 3969/2874/594
f 3970/2875/599 3971/2876/599 3972/2877/599
f 3970/2875/599 3972/2877/599 3973/2878/599
f 3974/2879/598 3975/2880/598 3976/2881/598
f 3974/2879/598 3976/2881/598 3977/2882/598
f 3978/2883/599 3979/2884/599 3980/2885/599
f 3978/2883/599 3980/2885/599 3981/2886/599
f 3982/2874/591 3983/2873/591 3984/2872/591
f 3982/2874/591 3984/2872/591 3985/2871/591
s 1
f 4033/2886/593 4037/2885/593 3986/2887/593
f 4033/2886/593 3986/2887/593 3987/2888/593
s 0
f 3988/2870/591 3989/2869/591 3990/2868/591
f 3988/2870/591 3990/2868/591 3991/2867/591
s 1
f 4010/2878/593 4034/2877/593 3992/2889/593
f 4010/2878/593 3992/2889/593 3993/2890/593
s 0
f 3994/2891/595 3995/2892/595 3996/2893/595
f 3994/2891/595 3996/2893/595 3997/2894/595
f 3998/2895/598 3999/2896/598 4000/2897/598
f 3998/2895/598 4000/2897/598 4001/2898/598
f 4002/2894/599 4003/2893/599 4004/2892/599
f 4002/2894/599 4004/2892/599 4005/2891/599
f 4006/2899/600 4007/2900/600 4008/2901/600
f 4006/2899/600 4008/2901/600 4009/2902/600
o Object_92
v 28.798012 -4.282701 -15.997147
v 28.798012 -4.786548 -15.997147
v 28.798012 -4.786548 -16.028637
v 28.798012 -4.282701 -16.028637
v 28.798012 -4.786548 -16.028637
v 28.798012 -4.786548 -15.997147
v 27.207745 -4.786548 -15.997147
v 27.207745 -4.786548 -16.028637
v 28.798012 -4.282701 -16.028637
v 28.798012 -4.786548 -16.028637
v 27.207745 -4.786548 -16.028637
v 27.207745 -4.282701 -16.028637
v 27.207745 -4.282701 -15.997147
v 27.207745 -4.786548 -15.997147
v 28.798012 -4.786548 -15.997147
v 28.798012 -4.282701 -15.997147
v 25.192356 -4.786548 -16.028637
v 25.192356 -4.786548 -15.997147
v 23.602089 -4.786548 -15.997147
v 23.586344 -4.786548 -16.028637
v 25.192356 -4.282701 -16.028637
v 25.192356 -4.786548 -16.028637
v 23.586344 -4.786548 -16.028637
v 23.586344 -4.282701 -16.028637
v 23.602089 -4.282701 -15.997147
v 23.602089 -4.786548 -15.997147
v 25.192356 -4.786548 -15.997147
v 25.192356 -4.282701 -15.997147
v 23.586344 -4.282701 -16.028637
v 23.586344 -4.786548 -16.028637
v 23.602089 -4.786548 -15.997147
v 23.602089 -4.282701 -15.997147
v 28.798012 -4.282701 -16.028637
v 28.798012 -4.786548 -16.028637
v 28.798012 -4.786548 -15.997147
v 28.798012 -4.282701 -15.997147
v 32.498138 -4.282701 -12.297019
v 32.498138 -4.786548 -12.297019
v 32.529629 -4.786548 -12.297019
v 32.529629 -4.282701 -12.297019
v 32.529629 -4.786548 -12.297019
v 32.498138 -4.786548 -12.297019
v 28.798012 -4.786548 -15.997147
v 28.798012 -4.786548 -16.028637
v 32.529629 -4.282701 -12.297019
v 32.529629 -4.786548 -12.297019
v 28.798012 -4.282701 -15.997147
v 28.798012 -4.786548 -15.997147
v 32.498138 -4.786548 -12.297019
v 32.498138 -4.282701 -12.297019
v 34.513527 -4.282701 -6.266599
v 34.513527 -4.786548 -6.266599
v 34.513527 -4.786548 -6.298089
v 34.513527 -4.282701 -6.298089
v 34.513527 -4.786548 -6.298089
v 34.513527 -4.786548 -6.266599
v 32.498138 -4.786548 -7.101095
v 32.529629 -4.786548 -7.116840
v 32.498138 -4.282701 -7.101095
v 32.498138 -4.786548 -7.101095
v 34.513527 -4.786548 -6.266599
v 34.513527 -4.282701 -6.266599
v 34.513527 -4.282701 -6.298089
v 34.513527 -4.786548 -6.298089
v 32.529629 -4.786548 -7.116840
v 32.529629 -4.282701 -7.116840
v 32.529629 -4.282701 -7.116840
v 32.529629 -4.786548 -7.116840
v 32.498138 -4.786548 -7.101095
v 32.498138 -4.282701 -7.101095
v 30.293808 1.511541 -2.046879
v 30.262318 1.511541 -2.015388
v 28.750776 1.511541 -3.526930
v 28.782267 1.511541 -3.558420
v 30.262318 2.015388 -2.015388
v 30.262318 1.511541 -2.015388
v 30.293808 1.511541 -2.046879
v 30.293808 2.015388 -2.046879
v 28.750776 2.015388 -3.526930
v 28.750776 1.511541 -3.526930
v 28.782267 1.511541 -3.558420
v 28.782267 2.015388 -3.558420
v 32.419415 2.015388 -7.620687
v 32.419415 1.511541 -7.620687
v 32.372177 1.511541 -7.620687
v 32.372177 2.015388 -7.620687
v 32.057274 1.511541 -6.770446
v 32.025784 1.511541 -6.801936
v 32.372177 1.511541 -7.620687
v 32.419415 1.511541 -7.620687
v 32.025784 2.015388 -6.801936
v 32.025784 1.511541 -6.801936
v 32.057274 1.511541 -6.770446
v 32.057274 2.015388 -6.770446
v 32.419415 1.511541 -7.620687
v 32.419415 2.015388 -7.620687
v 32.372177 2.015388 -7.620687
v 32.372177 1.511541 -7.620687
v 22.767591 -4.282701 -18.012535
v 22.799082 -4.282701 -18.012535
v 22.799082 -4.786548 -18.012535
v 22.767591 -4.786548 -18.012535
v 23.617834 -4.282701 -16.028637
v 23.586344 -4.282701 -16.028637
v 23.586344 -4.786548 -16.028637
v 23.617834 -4.786548 -16.028637
v 22.799082 -4.282701 -18.012535
v 22.767591 -4.282701 -18.012535
v 23.586344 -4.282701 -16.028637
v 23.617834 -4.282701 -16.028637
v 22.767591 -4.786548 -18.012535
v 22.799082 -4.786548 -18.012535
v 23.617834 -4.786548 -16.028637
v 23.586344 -4.786548 -16.028637
v 22.799082 -4.282701 -18.012535
v 23.617834 -4.282701 -16.028637
v 23.617834 -4.786548 -16.028637
v 22.799082 -4.786548 -18.012535
v 22.767591 -4.282701 -18.012535
v 22.767591 -4.786548 -18.012535
v 23.586344 -4.786548 -16.028637
v 23.586344 -4.282701 -16.028637
v 34.513527 2.015388 -12.108076
v 34.513527 1.511541 -12.108076
v 34.513527 1.511541 -12.155312
v 34.513527 2.015388 -12.155312
v 32.372177 2.015388 -12.155312
v 32.372177 1.511541 -12.155312
v 32.372177 1.511541 -12.108076
v 32.372177 2.015388 -12.108076
v 34.513527 1.511541 -12.108076
v 32.372177 1.511541 -12.108076
v 32.372177 1.511541 -12.155312
v 34.513527 1.511541 -12.155312
v 32.372177 2.015388 -12.108076
v 32.372177 1.511541 -12.108076
v 34.513527 1.511541 -12.108076
v 34.513527 2.015388 -12.108076
v 34.513527 2.015388 -12.155312
v 34.513527 1.511541 -12.155312
v 32.372177 1.511541 -12.155312
v 32.372177 2.015388 -12.155312
v 28.813757 1.511541 -3.526930
v 32.025784 1.511541 -6.801936
v 32.057274 1.511541 -6.770446
v 28.813757 1.511541 -3.526930
v 31.307674 2.015388 -6.020846
v 28.813757 2.015388 -3.526930
v 32.057274 2.015388 -6.770446
v 32.057274 1.511541 -6.770446
v 31.276184 2.015388 -6.052337
v 28.782267 2.015388 -3.558420
v 28.782267 1.511541 -3.558420
v 32.529629 -4.282701 -12.297019
v 32.529629 -4.786548 -12.297019
v 32.498138 -4.786548 -12.297019
v 32.498138 -4.282701 -12.297019
v 32.498138 -4.786548 -8.770089
v 32.529629 -4.786548 -8.770089
v 32.529629 -4.786548 -7.116840
v 32.498138 -4.786548 -7.101095
v 32.529629 -4.282701 -10.643770
v 32.529629 -4.786548 -10.643770
v 32.529629 -4.786548 -12.297019
v 32.529629 -4.282701 -12.297019
v 32.498138 -4.282701 -10.628025
v 32.498138 -4.282701 -12.297019
v 32.498138 -4.786548 -12.297019
v 32.498138 -4.786548 -10.628025
v 32.498138 -4.282701 -7.101095
v 32.498138 -4.786548 -7.101095
v 32.529629 -4.786548 -7.116840
v 32.529629 -4.282701 -7.116840
v 32.498138 -4.786548 -10.628025
v 32.529629 -4.786548 -10.643770
v 32.498138 -4.786548 -12.297019
v 32.529629 -4.786548 -12.297019
v 32.529629 -4.786548 -7.116840
v 32.529629 -4.282701 -8.770089
v 32.529629 -4.282701 -7.116840
v 32.498138 -4.282701 -8.770089
v 32.498138 -4.282701 -7.101095
v 32.498138 -4.786548 -7.101095
v 32.372177 2.015388 -7.620687
v 32.372177 1.511541 -7.620687
v 32.419415 1.511541 -7.620687
v 32.419415 2.015388 -7.620687
v 32.419415 1.511541 -8.581146
v 32.419415 1.511541 -7.620687
v 32.372177 1.511541 -7.620687
v 32.372177 1.511541 -8.581146
v 32.372177 2.015388 -11.147617
v 32.372177 2.015388 -12.108076
v 32.372177 1.511541 -12.108076
v 32.372177 1.511541 -11.147617
v 32.419415 2.015388 -11.147617
v 32.419415 1.511541 -11.147617
v 32.419415 1.511541 -12.108076
v 32.419415 2.015388 -12.108076
v 32.372177 1.511541 -11.147617
v 32.419415 1.511541 -11.147617
v 32.372177 1.511541 -12.108076
v 32.419415 1.511541 -12.108076
v 32.372177 2.015388 -8.581146
v 32.372177 2.015388 -7.620687
v 32.372177 1.511541 -7.620687
v 32.419415 1.511541 -7.620687
v 32.419415 2.015388 -8.581146
v 32.419415 2.015388 -7.620687
v 28.798012 -4.282701 -16.028637
v 28.798012 -4.282701 -15.997147
v 28.798012 -4.786548 -16.028637
v 28.798012 -4.786548 -16.028637
v 30.293808 1.511541 -2.046879
v 32.057274 1.511541 -6.770446
v 30.262318 1.511541 -2.015388
v 28.782267 1.511541 -3.558420
v 32.057274 2.015388 -6.770446
v 30.262318 2.015388 -2.015388
v 30.293808 2.015388 -2.046879
v 32.025784 1.511541 -6.801936
v 32.025784 2.015388 -6.801936
vn 1.0000 -0.0000 -0.0000
vn 0.5806 -0.0000 -0.8142
vn 0.4782 -0.0000 -0.8783
vn -0.0000 -1.0000 -0.0000
vn -0.0000 -0.0000 -1.0000
vn -0.0000 -0.0000 1.0000
vn -0.4798 -0.0000 0.8774
vn -0.5764 -0.0000 0.8172
vn -0.9235 -0.0000 0.3836
vn -0.9241 -0.0000 0.3821
vn -0.8944 -0.0000 0.4472
vn -1.0000 -0.0000 -0.0000
vn -0.8189 -0.0000 0.5739
vn -0.7056 -0.0000 0.7086
vn 0.7041 -0.0000 -0.7101
vn 0.8818 -0.0000 -0.4716
vn 0.7071 -0.0000 -0.7071
vn -0.5764 -0.0000 0.8171
vn -0.4799 -0.0000 0.8773
vn -0.7071 -0.0000 0.7071
vn -0.8189 -0.0000 0.5740
vn -0.3826 -0.0000 0.9239
vn 0.3815 -0.0000 -0.9244
vn -0.4472 -0.0000 -0.8944
vn 0.7071 -0.0000 0.7071
vn 0.7701 -0.0000 0.6380
vn 0.7504 -0.0000 0.6609
vn 0.9966 -0.0000 0.0825
vn 0.9806 -0.0000 0.1962
vn -0.9937 -0.0000 -0.1124
vn -0.9968 -0.0000 -0.0795
vn -0.7494 -0.0000 -0.6622
vn -0.8197 -0.0000 -0.5728
vn -0.0000 1.0000 -0.0000
vn 0.9244 -0.0000 -0.3815
vn -0.9244 -0.0000 0.3815
vn 0.7700 -0.0000 0.6380
vn 0.7504 -0.0000 0.6610
vn -0.7071 -0.0000 -0.7071
vn 0.7042 -0.0000 -0.7100
vn 0.8818 -0.0000 -0.4715
vn 0.8819 -0.0000 -0.4715
vn 0.4472 -0.0000 0.8944
vn -0.9968 -0.0000 -0.0794
vn 0.9966 -0.0000 0.0824
vn 0.9806 -0.0000 0.1961
vt 21.166668 9.000000
vt 21.166668 10.000000
vt 21.208334 10.000000
vt 21.208334 9.000000
vt 38.104168 -31.312500
vt 38.104168 -31.250000
vt 36.000000 -31.250000
vt 36.000000 -31.312500
vt 38.104168 9.000000
vt 38.104168 10.000000
vt 36.000000 10.000000
vt 36.000000 9.000000
vt 33.041668 -31.312500
vt 33.041668 -31.250000
vt 30.937500 -31.250000
vt 30.916668 -31.312500
vt 32.062500 9.000000
vt 32.062500 10.000000
vt 29.937500 10.000000
vt 29.937500 9.000000
vt 29.958334 9.000000
vt 29.958334 10.000000
vt 20.916668 9.000000
vt 20.916668 10.000000
vt 20.875000 10.000000
vt 20.875000 9.000000
vt 42.708336 9.000000
vt 42.708336 10.000000
vt 42.750000 10.000000
vt 42.750000 9.000000
vt 42.750000 -23.906250
vt 42.708336 -23.906250
vt 37.812500 -31.250000
vt 37.812500 -31.312500
vt 15.979167 9.000000
vt 15.979167 10.000000
vt 20.937500 9.000000
vt 20.937500 10.000000
vt 16.041668 10.000000
vt 16.041668 9.000000
vt 7.666667 9.000000
vt 7.666667 10.000000
vt 7.708333 10.000000
vt 7.708333 9.000000
vt 45.041668 -11.093750
vt 45.041668 -11.031250
vt 42.375000 -12.687500
vt 42.416668 -12.718750
vt 42.000000 9.000000
vt 42.000000 10.000000
vt 44.666668 10.000000
vt 44.666668 9.000000
vt 45.041668 9.000000
vt 45.041668 10.000000
vt 42.416668 10.000000
vt 42.416668 9.000000
vt 42.812500 9.000000
vt 42.812500 10.000000
vt 42.770836 10.000000
vt 42.770836 9.000000
vt 39.479168 -3.062500
vt 39.437500 -3.000000
vt 37.437500 -6.000000
vt 37.479168 -6.062500
vt 2.062500 -3.000000
vt 2.062500 -2.000000
vt 2.104167 -2.000000
vt 2.104167 -3.000000
vt 4.062500 -3.000000
vt 4.062500 -2.000000
vt 4.104167 -2.000000
vt 4.104167 -3.000000
vt 42.333336 -3.000000
vt 42.333336 -2.000000
vt 42.270836 -2.000000
vt 42.270836 -3.000000
vt 41.854168 -12.437500
vt 41.812500 -12.500000
vt 42.270836 -14.125000
vt 42.333336 -14.125000
vt 8.437500 -3.000000
vt 8.437500 -2.000000
vt 8.395834 -2.000000
vt 8.395834 -3.000000
vt 9.520834 -2.000000
vt 9.520834 -3.000000
vt 28.854168 9.000000
vt 28.895834 9.000000
vt 28.895834 10.000000
vt 28.854168 10.000000
vt 31.250000 9.500000
vt 31.208334 9.500000
vt 31.208334 10.500000
vt 31.250000 10.500000
vt 27.040144 -15.414625
vt 27.007948 -15.438038
vt 27.025539 -11.178516
vt 27.057732 -11.155104
vt 28.854168 -35.250000
vt 28.895834 -35.250000
vt 29.979168 -31.312500
vt 29.937500 -31.312500
vt 22.562500 9.000000
vt 19.937500 9.000000
vt 19.937500 10.000000
vt 22.562500 10.000000
vt 15.312500 -3.000000
vt 15.312500 -2.000000
vt 15.375000 -2.000000
vt 15.375000 -3.000000
vt 15.395834 -3.000000
vt 15.395834 -2.000000
vt 15.333334 -2.000000
vt 15.333334 -3.000000
vt 45.562500 -22.687500
vt 42.729168 -22.687500
vt 42.729168 -22.781250
vt 45.562500 -22.781250
vt 42.729168 -3.000000
vt 42.729168 -2.000000
vt 45.562500 -2.000000
vt 45.562500 -3.000000
vt 37.520836 -6.000000
vt 41.770836 -12.500000
vt 41.812500 -12.437500
vt 4.125000 -2.000000
vt 7.424832 -3.000000
vt 4.125000 -3.000000
vt 8.416667 -3.000000
vt 8.416667 -2.000000
vt 7.445665 -3.000000
vt 4.145833 -3.000000
vt 4.145833 -2.000000
vt 43.041668 9.000000
vt 43.041668 10.000000
vt 43.000000 10.000000
vt 43.000000 9.000000
vt 43.000000 -16.906250
vt 43.041668 -16.906250
vt 43.041668 -13.625000
vt 43.000000 -13.593750
vt 14.083334 9.000000
vt 14.083334 10.000000
vt 16.270834 10.000000
vt 16.270834 9.000000
vt 14.062500 9.000000
vt 14.062500 10.000000
vt 43.000000 -20.593750
vt 43.041668 -20.625000
vt 43.000000 -23.906250
vt 43.041668 -23.906250
vt 9.416667 10.000000
vt 11.604167 9.000000
vt 9.416667 9.000000
vt 9.395834 9.000000
vt 9.395834 10.000000
vt 42.791668 -2.000000
vt 42.791668 -3.000000
vt 42.791668 -16.031250
vt 42.791668 -14.125000
vt 42.729168 -14.125000
vt 42.729168 -16.031250
vt 14.645834 -3.000000
vt 15.916667 -3.000000
vt 15.916667 -2.000000
vt 14.645834 -2.000000
vt 14.625000 -3.000000
vt 14.625000 -2.000000
vt 15.895834 -2.000000
vt 15.895834 -3.000000
vt 42.729168 -21.125000
vt 42.791668 -21.125000
vt 42.729168 -23.031250
vt 42.791668 -23.031250
vt 11.250000 -3.000000
vt 9.979167 -3.000000
vt 9.979167 -2.000000
vt 9.958334 -2.000000
vt 11.229167 -3.000000
vt 9.958334 -3.000000
s 1
usemtl material_37_88
f 4038/2903/601 4039/2904/601 4040/2905/602
f 4038/2903/601 4040/2905/602 4041/2906/603
s 0
f 4042/2907/604 4043/2908/604 4044/2909/604
f 4042/2907/604 4044/2909/604 4045/2910/604
s 1
f 4046/2911/603 4047/2912/602 4048/2913/605
f 4046/2911/603 4048/2913/605 4049/2914/605
f 4050/2914/606 4051/2913/606 4052/2912/607
f 4050/2914/606 4052/2912/607 4053/2911/608
s 0
f 4054/2915/604 4055/2916/604 4056/2917/604
f 4054/2915/604 4056/2917/604 4057/2918/604
f 4058/2919/605 4059/2920/605 4060/2921/605
f 4058/2919/605 4060/2921/605 4061/2922/605
f 4062/2923/606 4063/2924/606 4064/2920/606
f 4062/2923/606 4064/2920/606 4065/2919/606
s 1
f 4066/2925/609 4067/2926/610 4068/2927/611
f 4066/2925/609 4068/2927/611 4069/2928/611
f 4247/2925/612 4249/2926/612 4072/2927/607
f 4247/2925/612 4072/2927/607 4073/2928/608
f 4074/2929/613 4075/2930/614 4076/2931/606
f 4074/2929/613 4076/2931/606 4077/2932/606
s 0
f 4078/2933/604 4079/2934/604 4080/2935/604
f 4078/2933/604 4080/2935/604 4081/2936/604
s 1
f 4082/2937/615 4083/2938/616 4250/2926/617
f 4082/2937/615 4071/2926/602 4070/2925/603
f 4084/2939/618 4085/2940/619 4086/2941/614
f 4248/2939/620 4086/2941/614 4087/2942/621
s 0
f 4088/2943/601 4089/2944/601 4090/2945/601
f 4088/2943/601 4090/2945/601 4091/2946/601
f 4092/2947/604 4093/2948/604 4094/2949/604
s 1
f 4092/2947/604 4094/2949/604 4095/2950/604
s 0
f 4096/2951/622 4097/2952/622 4098/2953/622
f 4096/2951/622 4098/2953/622 4099/2954/622
f 4100/2955/623 4101/2956/623 4102/2957/623
f 4100/2955/623 4102/2957/623 4103/2958/623
f 4104/2959/624 4105/2960/624 4106/2961/624
f 4104/2959/624 4106/2961/624 4107/2962/624
f 4108/2963/604 4109/2964/604 4110/2965/604
f 4108/2963/604 4110/2965/604 4111/2966/604
f 4112/2967/625 4113/2968/625 4114/2969/625
f 4112/2967/625 4114/2969/625 4115/2970/625
f 4116/2971/620 4117/2972/620 4253/2968/620
f 4116/2971/620 4253/2968/620 4256/2967/620
f 4257/2970/617 4251/2969/617 4118/2973/617
f 4257/2970/617 4118/2973/617 4119/2974/617
f 4120/2975/605 4121/2976/605 4122/2977/605
f 4120/2975/605 4122/2977/605 4123/2978/605
f 4124/2979/604 4125/2980/604 4126/2981/604
f 4124/2979/604 4126/2981/604 4127/2982/604
f 4128/2983/620 4129/2984/620 4130/2985/620
f 4128/2983/620 4130/2985/620 4131/2986/620
s 1
f 4255/2986/626 4252/2985/627 4132/2987/628
f 4255/2986/626 4132/2987/628 4133/2988/629
f 4134/2988/630 4135/2987/631 4258/2984/632
f 4134/2988/630 4258/2984/632 4259/2983/633
s 0
f 4136/2989/605 4137/2990/605 4138/2991/605
f 4136/2989/605 4138/2991/605 4139/2992/605
f 4140/2993/606 4141/2994/606 4142/2995/606
f 4140/2993/606 4142/2995/606 4143/2996/606
f 4144/2997/634 4145/2998/634 4146/2999/634
f 4144/2997/634 4146/2999/634 4147/3000/634
f 4148/3001/604 4149/3002/604 4150/3003/604
f 4148/3001/604 4150/3003/604 4151/3004/604
f 4152/3005/635 4153/3006/635 4154/3007/635
f 4152/3005/635 4154/3007/635 4155/3008/635
s 1
f 4156/3005/636 4157/3008/636 4158/3007/610
f 4156/3005/636 4158/3007/610 4159/3006/609
s 0
f 4160/3009/601 4161/3010/601 4162/3011/601
f 4160/3009/601 4162/3011/601 4163/3012/601
f 4164/3013/612 4165/3014/612 4166/3015/612
f 4164/3013/612 4166/3015/612 4167/3016/612
f 4168/3017/604 4169/3018/604 4170/3019/604
f 4168/3017/604 4170/3019/604 4171/3020/604
f 4172/3021/606 4173/3022/606 4174/3023/606
f 4172/3021/606 4174/3023/606 4175/3024/606
f 4176/3024/605 4177/3023/605 4178/3022/605
f 4176/3024/605 4178/3022/605 4179/3021/605
f 4180/3025/604 4254/2966/604 4181/3026/604
f 4180/3025/604 4181/3026/604 4182/3027/604
f 4183/3028/625 4184/3029/625 4185/3030/625
s 1
f 4184/3029/625 4183/3028/625 4186/3031/637
f 4186/3031/637 4183/3028/625 4187/3032/638
f 4258/2984/632 4188/3033/639 4259/2983/633
f 4188/3033/639 4258/2984/632 4189/3034/639
f 4189/3034/639 4258/2984/632 4190/3035/639
f 4191/3036/640 4192/3037/641 4193/3038/605
f 4191/3036/640 4193/3038/605 4194/3039/605
s 0
f 4195/3040/604 4196/3041/604 4197/3042/604
f 4195/3040/604 4197/3042/604 4198/3043/604
s 1
f 4199/3044/601 4200/3045/601 4201/3046/642
f 4199/3044/601 4201/3046/642 4202/3047/601
f 4203/3048/612 4204/3047/621 4205/3046/612
s 0
f 4203/3048/612 4205/3046/612 4206/3049/612
f 4207/3039/643 4208/3038/643 4209/3037/643
f 4207/3039/643 4209/3037/643 4210/3036/643
f 4211/3050/604 4196/3041/604 4195/3040/604
f 4196/3041/604 4211/3050/604 4212/3051/604
f 4212/3051/604 4211/3050/604 4213/3052/604
f 4212/3051/604 4213/3052/604 4214/3053/604
f 4215/3054/601 4216/3055/601 4217/3056/601
f 4216/3055/601 4215/3054/601 4199/3044/601
f 4199/3044/601 4215/3054/601 4200/3045/601
f 4206/3049/612 4218/3055/612 4203/3048/612
f 4218/3055/612 4206/3049/612 4219/3057/612
f 4219/3057/612 4206/3049/612 4220/3058/612
f 4221/3021/606 4222/3022/606 4223/3059/606
f 4221/3021/606 4223/3059/606 4224/3060/606
f 4225/3061/604 4226/3062/604 4227/3063/604
f 4225/3061/604 4227/3063/604 4228/3064/604
f 4229/3065/612 4230/3066/612 4231/3067/612
f 4229/3065/612 4231/3067/612 4232/3068/612
s 1
f 4233/3069/601 4234/3070/601 4235/3071/601
f 4233/3069/601 4235/3071/601 4236/3072/601
s 0
f 4237/3073/604 4225/3061/604 4228/3064/604
f 4225/3061/604 4237/3073/604 4238/3074/604
f 4238/3074/604 4237/3073/604 4239/3075/604
f 4238/3074/604 4239/3075/604 4240/3076/604
f 4232/3068/612 4241/3077/612 4229/3065/612
s 1
f 4241/3077/612 4232/3068/612 4242/3078/630
f 4242/3078/630 4232/3068/612 4243/3079/644
f 4244/3080/645 4245/3081/601 4246/3082/646
f 4245/3081/601 4244/3080/645 4233/3069/601
f 4233/3069/601 4244/3080/645 4234/3070/601
o Object_93
v 23.743795 -5.668280 -12.785121
v 23.491873 -5.416357 -13.037045
v 22.799082 -5.416357 -12.344254
v 23.051006 -5.668280 -12.092331
v 29.349094 -5.668280 -12.092331
v 29.601019 -5.416357 -12.344254
v 28.908228 -5.416357 -13.037045
v 28.656305 -5.668280 -12.785121
v 29.601019 -5.416357 -7.053860
v 29.349094 -5.668280 -7.305783
v 28.656305 -5.668280 -6.612993
v 28.908228 -5.416357 -6.361070
v 23.491873 -5.416357 -6.361070
v 23.743795 -5.668280 -6.612993
v 23.051006 -5.668280 -7.305783
v 22.799082 -5.416357 -7.053860
vn 0.4082 0.8165 0.4082
vn -0.4082 0.8165 0.4082
vn -0.4082 0.8165 -0.4082
vn 0.4082 0.8165 -0.4082
vt 25.991995 6.212367
vt 25.991995 5.991395
vt 25.019724 5.991395
vt 25.019724 6.212367
vt 12.984203 -16.784229
vt 12.984203 -17.005199
vt 12.011931 -17.005199
vt 12.011931 -16.784229
vt 25.986633 11.216572
vt 25.986633 10.995601
vt 25.014362 10.995601
vt 25.014362 11.216572
vt 11.989565 -11.787836
vt 11.989565 -12.008807
vt 11.017293 -12.008807
vt 11.017293 -11.787836
s 0
usemtl material_37_89
f 4260/3083/647 4261/3084/647 4262/3085/647
f 4260/3083/647 4262/3085/647 4263/3086/647
f 4264/3087/648 4265/3088/648 4266/3089/648
f 4264/3087/648 4266/3089/648 4267/3090/648
f 4268/3091/649 4269/3092/649 4270/3093/649
f 4268/3091/649 4270/3093/649 4271/3094/649
f 4272/3095/650 4273/3096/650 4274/3097/650
f 4272/3095/650 4274/3097/650 4275/3098/650
o Object_94
v 32.372177 1.511541 -7.620687
v 32.372177 1.259618 -7.620687
v 32.025784 1.259618 -6.801936
v 32.025784 1.511541 -6.801936
v 33.726265 1.511541 -10.816968
v 33.726265 1.259618 -10.816968
v 33.726265 1.259618 -12.155312
v 33.726265 1.511541 -12.155312
v 32.372177 1.511541 -10.816968
v 32.372177 1.259618 -10.816968
v 33.726265 1.259618 -10.816968
v 33.726265 1.511541 -10.816968
v 32.372177 1.511541 -12.155312
v 32.372177 1.259618 -12.155312
v 32.372177 1.259618 -10.816968
v 32.372177 1.511541 -10.816968
v 33.726265 1.511541 -12.155312
v 33.726265 1.259618 -12.155312
v 32.372177 1.259618 -12.155312
v 32.372177 1.511541 -12.155312
v 33.726265 1.259618 -12.155312
v 33.726265 1.259618 -10.816968
v 32.372177 1.259618 -10.816968
v 32.372177 1.259618 -12.155312
v 32.372177 1.511541 -12.155312
v 32.372177 1.511541 -10.816968
v 33.726265 1.511541 -10.816968
v 33.726265 1.511541 -12.155312
v 32.372177 1.511541 -7.620687
v 32.372177 1.259618 -7.620687
v 34.513527 1.259618 -7.620687
v 34.513527 1.511541 -7.620687
v 34.513527 1.511541 -10.816968
v 34.513527 1.259618 -10.816968
v 32.372177 1.259618 -10.816968
v 32.372177 1.511541 -10.816968
v 32.372177 1.511541 -10.816968
v 32.372177 1.259618 -10.816968
v 34.513527 1.259618 -7.620687
v 32.372177 1.259618 -7.620687
v 34.513527 1.259618 -10.816968
v 34.513527 1.511541 -10.816968
v 32.372177 1.511541 -7.620687
v 34.513527 1.511541 -7.620687
v 34.513527 1.511541 -11.950624
v 34.513527 1.259618 -11.950624
v 34.434803 1.259618 -11.950624
v 34.434803 1.511541 -11.950624
v 34.434803 1.511541 -10.816968
v 34.434803 1.259618 -10.816968
v 34.513527 1.259618 -11.950624
v 34.434803 1.259618 -10.816968
v 34.434803 1.259618 -11.950624
v 34.434803 1.511541 -11.950624
v 34.434803 1.259618 -11.950624
v 34.434803 1.259618 -10.816968
v 34.434803 1.511541 -10.816968
v 34.513527 1.511541 -11.950624
v 34.434803 1.511541 -11.950624
v 34.434803 1.511541 -10.816968
v 34.513527 1.511541 -10.816968
v 34.513527 1.259618 -10.816968
v 34.513527 1.259618 -11.950624
v 34.513527 1.511541 -11.950624
v 34.513527 1.511541 -11.950624
v 34.513527 1.259618 -11.950624
v 34.513527 1.259618 -12.155312
v 34.513527 1.511541 -12.155312
v 33.726265 1.511541 -12.155312
v 33.726265 1.259618 -12.155312
v 33.726265 1.259618 -11.950624
v 33.726265 1.511541 -11.950624
v 34.513527 1.259618 -12.155312
v 33.726265 1.259618 -11.950624
v 34.513527 1.511541 -12.155312
v 34.513527 1.259618 -12.155312
v 33.726265 1.259618 -12.155312
v 33.726265 1.511541 -12.155312
v 34.513527 1.511541 -11.950624
v 34.513527 1.511541 -12.155312
v 33.726265 1.511541 -12.155312
v 33.726265 1.511541 -11.950624
v 33.726265 1.511541 -11.950624
v 33.726265 1.259618 -11.950624
v 34.513527 1.259618 -11.950624
v 34.513527 1.511541 -11.950624
v 33.005627 1.259618 -4.758696
v 30.262318 1.259618 -2.015388
v 28.750776 1.259618 -3.526930
v 31.494083 1.259618 -6.270237
v 32.025784 1.259618 -6.801936
v 33.537323 1.259618 -5.290395
v 33.005627 1.511541 -4.758696
v 31.494083 1.511541 -6.270237
v 28.750776 1.511541 -3.526930
v 30.262318 1.511541 -2.015388
v 33.537323 1.511541 -5.290395
v 32.025784 1.511541 -6.801936
v 28.750776 1.511541 -3.526930
v 28.750776 1.259618 -3.526930
v 30.262318 1.259618 -2.015388
v 30.262318 1.511541 -2.015388
v 31.494083 1.259618 -6.270237
v 31.494083 1.511541 -6.270237
v 28.750776 1.511541 -3.526930
v 28.750776 1.259618 -3.526930
v 28.750776 1.259618 -3.526930
v 33.726265 1.259618 -12.155312
v 32.372177 1.511541 -10.816968
v 32.025784 1.259618 -6.801936
v 32.372177 1.259618 -10.816968
v 34.513527 1.259618 -10.816968
v 34.513527 1.259618 -10.816968
v 34.513527 1.259618 -11.950624
v 34.513527 1.511541 -10.816968
v 34.513527 1.511541 -10.816968
vn -0.9899 -0.0000 -0.1419
vn -0.9988 -0.0000 -0.0480
vn -0.7490 -0.0001 -0.6626
vn -0.8384 -0.0000 -0.5451
vn 1.0000 -0.0000 -0.0000
vn -0.0000 -0.0000 1.0000
vn -1.0000 -0.0000 -0.0000
vn -0.0000 -0.0000 -1.0000
vn -0.0000 -1.0000 -0.0000
vn -0.0000 1.0000 -0.0000
vn -0.7071 -0.0000 0.7071
vn -0.7071 -0.0000 -0.7071
vt 0.554688 3.520833
vt 0.471354 3.520833
vt 0.471354 3.250000
vt 0.554688 3.250000
vt 0.554688 4.578125
vt 0.471354 4.578125
vt 0.471354 5.020833
vt 0.554688 5.020833
vt 16.062500 0.250000
vt 16.062500 0.375000
vt 16.734375 0.375000
vt 16.734375 0.250000
vt 0.554688 4.809896
vt 0.471354 4.809896
vt 0.471354 4.367188
vt 0.554688 4.367188
vt 0.554688 12.156250
vt 0.471354 12.156250
vt 0.471354 11.708334
vt 0.554688 11.708334
vt 16.148438 -3.553267
vt 16.148438 -2.949574
vt 15.476563 -2.949574
vt 15.476563 -3.553267
vt 0.471354 12.416667
vt 0.554688 12.416667
vt 16.539062 -1.507813
vt 15.476563 -1.507813
vt 16.539062 -2.949574
vt 0.554688 12.158854
vt 0.471354 12.158854
vt 0.471354 12.132813
vt 0.554688 12.132813
vt 0.554688 12.390625
vt 0.471354 12.390625
vt 16.539062 -3.460938
vt 16.500000 -2.949574
vt 16.500000 -3.460938
vt 0.554688 4.953125
vt 0.471354 4.953125
vt 4.468750 0.250000
vt 4.468750 0.375000
vt 5.031250 0.375000
vt 5.031250 0.250000
vt 5.929688 0.250000
vt 5.929688 0.375000
vt 6.031250 0.375000
vt 6.031250 0.250000
vt 16.539062 -3.553267
vt 16.148438 -3.460938
vt 0.471354 11.898438
vt 0.554688 11.898438
vt 15.757813 -3.553267
vt 15.757813 -3.460938
vt 12.209297 11.535543
vt 10.459296 11.535543
vt 10.459296 10.474883
vt 12.209296 10.474883
vt 12.548475 10.474883
vt 12.548475 11.535543
vt 0.554688 2.166667
vt 0.471354 2.166667
vt 0.471354 1.666667
vt 0.554688 1.666667
vt 0.554688 3.074121
vt 0.471354 3.074121
s 1
usemtl material_37_90
f 4276/3099/651 4277/3100/652 4278/3101/653
f 4276/3099/651 4278/3101/653 4279/3102/654
s 0
f 4280/3103/655 4281/3104/655 4282/3105/655
f 4280/3103/655 4282/3105/655 4283/3106/655
f 4284/3107/656 4285/3108/656 4286/3109/656
f 4284/3107/656 4286/3109/656 4287/3110/656
f 4288/3111/657 4289/3112/657 4290/3113/657
f 4288/3111/657 4290/3113/657 4291/3114/657
f 4292/3115/658 4293/3116/658 4294/3117/658
f 4292/3115/658 4294/3117/658 4295/3118/658
f 4296/3119/659 4297/3120/659 4298/3121/659
f 4296/3119/659 4298/3121/659 4299/3122/659
f 4300/3122/660 4301/3121/660 4302/3120/660
f 4300/3122/660 4302/3120/660 4303/3119/660
f 4304/3118/656 4305/3117/656 4306/3123/656
f 4304/3118/656 4306/3123/656 4307/3124/656
f 4308/3124/658 4309/3123/658 4310/3117/658
f 4308/3124/658 4310/3117/658 4311/3118/658
s 1
f 4312/3103/657 4313/3104/657 4277/3100/652
f 4312/3103/657 4277/3100/652 4276/3099/651
s 0
f 4314/3125/659 4315/3126/659 4386/3121/659
f 4314/3125/659 4386/3121/659 4316/3127/659
f 4317/3127/660 4384/3121/660 4318/3126/660
f 4317/3127/660 4318/3126/660 4319/3125/660
f 4320/3128/658 4321/3129/658 4322/3130/658
f 4320/3128/658 4322/3130/658 4323/3131/658
f 4324/3132/656 4325/3133/656 4387/3123/656
f 4324/3132/656 4387/3123/656 4390/3124/656
f 4326/3134/659 4388/3127/659 4327/3135/659
f 4326/3134/659 4327/3135/659 4328/3136/659
f 4329/3137/657 4330/3138/657 4331/3104/657
f 4329/3137/657 4331/3104/657 4332/3103/657
f 4391/3127/660 4333/3134/660 4334/3136/660
f 4391/3127/660 4334/3136/660 4335/3135/660
f 4336/3139/655 4337/3140/655 4338/3141/655
f 4336/3139/655 4338/3141/655 4339/3142/655
f 4340/3143/655 4341/3144/655 4342/3145/655
f 4340/3143/655 4342/3145/655 4343/3146/655
f 4344/3146/657 4345/3145/657 4346/3144/657
f 4344/3146/657 4346/3144/657 4347/3143/657
f 4348/3147/659 4389/3134/659 4349/3148/659
f 4348/3147/659 4349/3148/659 4383/3119/659
f 4350/3128/658 4351/3129/658 4352/3149/658
f 4350/3128/658 4352/3149/658 4353/3150/658
f 4354/3148/660 4355/3119/660 4356/3151/660
f 4354/3148/660 4356/3151/660 4357/3152/660
f 4358/3115/656 4359/3116/656 4360/3123/656
f 4358/3115/656 4360/3123/656 4361/3124/656
f 4362/3153/659 4363/3154/659 4364/3155/659
f 4362/3153/659 4364/3155/659 4365/3156/659
f 4362/3153/659 4365/3156/659 4366/3157/659
f 4362/3153/659 4366/3157/659 4367/3158/659
f 4368/3153/660 4369/3156/660 4370/3155/660
f 4368/3153/660 4370/3155/660 4371/3154/660
f 4368/3153/660 4372/3158/660 4373/3157/660
f 4368/3153/660 4373/3157/660 4369/3156/660
f 4374/3159/661 4375/3160/661 4376/3161/661
f 4374/3159/661 4376/3161/661 4377/3162/661
s 1
f 4278/3101/653 4379/3163/662 4279/3102/654
f 4379/3163/662 4278/3101/653 4380/3159/662
f 4380/3159/662 4278/3101/653 4381/3160/662
f 4382/3160/660 4385/3101/660 4378/3164/660
o Object_95
o Object_96
v 15.209885 -1.212382 -6.046165
v 15.587770 -1.212382 -6.046165
v 15.587770 -1.716229 -6.046165
v 15.209885 -1.716229 -6.046165
vn -0.0000 -0.0000 -1.0000
vt 40.000000 3.000000
vt 41.000000 3.000000
vt 41.000000 4.000000
vt 40.000000 4.000000
s 0
usemtl material_37_92
f 4392/3165/663 4393/3166/663 4394/3167/663
f 4392/3165/663 4394/3167/663 4395/3168/663
o Object_97
v 15.146904 -1.779210 -5.920204
v 15.209885 -1.716229 -6.046165
v 15.587770 -1.716229 -6.046165
v 15.650751 -1.779210 -5.920204
v 15.146904 -1.149401 -5.920204
v 15.209885 -1.212382 -6.046165
v 15.209885 -1.716229 -6.046165
v 15.146904 -1.779210 -5.920204
v 15.650751 -1.149401 -5.920204
v 15.587770 -1.212382 -6.046165
v 15.209885 -1.212382 -6.046165
v 15.146904 -1.149401 -5.920204
v 15.587770 -1.212382 -6.046165
v 15.650751 -1.149401 -5.920204
v 15.650751 -1.779210 -5.920204
v 15.587770 -1.716229 -6.046165
vn -0.0000 -0.8944 -0.4472
vn -0.8944 -0.0000 -0.4472
vn -0.0000 0.8944 -0.4472
vn 0.8944 -0.0000 -0.4472
vt 12.944445 -46.000000
vt 13.000000 -47.000000
vt 13.333333 -47.000000
vt 13.388889 -46.000000
vt -0.500000 48.000000
vt -0.555556 49.000000
vt -1.000000 49.000000
vt -1.055556 48.000000
s 0
usemtl material_37_93
f 4396/3169/664 4397/3170/664 4398/3171/664
f 4396/3169/664 4398/3171/664 4399/3172/664
f 4400/3173/665 4401/3174/665 4402/3175/665
f 4400/3173/665 4402/3175/665 4403/3176/665
f 4404/3172/666 4405/3171/666 4406/3170/666
f 4404/3172/666 4406/3170/666 4407/3169/666
f 4408/3174/667 4409/3173/667 4410/3176/667
f 4408/3174/667 4410/3176/667 4411/3175/667
o Object_98
v 20.799438 -6.046165 -8.880305
v 20.799438 -6.172127 -8.880305
v 20.799438 -6.172127 -10.643770
v 20.799438 -6.046165 -10.643770
v 18.075516 -6.046165 -10.391847
v 18.075516 -6.172127 -10.391847
v 18.075516 -6.172127 -9.132229
v 18.075516 -6.046165 -9.132229
v 20.799438 -6.046165 -10.643770
v 20.799438 -6.172127 -10.643770
v 18.327438 -6.172127 -10.643770
v 18.327438 -6.046165 -10.643770
v 18.327438 -6.046165 -8.880305
v 18.327438 -6.172127 -8.880305
v 20.799438 -6.172127 -8.880305
v 20.799438 -6.046165 -8.880305
v 18.327438 -6.172127 -8.880305
v 18.327438 -6.046165 -8.880305
v 18.327438 -6.046165 -10.643770
v 18.327438 -6.172127 -10.643770
v 18.075516 -6.172127 -10.391847
v 18.327438 -6.172127 -10.643770
v 20.799438 -6.172127 -10.643770
v 20.799438 -6.172127 -8.880305
v 18.327438 -6.172127 -8.880305
v 18.075516 -6.172127 -9.132229
v 18.327438 -6.046165 -10.643770
v 18.075516 -6.046165 -10.391847
v 18.075516 -6.046165 -9.132229
v 18.327438 -6.046165 -8.880305
v 20.799438 -6.046165 -8.880305
v 20.799438 -6.046165 -10.643770
vn 1.0000 -0.0000 -0.0000
vn -0.9959 -0.0000 -0.0907
vn -0.9615 -0.0000 -0.2748
vn -0.9959 -0.0000 0.0907
vn -0.9615 -0.0000 0.2748
vn -0.0000 -0.0000 -1.0000
vn -0.0484 -0.0000 -0.9988
vn -0.1669 -0.0000 -0.9860
vn -0.0484 -0.0000 0.9988
vn -0.1669 -0.0000 0.9860
vn -0.0000 -0.0000 1.0000
vn -0.0483 -0.0000 0.9988
vn -0.0483 -0.0000 -0.9988
vn -0.0000 -1.0000 -0.0000
vn -0.0000 1.0000 -0.0000
vt 8.812500 6.875000
vt 8.812500 7.000000
vt 10.562500 7.000000
vt 10.562500 6.875000
vt 8.468750 6.750000
vt 8.468750 6.875000
vt 7.332386 6.875000
vt 7.332386 6.750000
vt 17.857956 6.750000
vt 17.857956 6.875000
vt 15.627841 6.875000
vt 15.627841 6.750000
vt 7.105114 6.875000
vt 7.105114 6.750000
vt 8.696023 6.750000
vt 8.696023 6.875000
vt 15.400569 -8.062500
vt 17.857956 -7.812500
vt 15.627841 -7.812500
vt 17.857956 -9.562500
vt 15.400569 -9.312500
vt 15.627841 -9.562500
vt 18.529831 -9.453125
vt 16.299717 -7.703125
vt 18.529831 -7.703125
vt 16.072443 -7.953125
vt 16.072443 -9.203125
vt 16.299717 -9.453125
s 0
usemtl material_37_94
f 4412/3177/668 4413/3178/668 4414/3179/668
f 4412/3177/668 4414/3179/668 4415/3180/668
s 1
f 4416/3181/669 4417/3182/670 4418/3183/671
f 4416/3181/669 4418/3183/671 4419/3184/672
f 4420/3185/673 4421/3186/673 4422/3187/674
f 4420/3185/673 4422/3187/674 4423/3188/675
f 4424/3188/676 4425/3187/677 4426/3186/678
f 4424/3188/676 4426/3186/678 4427/3185/678
f 4419/3184/672 4418/3183/671 4428/3189/677
f 4419/3184/672 4428/3189/677 4429/3190/679
f 4430/3191/675 4431/3192/680 4417/3182/670
f 4430/3191/675 4417/3182/670 4416/3181/669
s 0
f 4437/3193/681 4435/3194/681 4436/3195/681
f 4435/3194/681 4437/3193/681 4434/3196/681
f 4434/3196/681 4437/3193/681 4432/3197/681
f 4434/3196/681 4432/3197/681 4433/3198/681
f 4443/3199/682 4441/3200/682 4442/3201/682
f 4441/3200/682 4443/3199/682 4440/3202/682
f 4440/3202/682 4443/3199/682 4439/3203/682
f 4439/3203/682 4443/3199/682 4438/3204/682
o Object_99
v 29.805706 -3.023083 -9.510115
v 29.805706 -3.023083 -10.139923
v 29.301859 -3.023083 -10.139923
v 29.301859 -3.023083 -9.510115
v 28.042242 -3.652892 -10.139923
v 29.301859 -3.023083 -10.139923
v 29.805706 -3.023083 -10.139923
v 29.553783 -3.400968 -10.139923
v 29.553783 -3.400968 -9.510115
v 29.805706 -3.023083 -9.510115
v 29.301859 -3.023083 -9.510115
v 28.042242 -3.652892 -9.510115
v 28.042242 -3.652892 -9.510115
v 29.301859 -3.023083 -9.510115
v 29.301859 -3.023083 -10.139923
v 28.042242 -3.652892 -10.139923
v 29.553783 -3.400968 -10.139923
v 29.805706 -3.023083 -10.139923
v 29.805706 -3.023083 -9.510115
v 29.553783 -3.400968 -9.510115
v 29.143461 -3.469302 -10.139923
v 29.143461 -3.469302 -9.510115
v 28.042242 -3.652892 -9.510115
v 28.042242 -3.652892 -10.139923
v 26.514956 -2.912866 -6.738955
v 25.885145 -2.912866 -6.738955
v 25.885145 -2.912866 -6.235108
v 26.514956 -2.912866 -6.235108
v 26.514956 -3.542675 -7.998573
v 26.514956 -2.912866 -6.738955
v 26.514956 -2.912866 -6.235108
v 26.514956 -3.290751 -6.487032
v 25.885145 -3.290751 -6.487032
v 25.885145 -2.912866 -6.235108
v 25.885145 -2.912866 -6.738955
v 25.885145 -3.542675 -7.998573
v 26.514956 -2.912866 -6.738955
v 26.514956 -3.542675 -7.998573
v 25.885145 -3.542675 -7.998573
v 25.885145 -2.912866 -6.738955
v 26.514956 -3.290751 -6.487032
v 26.514956 -2.912866 -6.235108
v 25.885145 -2.912866 -6.235108
v 25.885145 -3.290751 -6.487032
v 26.514956 -3.359086 -6.897352
v 25.885145 -3.359086 -6.897352
v 25.885145 -3.542675 -7.998573
v 26.514956 -3.542675 -7.998573
v 26.514956 -2.912866 -13.414929
v 25.885145 -2.912866 -13.414929
v 25.885145 -2.912866 -12.911082
v 26.514956 -2.912866 -12.911082
v 26.514956 -3.290751 -13.163006
v 26.514956 -2.912866 -13.414929
v 26.514956 -2.912866 -12.911082
v 26.514956 -3.542675 -11.651464
v 25.885145 -3.542675 -11.651464
v 25.885145 -2.912866 -12.911082
v 25.885145 -2.912866 -13.414929
v 25.885145 -3.290751 -13.163006
v 26.514956 -3.542675 -11.651464
v 26.514956 -2.912866 -12.911082
v 25.885145 -2.912866 -12.911082
v 25.885145 -3.542675 -11.651464
v 25.885145 -3.290751 -13.163006
v 25.885145 -2.912866 -13.414929
v 26.514956 -2.912866 -13.414929
v 26.514956 -3.290751 -13.163006
v 26.514956 -3.359086 -12.752686
v 26.514956 -3.542675 -11.651464
v 25.885145 -3.542675 -11.651464
v 25.885145 -3.359086 -12.752686
vn -0.0000 1.0000 -0.0000
vn -0.3363 0.9418 -0.0000
vn -0.0000 -0.0000 -1.0000
vn -0.0000 -0.0000 1.0000
vn -0.4472 0.8944 -0.0000
vn -0.3363 0.9417 -0.0000
vn 0.8321 -0.5547 -0.0000
vn 0.1644 -0.9864 -0.0000
vn -0.0000 0.9418 -0.3363
vn 1.0000 -0.0000 -0.0000
vn -1.0000 -0.0000 -0.0000
vn -0.0000 0.9417 -0.3363
vn -0.0000 0.8944 -0.4472
vn -0.0000 -0.5547 0.8321
vn -0.0000 -0.9864 0.1644
vn -0.0000 0.9418 0.3363
vn -0.0000 0.8944 0.4472
vn -0.0000 0.9417 0.3363
vn -0.0000 -0.5547 -0.8321
vn -0.0000 -0.9864 -0.1644
vt 14.718750 -4.671875
vt 14.718750 -4.984375
vt 14.468750 -4.984375
vt 14.468750 -4.671875
vt 12.968750 2.687500
vt 13.593750 2.375000
vt 13.843750 2.375000
vt 13.718750 2.562500
vt 13.843750 -4.296875
vt 14.468750 -4.296875
vt 14.468750 -4.609375
vt 13.843750 -4.609375
vt 4.531250 3.015625
vt 4.531250 2.828125
vt 4.218750 2.828125
vt 4.218750 3.015625
vt 14.390156 -4.984375
vt 14.390156 -4.671875
vt 13.843750 -4.671875
vt 13.843750 -4.984375
vt 13.125000 -3.234375
vt 12.812500 -3.234375
vt 12.812500 -2.984375
vt 13.125000 -2.984375
vt 4.125000 2.687500
vt 3.500000 2.375000
vt 3.250000 2.375000
vt 3.375000 2.562500
vt 13.125000 -2.359375
vt 12.812500 -2.359375
vt 13.125000 3.171875
vt 13.125000 2.984375
vt 12.812500 2.984375
vt 12.812500 3.171875
vt 13.125000 -3.312969
vt 12.812500 -3.312969
vt 12.812500 -3.859375
vt 13.125000 -3.859375
vt 13.125000 -5.281250
vt 12.812500 -5.281250
vt 12.812500 -5.031250
vt 13.125000 -5.031250
vt 6.421875 2.562500
vt 6.546875 2.375000
vt 6.296875 2.375000
vt 5.671875 2.687500
vt 13.125000 -4.531250
vt 13.125000 -5.156250
vt 12.812500 -5.156250
vt 12.812500 -4.531250
vt 13.125000 -4.952656
vt 13.125000 -4.406250
vt 12.812500 -4.406250
vt 12.812500 -4.952656
s 1
usemtl material_37_95
f 4444/3205/683 4445/3206/683 4446/3207/684
f 4444/3205/683 4446/3207/684 4447/3208/684
s 0
f 4448/3209/685 4449/3210/685 4450/3211/685
f 4448/3209/685 4450/3211/685 4451/3212/685
f 4452/3212/686 4453/3211/686 4454/3210/686
f 4452/3212/686 4454/3210/686 4455/3209/686
s 1
f 4456/3213/687 4457/3214/688 4458/3215/688
f 4456/3213/687 4458/3215/688 4459/3216/687
s 0
f 4460/3217/689 4461/3218/689 4462/3219/689
f 4460/3217/689 4462/3219/689 4463/3220/689
f 4464/3221/690 4465/3222/690 4466/3223/690
f 4464/3221/690 4466/3223/690 4467/3224/690
s 1
f 4468/3225/691 4469/3226/691 4470/3227/683
f 4468/3225/691 4470/3227/683 4471/3228/683
s 0
f 4472/3229/692 4473/3230/692 4474/3231/692
f 4472/3229/692 4474/3231/692 4475/3232/692
f 4476/3232/693 4477/3231/693 4478/3230/693
f 4476/3232/693 4478/3230/693 4479/3229/693
s 1
f 4480/3233/694 4481/3228/695 4482/3227/695
f 4480/3233/694 4482/3227/695 4483/3234/694
s 0
f 4484/3235/696 4485/3236/696 4486/3237/696
f 4484/3235/696 4486/3237/696 4487/3238/696
f 4488/3239/697 4489/3240/697 4490/3241/697
s 1
f 4488/3239/697 4490/3241/697 4491/3242/697
f 4492/3243/683 4493/3244/683 4494/3245/698
f 4492/3243/683 4494/3245/698 4495/3246/698
s 0
f 4496/3247/692 4497/3248/692 4498/3249/692
f 4496/3247/692 4498/3249/692 4499/3250/692
f 4500/3250/693 4501/3249/693 4502/3248/693
f 4500/3250/693 4502/3248/693 4503/3247/693
s 1
f 4504/3251/699 4505/3252/700 4506/3253/700
f 4504/3251/699 4506/3253/700 4507/3254/699
s 0
f 4508/3238/701 4509/3237/701 4510/3236/701
f 4508/3238/701 4510/3236/701 4511/3235/701
f 4512/3255/702 4513/3256/702 4514/3257/702
s 1
f 4512/3255/702 4514/3257/702 4515/3258/702
o Object_100
v 18.075516 -6.172127 -9.132229
v 18.327438 -6.172127 -8.880305
v 18.327438 -6.172127 -8.817325
v 18.012535 -6.172127 -9.132229
v 18.075516 -6.172127 -9.132229
v 18.012535 -6.172127 -9.132229
v 18.012535 -6.172127 -9.762038
v 18.075516 -6.172127 -9.762038
v 18.012535 -4.455898 -9.132229
v 18.327438 -4.455898 -8.817325
v 18.327438 -4.455898 -8.880305
v 18.075516 -4.455898 -9.132229
v 18.012535 -4.455898 -9.132229
v 18.075516 -4.455898 -9.132229
v 18.075516 -4.455898 -9.762038
v 18.012535 -4.455898 -9.762038
v 18.075516 -4.455898 -9.762038
v 18.075516 -6.172127 -9.762038
v 18.012535 -6.172127 -9.762038
v 18.012535 -4.455898 -9.762038
v 18.327438 -4.455898 -8.817325
v 18.327438 -6.172127 -8.817325
v 18.327438 -6.172127 -8.880305
v 18.327438 -4.455898 -8.880305
v 18.012535 -4.455898 -9.762038
v 18.012535 -6.172127 -9.762038
v 18.012535 -6.172127 -9.132229
v 18.012535 -4.455898 -9.132229
v 18.012535 -4.455898 -9.132229
v 18.012535 -6.172127 -9.132229
v 18.327438 -6.172127 -8.817325
v 18.327438 -4.455898 -8.817325
v 18.075516 -4.455898 -9.132229
v 18.075516 -6.172127 -9.132229
v 18.075516 -6.172127 -9.762038
v 18.075516 -4.455898 -9.762038
v 18.327438 -4.455898 -8.880305
v 18.327438 -6.172127 -8.880305
v 18.075516 -6.172127 -9.132229
v 18.075516 -4.455898 -9.132229
v 18.012535 -6.172127 -10.391847
v 18.327438 -6.172127 -10.706751
v 18.327438 -6.172127 -10.643770
v 18.075516 -6.172127 -10.391847
v 18.012535 -6.172127 -10.391847
v 18.075516 -6.172127 -10.391847
v 18.075516 -4.455898 -10.391847
v 18.327438 -4.455898 -10.643770
v 18.327438 -4.455898 -10.706751
v 18.012535 -4.455898 -10.391847
v 18.075516 -4.455898 -10.391847
v 18.012535 -4.455898 -10.391847
v 18.327438 -4.455898 -10.643770
v 18.327438 -6.172127 -10.643770
v 18.327438 -6.172127 -10.706751
v 18.327438 -4.455898 -10.706751
v 18.012535 -4.455898 -10.391847
v 18.012535 -6.172127 -10.391847
v 18.075516 -4.455898 -10.391847
v 18.075516 -6.172127 -10.391847
v 18.075516 -6.172127 -10.391847
v 18.075516 -4.455898 -10.391847
v 18.327438 -4.455898 -10.706751
v 18.327438 -6.172127 -10.706751
v 18.012535 -6.172127 -10.391847
v 18.012535 -4.455898 -10.391847
v 20.799438 -4.455898 -10.643770
v 20.799438 -6.172127 -10.643770
v 20.799438 -6.172127 -10.706751
v 20.799438 -4.455898 -10.706751
v 18.327438 -4.455898 -10.706751
v 18.327438 -6.172127 -10.706751
v 18.327438 -6.172127 -10.643770
v 18.327438 -4.455898 -10.643770
v 20.799438 -6.172127 -10.643770
v 18.327438 -6.172127 -10.643770
v 18.327438 -6.172127 -10.706751
v 20.799438 -6.172127 -10.706751
v 20.799438 -4.455898 -10.706751
v 18.327438 -4.455898 -10.706751
v 18.327438 -4.455898 -10.643770
v 20.799438 -4.455898 -10.643770
v 18.327438 -4.455898 -10.643770
v 18.327438 -6.172127 -10.643770
v 20.799438 -6.172127 -10.643770
v 20.799438 -4.455898 -10.643770
v 20.799438 -4.455898 -10.706751
v 20.799438 -6.172127 -10.706751
v 18.327438 -6.172127 -10.706751
v 18.327438 -4.455898 -10.706751
v 20.799438 -4.455898 -8.817325
v 20.799438 -6.172127 -8.817325
v 20.799438 -6.172127 -8.880305
v 20.799438 -4.455898 -8.880305
v 18.327438 -4.455898 -8.880305
v 18.327438 -6.172127 -8.880305
v 18.327438 -6.172127 -8.817325
v 18.327438 -4.455898 -8.817325
v 20.799438 -6.172127 -8.817325
v 18.327438 -6.172127 -8.817325
v 18.327438 -6.172127 -8.880305
v 20.799438 -6.172127 -8.880305
v 20.799438 -4.455898 -8.880305
v 18.327438 -4.455898 -8.880305
v 18.327438 -4.455898 -8.817325
v 20.799438 -4.455898 -8.817325
v 20.799438 -4.455898 -8.880305
v 20.799438 -6.172127 -8.880305
v 18.327438 -6.172127 -8.880305
v 18.327438 -4.455898 -8.880305
v 18.327438 -4.455898 -8.817325
v 18.327438 -6.172127 -8.817325
v 20.799438 -6.172127 -8.817325
v 20.799438 -4.455898 -8.817325
v 20.862419 -6.172127 -8.817325
v 20.862419 -4.455898 -8.817325
v 20.862419 -4.455898 -8.880305
v 20.862419 -4.455898 -10.643770
v 20.799438 -4.455898 -10.643770
v 20.799438 -4.455898 -8.880305
v 20.862419 -4.455898 -10.706751
v 20.862419 -6.172127 -10.706751
v 20.862419 -6.172127 -8.817325
v 20.799438 -6.172127 -8.817325
v 20.799438 -6.172127 -10.706751
v 20.862419 -6.172127 -10.706751
v 20.799438 -4.455898 -10.706751
v 20.799438 -6.172127 -10.706751
v 20.799438 -6.172127 -8.817325
v 20.799438 -4.455898 -8.817325
v 20.799438 -4.455898 -8.880305
v 20.799438 -4.455898 -10.643770
v 20.862419 -4.455898 -8.817325
v 20.862419 -6.172127 -8.817325
v 20.862419 -6.172127 -10.706751
v 20.862419 -4.455898 -10.706751
v 20.862419 -4.455898 -10.643770
v 20.862419 -4.455898 -8.880305
v 18.012535 -4.455898 -9.762038
v 18.075516 -4.455898 -9.762038
v 18.012535 -6.172127 -9.762038
v 18.075516 -6.172127 -9.762038
vn -0.0000 -1.0000 -0.0000
vn -0.0000 1.0000 -0.0000
vn -0.0000 -0.0000 -1.0000
vn 1.0000 -0.0000 -0.0000
vn 0.0725 -0.0000 -0.9974
vn 0.7474 -0.0000 -0.6644
vn -1.0000 -0.0000 -0.0000
vn -0.9806 -0.0000 0.1961
vn -0.8944 -0.0000 0.4472
vn -0.7682 -0.0000 0.6402
vn -0.0716 -0.0000 0.9974
vn 0.9864 -0.0000 -0.1644
vn 0.9138 -0.0000 -0.4061
vn 0.9138 -0.0000 -0.4062
vn -0.0000 -0.0000 1.0000
vn 0.0726 -0.0000 0.9974
vn 0.7474 -0.0000 0.6643
vn -0.9806 -0.0000 -0.1961
vn -0.8944 -0.0000 -0.4472
vn 0.9138 -0.0000 0.4062
vn 0.9864 -0.0000 0.1644
vn 0.9138 -0.0000 0.4061
vn -0.7682 -0.0000 -0.6402
vn -0.0716 -0.0000 -0.9974
vn 0.0725 -0.0000 0.9974
vn -0.0717 -0.0000 -0.9974
vn -0.0717 -0.0000 0.9974
vt 11.364584 -5.041667
vt 11.531250 -4.875000
vt 11.531250 -4.833333
vt 11.322917 -5.041667
vt 11.166667 -4.833333
vt 11.125000 -4.833333
vt 11.125000 -5.250000
vt 11.166667 -5.250000
vt 12.000544 5.602169
vt 12.000544 5.896797
vt 12.030005 5.867334
vt 12.030005 5.631632
vt 10.989584 -4.843750
vt 11.031250 -4.843750
vt 11.031250 -5.260417
vt 10.989584 -5.260417
vt 11.958334 3.947917
vt 11.958334 5.083333
vt 11.916667 5.083333
vt 11.916667 3.947917
vt 5.239583 3.947917
vt 5.239583 5.083333
vt 5.281250 5.083333
vt 5.281250 3.947917
vt 5.989583 3.947917
vt 5.989583 5.083333
vt 5.572917 5.083333
vt 5.572917 3.947917
vt 5.093750 3.947917
vt 5.093750 5.083333
vt 4.885417 5.083333
vt 4.885417 3.947917
vt 6.041667 3.947917
vt 6.041667 5.083333
vt 6.458333 5.083333
vt 6.458333 3.947917
vt 4.895833 3.947917
vt 4.895833 5.083333
vt 5.062500 5.083333
vt 5.062500 3.947917
vt 10.947917 -5.875000
vt 11.156250 -6.083333
vt 11.156250 -6.041667
vt 10.989584 -5.875000
vt 11.125000 -5.666667
vt 11.166667 -5.666667
vt 12.390095 5.031960
vt 12.625796 5.031960
vt 12.655260 5.002497
vt 12.360632 5.002497
vt 11.031250 -5.677083
vt 10.989584 -5.677083
vt 6.072917 3.947917
vt 6.072917 5.083333
vt 6.114583 5.083333
vt 6.114583 3.947917
vt 6.406250 3.947917
vt 6.406250 5.083333
vt 5.906250 3.947917
vt 5.906250 5.083333
vt 6.875000 5.083333
vt 6.875000 3.947917
vt 6.093750 3.947917
vt 6.093750 5.083333
vt 5.885417 5.083333
vt 5.885417 3.947917
vt 6.572917 3.947917
vt 6.572917 5.083333
vt 6.614583 5.083333
vt 6.614583 3.947917
vt 13.291667 -6.041667
vt 11.656250 -6.041667
vt 11.656250 -6.083333
vt 13.291667 -6.083333
vt 12.802084 -6.041667
vt 11.166667 -6.041667
vt 11.166667 -6.000000
vt 12.802084 -6.000000
vt 11.656250 3.947917
vt 11.656250 5.083333
vt 13.291667 5.083333
vt 13.291667 3.947917
vt 5.364583 3.947917
vt 5.364583 5.083333
vt 5.406250 5.083333
vt 5.406250 3.947917
vt 13.291667 -4.833333
vt 11.656250 -4.833333
vt 11.656250 -4.875000
vt 13.291667 -4.875000
vt 12.979167 -4.000000
vt 11.343750 -4.000000
vt 11.343750 -3.958333
vt 12.979167 -3.958333
vt 13.333334 5.083333
vt 13.333334 3.947917
vt 13.010417 -4.666667
vt 13.010417 -5.833333
vt 12.968750 -5.833333
vt 12.968750 -4.666667
vt 13.760417 -4.833333
vt 13.718750 -4.833333
vt 13.718750 -6.083333
vt 13.760417 -6.083333
vt 7.083333 5.083333
vt 7.041667 3.947917
vt 7.083333 3.947917
vt 5.875000 3.947917
vt 5.833333 3.947917
vt 5.833333 5.083333
vt 3.965278 5.083333
vt 4.000000 3.947917
vt 3.965278 3.947917
vt 4.972222 3.947917
vt 5.006945 3.947917
vt 5.006945 5.083333
s 0
usemtl material_37_96
f 4516/3259/703 4517/3260/703 4518/3261/703
f 4516/3259/703 4518/3261/703 4519/3262/703
f 4520/3263/703 4521/3264/703 4522/3265/703
f 4520/3263/703 4522/3265/703 4523/3266/703
f 4524/3267/704 4525/3268/704 4526/3269/704
f 4524/3267/704 4526/3269/704 4527/3270/704
f 4528/3271/704 4529/3272/704 4530/3273/704
f 4528/3271/704 4530/3273/704 4531/3274/704
s 1
f 4532/3275/705 4533/3276/705 4534/3277/705
f 4532/3275/705 4534/3277/705 4535/3278/705
f 4536/3279/706 4537/3280/706 4538/3281/707
f 4536/3279/706 4538/3281/707 4539/3282/708
f 4540/3283/709 4541/3284/709 4542/3285/710
f 4540/3283/709 4542/3285/710 4543/3286/711
f 4544/3287/711 4545/3288/710 4546/3289/712
f 4544/3287/711 4546/3289/712 4547/3290/713
f 4548/3291/714 4549/3292/715 4550/3293/706
f 4548/3291/714 4550/3293/706 4551/3294/706
f 4552/3295/708 4553/3296/707 4554/3297/716
f 4552/3295/708 4554/3297/716 4555/3298/714
s 0
f 4556/3299/703 4557/3300/703 4558/3301/703
f 4556/3299/703 4558/3301/703 4559/3302/703
f 4560/3303/703 4561/3304/703 4523/3266/703
f 4560/3303/703 4523/3266/703 4522/3265/703
f 4562/3305/704 4563/3306/704 4564/3307/704
f 4562/3305/704 4564/3307/704 4565/3308/704
f 4566/3309/704 4567/3310/704 4531/3274/704
f 4566/3309/704 4531/3274/704 4530/3273/704
s 1
f 4654/3278/717 4656/3277/717 4657/3276/717
f 4654/3278/717 4657/3276/717 4655/3275/717
f 4568/3311/718 4569/3312/719 4570/3313/706
f 4568/3311/718 4570/3313/706 4571/3314/706
f 4572/3315/720 4573/3316/721 4541/3284/709
f 4572/3315/720 4541/3284/709 4540/3283/709
f 4574/3317/722 4575/3318/723 4569/3312/719
f 4574/3317/722 4569/3312/719 4568/3311/718
f 4551/3294/706 4550/3293/706 4576/3319/723
f 4551/3294/706 4576/3319/723 4577/3320/724
f 4578/3321/725 4579/3322/726 4580/3323/721
f 4578/3321/725 4580/3323/721 4581/3324/720
f 4582/3325/706 4583/3326/706 4584/3327/706
f 4582/3325/706 4584/3327/706 4585/3328/706
f 4586/3328/725 4587/3327/726 4588/3326/709
f 4586/3328/725 4588/3326/709 4589/3325/709
s 0
f 4590/3329/703 4591/3330/703 4592/3331/703
f 4590/3329/703 4592/3331/703 4593/3332/703
f 4594/3333/704 4595/3334/704 4596/3335/704
f 4594/3333/704 4596/3335/704 4597/3336/704
s 1
f 4598/3337/727 4599/3338/717 4600/3339/717
f 4598/3337/727 4600/3339/717 4601/3340/717
f 4602/3340/705 4603/3339/705 4604/3338/728
f 4602/3340/705 4604/3338/728 4605/3337/705
f 4606/3341/706 4607/3342/706 4608/3343/706
f 4606/3341/706 4608/3343/706 4609/3344/706
f 4610/3344/709 4611/3343/709 4612/3342/712
f 4610/3344/709 4612/3342/712 4613/3341/713
s 0
f 4614/3345/703 4615/3346/703 4616/3347/703
f 4614/3345/703 4616/3347/703 4617/3348/703
f 4618/3349/704 4619/3350/704 4620/3351/704
f 4618/3349/704 4620/3351/704 4621/3352/704
s 1
f 4622/3340/705 4623/3339/705 4624/3338/707
f 4622/3340/705 4624/3338/707 4625/3337/705
f 4626/3337/729 4627/3338/717 4628/3339/717
f 4626/3337/729 4628/3339/717 4629/3340/717
f 4629/3340/717 4628/3339/717 4630/3353/717
f 4629/3340/717 4630/3353/717 4631/3354/717
s 0
f 4632/3355/704 4633/3356/704 4634/3357/704
f 4632/3355/704 4634/3357/704 4635/3358/704
s 1
f 4636/3354/705 4637/3353/705 4603/3339/705
f 4636/3354/705 4603/3339/705 4602/3340/705
s 0
f 4638/3359/703 4639/3360/703 4640/3361/703
f 4638/3359/703 4640/3361/703 4641/3362/703
s 1
f 4643/3363/709 4647/3364/709 4642/3365/709
s 0
f 4647/3364/709 4643/3363/709 4646/3366/709
f 4646/3366/709 4643/3363/709 4645/3367/709
f 4645/3367/709 4643/3363/709 4644/3368/709
s 1
f 4649/3369/706 4653/3370/706 4648/3371/706
s 0
f 4653/3370/706 4649/3369/706 4652/3372/706
f 4652/3372/706 4649/3369/706 4651/3373/706
f 4651/3373/706 4649/3369/706 4650/3374/706
o Object_101
v 29.978905 5.416357 -9.573095
v 29.726980 5.164433 -9.573095
v 29.726980 5.164433 -9.950981
v 29.978905 5.416357 -9.950981
v 25.948128 5.416357 -5.920204
v 25.948128 5.164433 -6.172127
v 26.326012 5.164433 -6.172127
v 26.326012 5.416357 -5.920204
v 22.421196 5.416357 -9.950981
v 22.673120 5.164433 -9.950981
v 22.673120 5.164433 -9.573095
v 22.421196 5.416357 -9.573095
v 26.326012 5.416357 -13.477911
v 26.326012 5.164433 -13.225986
v 25.948128 5.164433 -13.225986
v 25.948128 5.416357 -13.477911
vn 0.7071 -0.7071 -0.0000
vn -0.0000 -0.7071 0.7071
vn -0.7071 -0.7071 -0.0000
vn -0.0000 -0.7071 -0.7071
vt 29.750000 -8.500000
vt 29.500000 -8.500000
vt 29.500000 -8.875000
vt 29.750000 -8.875000
vt 25.750000 -4.875000
vt 25.750000 -5.125000
vt 26.125000 -5.125000
vt 26.125000 -4.875000
vt 22.250000 -8.875000
vt 22.500000 -8.875000
vt 22.500000 -8.500000
vt 22.250000 -8.500000
vt 26.125000 -12.375000
vt 26.125000 -12.125000
vt 25.750000 -12.125000
vt 25.750000 -12.375000
s 0
usemtl material_37_97
f 4658/3375/730 4659/3376/730 4660/3377/730
f 4658/3375/730 4660/3377/730 4661/3378/730
f 4662/3379/731 4663/3380/731 4664/3381/731
f 4662/3379/731 4664/3381/731 4665/3382/731
f 4666/3383/732 4667/3384/732 4668/3385/732
f 4666/3383/732 4668/3385/732 4669/3386/732
f 4670/3387/733 4671/3388/733 4672/3389/733
f 4670/3387/733 4672/3389/733 4673/3390/733
